Artifact_Name,Museum_Name,Artifact_Type,Material,Period_Dating,Finding_Place,Gallery_No,Dimensions,Credit_Donor,Description,Image_URL,Source_Link
Sword of Nawab Siraj-ud-Daulah,Bangladesh National Museum,Weapon,Steel,18th century (d. 1757),Murshidabad,Arms Gallery,,,"Sword linked to the last independent Nawab of Bengal, symbol of resistance against British East India Company. The blade is steel with a curved form typical of 18th-century Indo-Persian swords. Its association with Siraj-ud-Daulah makes it a powerful emblem of the Battle of Plassey and the beginning of colonial rule in the Indian subcontinent.",https://drive.google.com/file/d/14VzqRxSXXCY45aqIlkN96CEQOcrl2gm0/view?usp=sharing,https://bangladeshmuseum.gov.bd/pages/photo-galleries/%E0%A7%A7%E0%A7%A6%E0%A7%A6-%E0%A6%A8%E0%A6%BF%E0%A6%B0%E0%A7%8D%E0%A6%A6%E0%A6%B6%E0%A6%A8-%E0%A6%B8%E0%A6%82%E0%A6%96%E0%A7%8D%E0%A6%AF%E0%A6%BE-360f62-6922dda281fc96cef9ec0e6e 
Cannon of Isa Khan,Bangladesh National Museum,Weapon,Bronze,16th century (1575–1599),Sonargaon,Arms Gallery,Large field cannon,,"Used by Isa Khan against Mughal forces, emblem of Bengal’s independence. This bronze cannon is a massive piece of artillery, cast with decorative rings and possibly inscriptions. Isa Khan was a leader of the Baro-Bhuiyan confederacy who resisted Mughal expansion into Bengal. The cannon represents the fierce resistance and military capability of the region before it came under full Mughal control.",https://drive.google.com/file/d/1LA7dq8ChaVnssHV2YvA4YKVAUfVMdvKD/view?usp=sharing,https://bangladeshmuseum.gov.bd/pages/photo-galleries/%E0%A7%A7%E0%A7%A6%E0%A7%A6-%E0%A6%A8%E0%A6%BF%E0%A6%B0%E0%A7%8D%E0%A6%A6%E0%A6%B6%E0%A6%A8-%E0%A6%B8%E0%A6%82%E0%A6%96%E0%A7%8D%E0%A6%AF%E0%A6%BE-360f62-6922dda281fc96cef9ec0e6e
Helmet of bengal sultanate-kuludh kha,,Armor / Headgear,Forged Steel with chainmail aventail,"13th–16th century CE (Bengal Sultanate, 1205–1576 CE)",Bengal (exact provenance unrecorded; acquired through historical Bengal collections),Arms Gallery,,,"A steel combat helmet of the kulah khud type, representing the military material culture of the independent Bengal Sultanate. The skull is formed by hand-hammering a single piece of steel into a hemispherical dome with a pointed or slightly conical top, a form derived from Central Asian and Persian military traditions that entered Bengal through Turkic and Afghan rulers during the early Sultanate period. The exterior surface bears engraved or chiseled floral and geometric decoration, with a band of Quranic or Persian calligraphic inscriptions running along the lower rim in naskh or nasta'liq script — a standard feature of high-status Islamic military equipment of the period. A central spike socket (mighfer) surmounts the dome, flanked by one or two plume holders for ceremonial egret feathers. A riveted chainmail aventail (bargustawan) hangs from the lower edge, originally covering the neck, shoulders, and sides of the face. A sliding nasal bar is attached at the front. The interior retains visible hammer marks from its manufacture. The helmet reflects the synthesis of Central Asian, Persian, and local Bengali metalworking traditions that characterized Sultanate-era arms production in Bengal, and stands as one of the few surviving pieces of military headgear from this period held in a Bangladeshi public collection.",https://drive.google.com/file/d/1TAEz1Zp-aJQJgFuV0tGa6L2IJYkcwvJC/view?usp=sharing,https://commons.wikimedia.org/wiki/File:Bengal_Sultanate_helmet.jpg
Gold Coins of Bengal Sultans,Bangladesh National Museum,Coin,Gold,1205–1538 CE,Pandua/Gaur/Satgaon,Numismatics Gallery,"~10–15 mm, ~10.5 g",Acquired via Dacca Museum collections,"Coins inscribed with ruler’s name, Islamic phrases, mint city; ornate calligraphy. These gold dinars and tankas were struck by various sultans of the independent Bengal Sultanate, including rulers like Ghiyasuddin Iwaz Shah, Shamsuddin Ilyas Shah, and Alauddin Hussain Shah. The coins feature elegant Arabic script and sometimes the Bengali date. They reveal the economic prosperity and political sovereignty of medieval Bengal.",https://drive.google.com/file/d/1r8KZmHNfjrVeiR1T3hBTLGuU529NOk2Z/view?usp=sharing,https://bangladeshmuseum.gov.bd/pages/photo-galleries/%E0%A7%A7%E0%A7%A6%E0%A7%A6-%E0%A6%A8%E0%A6%BF%E0%A6%B0%E0%A7%8D%E0%A6%A6%E0%A6%B6%E0%A6%A8-%E0%A6%B8%E0%A6%82%E0%A6%96%E0%A7%8D%E0%A6%AF%E0%A6%BE-360f62-6922dda281fc96cef9ec0e6e
Rabindranath Tagore’s Letter,Bangladesh National Museum,Manuscript,Paper/Ink,Early 20th century,,,,Donated by private collector,"Handwritten letter by Nobel laureate poet Rabindranath Tagore. The letter is written in Bengali script on paper, likely addressed to a contemporary or discussing literary or social matters. Tagore's intimate correspondence provides insight into his thoughts, creative process, and relationships. Such manuscripts are invaluable for understanding the cultural renaissance of Bengal in the early 20th century.",,https://bangladeshmuseum.gov.bd/pages/photo-galleries/100-artifacts
Zainul Abedin’s Famine Sketches,Bangladesh National Museum,Painting/Sketch,Ink on Paper,1943 CE,Calcutta,Gallery 7,,Donated by Zainul Abedin,"Iconic sketches depicting human suffering during famine; cornerstone of modern Bangladeshi art. Zainul Abedin created a series of ink drawings in 1943 documenting the Bengal Famine. Using Chinese ink on paper, he portrayed skeletal figures, desperate crowds, and scenes of death on the streets of Calcutta. The raw, unflinching realism of these sketches shocked the world and established Abedin as a pioneering modernist artist in South Asia. These works also served as a powerful critique of British colonial policies and indifference.",https://imp-art.org/wp-content/uploads/2026/05/1.-Famine-Sketch-1943-Black-ink-on-paper-42-x-58.5-cm-Bangladesh-National-Museum-collection.jpg-1-e1778825330254.jpeg,https://imp-art.org/perspectives/dispatches/the-artist-as-witness-zainul-abedins-famine-sketches/
Nabanna (New Harvest),Bangladesh National Museum,Painting,Watercolor on Paper,c. 1950s,Rural Bengal,Gallery 7,,Artist: Zainul Abedin,"Watercolor depicting Nabanna festival celebrating new rice harvest. In this vibrant work, Abedin moves away from tragedy to celebrate the resilience of rural life. The painting shows farmers gathering ripe paddy, women cooking the first rice of the season, and the community sharing in the abundance. The composition is filled with movement and earthy colors, reflecting the cyclical nature of agricultural life and the hope that follows hardship. The Nabanna festival remains an important cultural event in Bangladesh.",https://drive.google.com/file/d/1-aIsSIeQf4dLb-z1RIFrzSn88n-nTrF7/view?usp=sharing,https://bengalfoundation.org/featured-artist/zainul-abedin-2/
Santal Village Life,Bangladesh National Museum,Painting,Watercolor on Paper,c. 1950s–1960s,Birbhum/Rajshahi,Gallery 7,,Artist: Zainul Abedin,"Depicts Santal men and women in traditional dress with dignity. Abedin was deeply interested in the indigenous Santal community of Bengal. This watercolor portrays a peaceful village scene: Santal women in red-bordered white saris carrying water pots, men in loincloths working or playing drums. Unlike ethnographic illustrations that otherize, Abedin’s treatment gives the Santals a sense of agency and humanity, celebrating their distinct culture as an integral part of Bengal’s heritage.",https://drive.google.com/file/d/1TRn5ZAWEaFtJnNSFUKo911rCXOtFLMWD/view?usp=sharing,https://bengalfoundation.org/featured-artist/zainul-abedin-2/
A descriptive catalogue of the Sanskrit and Bengali manuscripts,Bangladesh National Museum,Manuscript,Palm leaf/Paper,12th–18th century,Dhaka/Rajshahi,Manuscripts Gallery,Varying sizes,Acquired from private collections,"Rare manuscripts in Sanskrit and Bengali covering philosophy, religion, literature. The collection includes palm-leaf manuscripts of Hindu religious texts like the Bhagavata Purana, Buddhist philosophical treatises, and medical works (Ayurveda). Some are illustrated with miniature paintings. These fragile artifacts are preserved in climate-controlled cases and are crucial for studying the intellectual history of pre-modern Bengal. They also demonstrate the long tradition of manuscript culture in the region before the printing press.",https://drive.google.com/file/d/1N4jNLzHz9NNAT7zYUC099y90U1BtLq72/view?usp=sharing,https://archive.org/details/sanskrit-and-bengali-manuscripts-in-bangladesh-national-museum-pt-1/Sanskrit%20and%20Bengali%20manuscripts%20in%20Bangladesh%20National%20Museum%20Pt-1/page/62/mode/2up
Standing Vishnu Image,Bangladesh National Museum,Sculpture,Black Basalt,9th–10th century CE,Dinajpur/Rangpur,Gallery 6,,Excavation find,"Four-armed Vishnu holding conch, discus, mace, lotus. Carved from fine-grained black basalt, this Pala-period sculpture stands approximately 1 meter tall. Vishnu is shown in a rigid frontal pose (samabhanga) wearing a tall cylindrical crown (kiritamukuta). The four attributes are held in his four hands: shankha (conch), chakra (discus), gada (mace), and padma (lotus). The figure is flanked by two small attendants or personifications of his consorts, Lakshmi and Saraswati. The carving is crisp and highly polished, typical of the Pala stone carving tradition.",https://drive.google.com/file/d/1hpRaDmn9P5sUI31TUL8y7cJgdZEDy_Y2/view?usp=sharing,pdf
Varaha (Boar) Avatar,Bangladesh National Museum,Sculpture,Black Basalt,10th–12th century CE,Bangladesh,Gallery 6,,Excavation find,"Vishnu as boar rescuing earth goddess Bhudevi. This relief panel depicts the third avatar of Vishnu. The god has the body of a man and the head of a wild boar. He raises the earth goddess (personified as a small female figure) on his left tusk while trampling the serpent king Shesha. The composition is dynamic, with swirling lines suggesting the cosmic waters. Below, figures of sages and gods witness the event. The iconography follows the Vaishnava canon of the medieval period.",,https://bangladeshmuseum.gov.bd/pages/photo-galleries/100-artifacts
Durga Mahishasuramardini,Bangladesh National Museum,Sculpture,Black Basalt,10th–12th century CE,Bangladesh,Gallery 6,,Excavation find,"Durga slaying buffalo demon, lion vehicle below. This stele depicts the goddess in her most celebrated form. Durga has ten arms holding various weapons given by the gods: trident, discus, sword, bow, arrow, mace, shield, conch, noose, and a drinking cup. Her lion leaps onto the buffalo demon Mahishasura, who emerges from the slain animal’s neck. Durga’s trident pierces the demon’s chest. The relief is filled with energy and dramatic tension, symbolizing the triumph of good over evil.",,https://bangladeshmuseum.gov.bd/pages/photo-galleries/100-artifacts
Kali Fierce Goddess,Bangladesh National Museum,Sculpture,Black Basalt,11th–12th century CE,Bangladesh,Gallery 6,,Excavation find,"Kali standing on Shiva, garland of heads, skirt of arms. This fearsome sculpture of the goddess Kali shows her in her cremation ground aspect. She stands on the prone body of her consort Shiva, who lies calmly on a lotus. Kali has four arms: one holds a sword, another a severed head, the lower two make gestures of blessing and reassurance. She wears a garland of fifty human heads and a skirt of severed arms. Her eyes are bulging, and her tongue protrudes. The sculpture is a profound expression of tantric philosophy, where destruction and creation are intertwined.",,https://bangladeshmuseum.gov.bd/pages/photo-galleries/100-artifacts
Ganesha Elephant God,Bangladesh National Museum,Sculpture,Black Basalt,10th–12th century CE,Bangladesh,Gallery 6,,Excavation find,"Ganesha seated with rat vehicle, potbelly, holding axe, noose. This well-preserved sculpture shows Ganesha in a lalitasana (relaxed seated pose) on a lotus pedestal. His vahana (vehicle), a bandicoot rat, is depicted nibbling on a sweet at the base. Ganesha’s four hands hold a broken tusk, a noose (pasha), an axe (parashu), and a bowl of sweets. His trunk curls to the left to reach the sweets. The elephant-headed god is beloved as the remover of obstacles and the lord of beginnings. The carving displays the characteristic softness and fleshiness of Pala art.",https://drive.google.com/file/d/1MJHD_I-Sn7PZUNiGnhfyNQfTyDni4zXY/view?usp=sharing,https://bangladeshmuseum.gov.bd/pages/photo-galleries/100-artifacts
Parasurama Avatara,Bangladesh National Museum,Sculpture,Black Basalt,c. 11th century CE,"Tongibari, Dhaka",History and Classical Art,82.55 × 40.64 cm,Excavation find,"Parasurama (Sanskrit: ""Rama with the Axe"") is the sixth of the ten avatars (Dashavatara) of Vishnu, representing the warrior-brahmin who rid the earth of the kshatriya class twenty-one times. This blackstone sculpture, carved in approximately the 11th century CE and discovered at Tongibari, Dhaka, depicts the four-armed god standing in tribhanga — the classical three-bend contrapposto pose of Indian sculpture — on a visvapadma, a fully bloomed lotus pedestal.",https://drive.google.com/file/d/1ZnuWTe6bBJgY0OH-ym3XuCzngyme8wNN/view?usp=sharing,https://www.facebook.com/profile.php?id=100087149261578 
Mahamaya,Bangladesh National Museum,Hindu Sculpture — Shaiva / Shakta,Black Basalt,11th–12th century CE (Sena period),"Kagajipara, Vikrampur, Munshiganj District",History and Classical Art,,,"The four-armed goddess is depicted seated in padmasana (lotus posture) or vajrasana on a lotus throne, her body frontal and perfectly composed in deep meditation. The two front hands rest joined in her lap in dhyana-mudra — the gesture of meditative absorption, both palms open and resting one upon the other, the universal hand gesture of concentrated inner stillness. This is the central visual statement of the entire sculpture: the supreme goddess, in all her cosmic power, choosing the posture of meditation — of inward withdrawal from the phenomenal world — before the Shiva-linga that rises massively before her.

The linga is depicted at a scale that makes it the dominant vertical element of the lower composition — deliberately monumental, establishing Shiva's presence as the object of the goddess's devotion even in his unanthropomorphic, purely symbolic form. The relationship between the meditating goddess and the linga encodes the entire theology of Shaiva-Shakta non-dualism: Shiva and Shakti are inseparable — she is the power by which he acts, he is the consciousness in which she subsists, and her meditation before his linga is simultaneously an act of devotion and a self-recognition.

In the upper right hand she holds an akshamala — a rosary of prayer beads — the attribute of continuous japa (silent recitation of the divine name), linking her meditation to the devotional practices of human worshippers below. In the upper left hand she holds a pustaka — a manuscript or book — identifying her simultaneously with divine knowledge (jnana), the preservation of sacred learning, and the goddess Sarasvati's domain of wisdom and speech. This combination of dhyana-mudra, akshamala, and pustaka in a Shaiva goddess image is iconographically unusual and accounts for much of the scholarly debate over identification.

The back-slab is elaborately carved in the dense, richly populated Southeast Bengal style, consistent with the Vikramapura school's characteristic treatment of the sculptural field as a complete cosmological assembly. The face — as described by Banglapedia — carries half-closed eyes, beautifully carved eyebrows, and lips invested with a serene and sublime grace hardly matched in any other sculpture of the period. The Sena period's characteristic tendency toward fuller, more sensuous facial modelling — departing from the restrained meditative composure of the earlier Pala school — is here elevated to a standard of refined perfection",https://drive.google.com/file/d/1FDuXYMxgZdZCrum75rZEeGjpB-JfRv0F/view?usp=sharing,https://en.banglapedia.org/index.php/Iconography
Sculpture of Sheikh Mujibur Rahman,Bangladesh National Museum,Sculpture,Bronze,Post-1971,Dhaka,Modern Gallery,,,,https://upload.wikimedia.org/wikipedia/commons/3/36/Composition_by_Novera_Ahmed.jpg,https://dailyasianage.com/news/37319/national-museum-displays-new-collections-of-artefacts
Famine Sketch — Dead Bodies on Riverbank,Bangladesh National Museum,Painting/Sketch,Ink on Paper,1943 CE,Calcutta,Gallery 7,,Artist: Zainul Abedin,,https://imp-art.org/wp-content/uploads/2026/05/3.-Famine-Sketch-1943-Black-ink-on-paper-46-x-57-cm-Bangladesh-National-Museum-collection.jpg-1-1024x805.jpeg,https://imp-art.org/perspectives/dispatches/the-artist-as-witness-zainul-abedins-famine-sketches/
Famine Sketch — Man Lying Face Down,Bangladesh National Museum,Painting/Sketch,Ink on Paper,1943 CE,Calcutta,Gallery 7,,Artist: Zainul Abedin,,https://imp-art.org/wp-content/uploads/2026/05/3.-Famine-Sketch-1943-Black-ink-on-paper-46-x-57-cm-Bangladesh-National-Museum-collection.jpg-1-1024x805.jpeg,https://imp-art.org/perspectives/dispatches/the-artist-as-witness-zainul-abedins-famine-sketches/
Rural Bengal — Bullock Cart Scene,Bangladesh National Museum,Painting,Watercolor on Paper,c. 1950s–1960s,Rural Bengal,Gallery 7,,Artist: Zainul Abedin,,,https://imp-art.org/perspectives/dispatches/the-artist-as-witness-zainul-abedins-famine-sketches/
Rural Bengal — Women at Work,Bangladesh National Museum,Painting,Watercolor on Paper,c. 1950s–1960s,Rural Bengal,Gallery 7,,Artist: Zainul Abedin,,,https://bangladeshmuseum.gov.bd/pages/photo-galleries/100-artifacts
Bengal Landscape — River Scene,Bangladesh National Museum,Painting,Watercolor on Paper,c. 1950s–1960s,Bangladesh,Gallery 7,,Artist: Zainul Abedin,,,https://bangladeshmuseum.gov.bd/pages/photo-galleries/100-artifacts
GARUDA,Bangladesh National Museum,Sculpture,Black basalt,11th Century,"Chakhar, Barisal",,Ht. 63.5 cm,Mr. Enayet Karim,"Garuda, the divine eagle-vehicle (vahana) of Vishnu, is depicted in Indian sculptural tradition as a powerful winged male figure with an eagle's beak and round eyes. His mythology is elaborated in the first book of the Mahabharata: he was the son of the sage Kashyapa by Vinata, daughter of Daksha. Vinata had lost her freedom to Kadru — Kashyapa's other wife and mother of the serpents — in a wager, and was serving as Kadru's slave at the time of Garuda's birth. The serpents promised to free Vinata if Garuda brought them the elixir of immortality (amrita) from heaven. In accomplishing this task Garuda carried an enormous burden through the sky — from which derives his name: guru (heavy) and ura (flying). After a fierce battle with the gods, while returning with the amrita, he encountered Vishnu. Vishnu was so pleased by Garuda's extraordinary self-restraint — that he had not tasted the amrita even when it was within his grasp — that a mutual exchange of boons followed: Garuda received immortality without drinking the amrita and was granted a place above Vishnu on the flagstaff, while Vishnu received him as his eternal mount. Garuda's two other well-known names, Garutmat and Suparna, are found in the Rigveda, and the story of his conquest of the amrita is itself of Vedic origin.",https://drive.google.com/file/d/1g8o4UtQ0j7JA7mcR2JrGyIBmZ5whObd6/view?usp=sharing,https://bangladeshmuseum.gov.bd/pages/photo-galleries/100-artifacts
Standing Vishnu Image — Pala Period,Bangladesh National Museum,Sculpture,white,9th–10th century CE,Dinajpur/Rangpur,Gallery 6,,Excavation find,,https://drive.google.com/file/d/1Hwfmu-6iTicDYkFfDmyvY91zgK2VoqK3/view?usp=sharing,https://bangladeshmuseum.gov.bd/pages/photo-galleries/100-artifacts
Vishnu Anantasayin (Reclining Vishnu),Bangladesh National Museum,Hindu sculpture,Black Basalt,10th century CE (Pala period),"Joradeul, Munshiganj",Pre-Islamic Art and Sculpture Gallery,Height 82 cm,,"This sculpture represents Vishnu in a standing posture (samapadasana) upon a lotus pedestal, carved in the characteristic Pala school of art style. Vishnu is adorned with a tall crown and regal ornaments — earrings, necklaces, armlets, and waist-belt — reflecting divine kingship. His four hands hold the traditional attributes:

Shankha (conch) — symbol of primordial sound and creation.

Chakra (discus) — emblem of cosmic order and destruction of evil.

Gada (mace) — representing strength and mental power.

Padma (lotus) — signifying purity and spiritual liberation.

Flanking Vishnu are his two consorts: Lakshmi, goddess of wealth and beauty, seated on a lotus, and Saraswati, goddess of knowledge and music, also seated on a lotus. The back-slab (chaalchitra) is richly carved with a kirtimukha (lion face) at the top to ward off evil, flying celestial beings (gandharvas) offering praise, and a long garland (vanamala) cascading down Vishnu’s body.",https://drive.google.com/file/d/1aH_ABfZFTGvgbyevspD6GCMYd2piDuao/view?usp=sharing,https://bangladeshmuseum.gov.bd/pages/photo-galleries/100-artifacts
Vishnu Trivikrama (Three-Step Vishnu),Bangladesh National Museum,Hindu sculpture,Black Basalt,10th century CE (Pala period),"Joradeul, Munshiganj","Gallery 5,Pre-Islamic Art and Sculpture Gallery",Height 98 cm,,"This rare sculpture portrays Vishnu in his Vamana (Trivikrama) incarnation, the dwarf who expands to cosmic size to subdue King Bali. Vishnu is shown with one leg raised, symbolizing his cosmic stride across the universe. He holds the mace and discus, emphasizing divine power and cosmic order. The carving style is typical of the Pala dynasty, with elaborate detailing on ornaments, crown, and body posture. The myth behind this form narrates how Vishnu, as the dwarf Brahmin, asked Bali for three steps of land, then expanded to measure earth, heaven, and finally placed his foot on Bali’s head, sending him to the underworld. This sculpture embodies both mythological narrative and artistic mastery, representing Vishnu’s role as preserver of cosmic balance.",https://drive.google.com/file/d/1pjNc_Oj-6VXzIflkaPfslxr471ASbquZ/view?usp=sharing,https://bangladeshmuseum.gov.bd/pages/photo-galleries/100-artifacts
Vishnu Narasimha (Man-Lion Avatar),Bangladesh National Museum,Sculpture,Black Basalt,10th century CE,"Sebait Kali Mandir, Vikramapura,Munshiganj",Gallery 6,85.09 52.07 cm,"Sri Krishna Kanti, Chakrabarti, Sebait Kali Mandir, Munshiganj",,https://drive.google.com/file/d/1OaY677HeQNbobQ7fLiuKMrJOD2nOZvba/view?usp=sharing,https://www.facebook.com/100087149261578/posts/%E0%A6%AC%E0%A6%BF%E0%A6%B7%E0%A7%8D%E0%A6%A3%E0%A7%81-%E0%A6%AA%E0%A6%B0%E0%A7%8D%E0%A6%AC-%E0%A7%A7%E0%A7%A8-narasimha%E0%A6%A8%E0%A7%83%E0%A6%B8%E0%A6%BF%E0%A6%82%E0%A6%B9-%E0%A6%85%E0%A6%AC%E0%A6%A4%E0%A6%BE%E0%A6%B0-narasimha-is-not-just-a-mythological-being-/968418919406408/
Akshobhya,Bangladesh National Museum,Hindu Sculpture,Black Basalt,10th century CE,Bangladesh,Gallery 6,102 cm,"Ujani, Gopalganj",,https://drive.google.com/file/d/1485U3wdXScNj53AZlGMBIksWMVEdj-t9/view?usp=sharing,https://bangladeshmuseum.gov.bd/pages/photo-galleries/100-artifacts
Shiva Linga with Face,Bangladesh National Museum,Sculpture,Black Basalt,10th–12th century CE,Bangladesh,Gallery 6,,,,,https://bangladeshmuseum.gov.bd/pages/photo-galleries/100-artifacts
Umamaheshvara Panel (Shiva and Parvati),Bangladesh National Museum,Sculpture,Black Basalt,10th–11th century CE,Joradeul (Dhaka),Gallery 6,,Excavation find,"Maheshvara is either two-or four-armed, Uma is two-armed. Maheshvara’s bull is shown below his right foot, Uma’s lion below her left foot.
The10th-11th century image from Joradeul (Dhaka), now in BNM, is an excellent two-armed Maheshvara holding a small flower in the right hand and pressing the left breast of Uma with the left hand. Both the deities are shown inside a cave, perhaps indicating Mount Kailasa, and on top in the middle a meditative Shiva is shown with his bull and other deities. An illustration of trixula intertwined with a snake is at the right side of Shiva.",https://drive.google.com/file/d/1GJaMLzlT5Rnhcdfa6mYB9JfAFD8Bx8gX/view?usp=sharing,https://en.banglapedia.org/index.php/Iconography
Shiva as Lakulisa (Yogi Form),Bangladesh National Museum,Sculpture,Black Basalt,10th–12th century CE,Bangladesh,Gallery 6,,Excavation find,,,https://bangladeshmuseum.gov.bd/pages/photo-galleries/100-artifacts
Surya (Sun God) — Pala Period,Bangladesh National Museum,Sculpture,Black Basalt,9th–11th century CE,Bangladesh,Gallery 6,,Excavation find,,https://drive.google.com/file/d/1xj-y1hlCa-Km1O_D5wfmzmZr2ras2IOP/view?usp=sharing,https://bangladeshmuseum.gov.bd/pages/photo-galleries/100-artifacts
Mahishasuramardini Durga,Bangladesh National Museum,Sculpture,Black Basalt,10th–12th century CE,Bangladesh,Gallery 6,,Excavation find,,https://drive.google.com/file/d/1FtggVoQzHe_xliiNzgGU3KfXHoZUonXC/view?usp=sharing,https://bangladeshmuseum.gov.bd/pages/photo-galleries/100-artifacts
Kali — Fierce Goddess,Bangladesh National Museum,Sculpture,Black Basalt,11th–12th century CE,Bangladesh,Gallery 6,,Excavation find,,,https://bangladeshmuseum.gov.bd/pages/photo-galleries/100-artifacts
Ganesha — Elephant-Headed God,Bangladesh National Museum,Sculpture,Black Basalt,10th–12th century CE,Bangladesh,Gallery 6,,Narayanpur (Comilla),,https://drive.google.com/file/d/1YMkdhTesnKKl_mdoFw8m54LpJgdKpvuj/view?usp=sharing,https://en.banglapedia.org/index.php/Iconography
Saraswati — Goddess of Learning,Bangladesh National Museum,Sculpture,Black Basalt,10th–12th century CE,Bangladesh,Gallery 6,,Excavation find,"Depicts Saraswati seated on lotus, holding vina and book. A variant of ID 15, this Saraswati has a slightly different arrangement of her arms. The vina is held higher, and her lower right hand is in the vitarka mudra (teaching gesture). The book (pustaka) is shown as a bound manuscript. The pedestal includes not only the swan but also two female attendants playing drums. The background arch is carved with flying celestial beings (vidyadharas) offering garlands. This sculpture is more elaborate than the previous one, suggesting it might have been the main icon of a larger Saraswati temple. The refinements of the carving—the folds of the sari, the curls of hair, the strings of the vina—are exceptionally fine.",https://drive.google.com/file/d/1Hg8iIhbY6jWIivqSXBVN0YOln-6NbdpE/view?usp=sharing,https://bangladeshmuseum.gov.bd/pages/photo-galleries/100-artifacts
Karttikeya (Skanda) — God of War,Bangladesh National Museum,Sculpture,Black Basalt,10th–12th century CE,Bangladesh,Gallery 6,,Excavation find,"Depicts Karttikeya with six heads, riding peacock, holding spear. Karttikeya, also known as Murugan or Skanda, is the son of Shiva and Parvati and the commander of the celestial army. This sculpture shows him with six heads (shadanan), though only three are visible in the relief. He rides a peacock, whose feathers are carved with great detail. His primary hand holds a spear (shakti), the weapon given by his mother Parvati. His other hands hold a cock (his banner) and a vajra-like club. The six heads represent his six aspects and are arranged in a honeycomb pattern. This icon is rare in Bengal because Karttikeya worship was more common in South India. Its presence indicates the spread of pan-Indian Hindu traditions.",,https://bangladeshmuseum.gov.bd/pages/photo-galleries/100-artifacts
Manasa — Snake Goddess Stele,Bangladesh National Museum,Sculpture,Black Basalt,11th–12th century CE,Bangladesh,Gallery 6,,Excavation find,"Depicts Manasa seated on lotus with seven-hooded snake canopy. Manasa is the folk goddess of snakes, widely worshipped in Bengal to cure snakebites and ensure fertility. This stele shows Manasa in a rare sculptural form, as most images of her are clay or metal. She sits on a lotus, her two arms holding a snake in each hand. Above her, a seven-hooded cobra spreads its hoods like a canopy. Two female attendants stand on either side, each holding a pot of milk (an offering to snakes). The base includes worshippers offering eggs and milk. This sculpture blends high Hindu iconographic convention with local folk religion, illustrating how Bengal’s art accommodated diverse belief systems.",https://drive.google.com/file/d/1jCOvTE1_eXEpyKRBH6-_abbevQ4SBy5i/view?usp=sharing,https://bangladeshmuseum.gov.bd/pages/photo-galleries/100-artifacts
Chamunda — Fierce Mother Goddess,Bangladesh National Museum,Sculpture,Black Basalt,10th–12th century CE,"Rampal, Munshiganj",Gallery 6,,Excavation find,"Depicts Chamunda, emaciated goddess dancing on corpse with skull garland. Chamunda is a form of the goddess Durga/Kali associated with cremation grounds and disease (specifically smallpox). This sculpture shows her as an emaciated old woman with sagging breasts, a sunken belly, and a skeletal face. She dances on a corpse, holding a skull-topped staff (khatvanga) and a noose. Her hair stands on end, and she wears a garland of skulls. Flames emanate from her body. This terrifying form was meant to scare away evil spirits and disease. Worshippers would offer blood sacrifices to appease her. The sculpture is carved with extreme realism, particularly in the depiction of emaciation, making it one of the most unsettling yet artistically powerful pieces in the collection.",https://drive.google.com/file/d/1T0DbHhJeiswWUHukR8uSIrd6If9S4QMn/view?usp=sharing,https://objectstorage.ap-dcc-gazipur-1.oraclecloud15.com/n/axvjbnqprylg/b/V2Ministry/o/office-bangladeshmuseum/2024/12/d8f59799807c417ca53fe13cf4d9a538.pdf
Saptamatrka (Seven Mother Goddesses) Panel,Bangladesh National Museum,Sculpture,Black Basalt,10th–12th century CE,Bangladesh,Gallery 6,,Excavation find,"Panel depicting seven mother goddesses flanked by Shiva and Ganesha. The Saptamatrikas are seven mother goddesses who are the shaktis (energies) of major male gods: Brahmi (Brahma), Maheshvari (Shiva), Kaumari (Karttikeya), Vaishnavi (Vishnu), Varahi (Varaha), Indrani (Indra), and Chamunda (Durga). This long frieze shows all seven seated in a row, each with their distinctive attributes and vehicles. On the far left is Ganesha, and on the far right is a fierce form of Shiva called Virabhadra. The panel likely came from the lintel of a temple dedicated to the mother goddesses. Such panels were used for fertility rituals and to protect the community from harm. The carving is in low relief but each figure is distinct.",,https://bangladeshmuseum.gov.bd/pages/photo-galleries/100-artifacts
Lakshmi-Narayana (Vishnu with Lakshmi),Bangladesh National Museum,Sculpture,Black Basalt,10th–12th century CE,Bangladesh,Gallery 6,,Excavation find,"Depicts divine couple Lakshmi and Vishnu seated together. This is the Vaishnava counterpart to the Umamaheshvara panel. Vishnu (Narayana) and his consort Lakshmi sit on a lotus throne. Vishnu has four arms holding his attributes, while Lakshmi has two arms, one holding a lotus and the other resting on Vishnu’s arm. Below them are their respective vehicles: Garuda (the eagle) for Vishnu, and two elephants (representing abundance) for Lakshmi. The composition symbolizes prosperity and preservation. The carving is more rounded and fleshy compared to the Shaiva panel, reflecting the different aesthetic ideals of Vaishnava iconography. The elephants are shown pouring water from pots, a classic motif from the Abhisheka Lakshmi imagery.",,https://bangladeshmuseum.gov.bd/pages/photo-galleries/100-artifacts
Nandi (Shiva’s Bull),Bangladesh National Museum,Sculpture,Black Basalt,10th–12th century CE,Bangladesh,Gallery 6,,Excavation find,"Depicts sacred bull vehicle of Shiva, seated or reclining. This life-size or near-life-size sculpture of Nandi is one of the largest stone animal sculptures in the museum. The bull is shown in a relaxed, seated posture with legs tucked under, head held high, and a hump on the neck. A bell hangs from the neck. The carving emphasizes the animal’s strength and tranquility. Nandi sculptures were placed facing the sanctum in every Shiva temple, serving as the gatekeeper and the devoted listener (it is believed that if you whisper your prayers in Nandi’s ear, he will convey them to Shiva). This particular example has a smooth polish and shows minimal wear, indicating it was housed indoors for centuries.",https://drive.google.com/file/d/1Xx6sRu6rFGqOOFeHSj_Qu12Jk1h_LP4d/view?usp=sharing,https://bangladeshmuseum.gov.bd/pages/photo-galleries/100-artifacts
Dvarapala (Door Guardian),Bangladesh National Museum,Sculpture,Black Basalt,10th–12th century CE,Bangladesh,Gallery 6,,Excavation find,"Depicts armed warrior figure placed at temple entrances. Dvarapalas are fearsome guardian figures placed on either side of temple doors to ward off evil. This sculpture shows a stout, muscular figure wielding a large club (gada). His face is fierce with bulging eyes, flared nostrils, and a mustache. He wears a short dhoti, heavy jewelry, and a crown. One hand is on his hip, the other holds the club. The posture is one of alert readiness. This dvarapala likely formed a pair with a mirror-image counterpart now lost. The carving emphasizes bulging muscles and a sense of raw power. Such guardians were carved from the same black basalt as the main deity and were an integral part of the temple’s iconographic program.",,https://bangladeshmuseum.gov.bd/pages/photo-galleries/100-artifacts
Ganga-Yamuna Figural Bracket,Bangladesh National Museum,Sculpture,Black Basalt,11th–12th century CE,Bangladesh,Gallery 6,,Excavation find,"Depicts river goddesses Ganga and Yamuna on mounts crocodile and tortoise. These bracket figures were used as architectural supports under the eaves of temples. The goddess Ganga stands on a crocodile (makara), and the goddess Yamuna stands on a tortoise (kurma). Both hold pots of water and lotus flowers. Their bodies are sensuously carved, with curved hips and elaborate jewelry. The figures are not freestanding but are carved in high relief against a slab that would have been attached to the temple wall. These goddesses are placed at the entrance of temples to purify the worshipper, symbolizing the sacred rivers of North India. Their presence in Bengal temples shows the spread of Ganges-Yamuna imagery from the heartland.",,https://bangladeshmuseum.gov.bd/pages/photo-galleries/100-artifacts
Salabhanjika (Female Figure on Tree),Bangladesh National Museum,Sculpture,Black Basalt,10th–12th century CE,Bangladesh,Gallery 6,,Excavation find,"Depicts female figure grasping tree branch, symbol of fertility. A salabhanjika is a female figure standing under a tree, holding a branch. The pose is highly stylized: the figure bends at the waist, one leg crossed over the other, arms reaching up to a flowering tree. This iconography originated from the ancient belief that women touching tree branches could cause the tree to flower (fertility magic). In temples, such figures were placed on pillars or walls as auspicious symbols. This particular salabhanjika has a playful expression, and the tree is rendered with dense foliage. Her jewelry and textiles are intricately carved. The figure’s nudity above the waist is typical for such auspicious female figures in medieval Indian art.",,https://bangladeshmuseum.gov.bd/pages/photo-galleries/100-artifacts
Gaja-Lakshmi (Gajalakshmi / Lakshmi Flanked by Elephants),Bangladesh National Museum,Sculpture,Black Basalt,c. 8th–9th century CE (early Pala period),"Jora Deul site, Rajshahi District, North Bengal",Gallery 6( History and Classical Art),,Excavation find,"Gaja-Lakshmi — gaja meaning elephant and Lakshmi the goddess of prosperity, fortune, and auspiciousness — is one of the oldest and most continuously reproduced sacred images in the entire Indian artistic tradition, appearing first on the railings of the Buddhist stupa at Sanchi (c. 1st century BCE) and persisting unbroken through the Pala period and beyond. The image encodes a precise theological idea: Lakshmi standing or seated at the cosmic centre, flanked symmetrically by two royal elephants who pour water or amrita (immortal nectar) over her head from raised vessels (kalasha) or from their trunks — an act of divine consecration (abhisheka) that simultaneously identifies her as the supreme goddess worthy of royal anointing and as the source of all abundance that flows from that anointing into the world.

In this sculpture, the goddess stands gracefully at the centre in a gentle tribhanga pose — the characteristic three-bend stance of classical Indian sculpture — her weight distributed with elegant composure. She holds lotus flowers (padma) in her raised hands, the lotus being her primary attribute and the symbol of purity, divine origin, and inexhaustible fertility. Her face carries the serene, inward-looking expression characteristic of the early Pala school — a subtle smile, half-closed eyes conveying meditative contentment rather than outward engagement, a face of composed divine authority. The ornamentation is carefully executed: a beaded necklace, armlets, a girdle with pendant ornaments, and ankle bangles are rendered with the minute attention to jewellery detail that defines North Bengal Pala carving, though the early Pala style retains a softness and restraint in these ornamental elements compared to the more lavish later 11th–12th century pieces.

The two flanking elephants are shown rearing or standing on either side, their trunks raised and curved toward the goddess, each pouring water from a vessel — the abhisheka stream falling over her head in the ancient consecration gesture that confers sovereignty and divine legitimacy. This bilateral symmetry creates the perfectly balanced, stable composition that makes the Gaja-Lakshmi image one of the most visually satisfying in all of Bengal's sculptural tradition. The elephants also carry their own iconographic weight: as symbols of the cardinal directions (dik-gaja), their presence implies that Lakshmi's sovereignty extends to all four corners of the universe.",https://drive.google.com/file/d/15cLxg-nRASCkF03udphyNG4g3vfX5xvL/view?usp=sharing,https://bangladeshmuseum.gov.bd/pages/photo-galleries/100-artifacts
Shiva-Parvati Riding Nandi,Bangladesh National Museum,Sculpture,Black Basalt,11th–12th century CE,Bangladesh,Gallery 6,,Excavation find,"Depicts Shiva and Parvati seated together on bull Nandi. This unusual sculpture shows the divine couple not on a lotus throne but riding their vahana, the bull Nandi. Shiva sits in front, holding a trident and a drum. Parvati sits behind him, her arms around his waist. Nandi is shown walking, with all four legs visible. The composition is more dynamic than the static seated panels, suggesting movement and travel. This might represent the couple’s procession during festivals when temple icons were taken out on chariots. The carving is less formal than other pieces, with a folk-art quality that suggests it might have been made for a smaller, rural temple. The faces are round and cheerful.",,https://bangladeshmuseum.gov.bd/pages/photo-galleries/100-artifacts
Buddha Head — Pala Period,Bangladesh National Museum,Sculpture,Black Basalt,9th–11th century CE,Bangladesh,Gallery 6,,Excavation find,"Head of Buddha with serene expression, refined Pala style. This fragment is only the head of a Buddha statue, but it is one of the finest examples of Pala Buddhist sculpture. The Buddha’s face is oval with a calm, downcast gaze (half-closed eyes in meditation). The lips are full and slightly curved in a faint smile. The ears are elongated with empty earlobes (from princely earrings he renounced). The hair is arranged in tight spiral curls ending in a pointed ushnisha (cranial bump). The forehead bears the urna (a dot signifying wisdom). The polish is so fine that the stone feels like soap. This head, though detached from its body, conveys an extraordinary sense of peace and transcendence, reflecting the Buddhist ideal of nirvana.",https://upload.wikimedia.org/wikipedia/commons/thumb/d/d9/National_Museum_Dhaka6.jpg/640px-National_Museum_Dhaka6.jpg,https://bangladeshmuseum.gov.bd/pages/photo-galleries/100-artifacts
Buddha in Bhumisparsha-mudra with Sapta-Ratnas,Bangladesh National Museum,Buddhist Sculpture,Black Basalt,10th century CE (Pala period),"Ujani, Faridpur District",History and Classical Art,,,"A black stone 10th-century image of the Buddha seated in bhumisparsha-mudra (earth-touching gesture — the gesture of Shakyamuni at the moment of his enlightenment) on a double-petalled lotus throne. Three branches of the Bodhi tree (Ficus religiosa) are shown rising above the figure, situating the scene at Bodh Gaya, the site of the Buddha's awakening. Two Vidyadharas (divine knowledge-bearers) each carrying a garland hover symmetrically against stylised clouds on either side of the composition — celestial witnesses to the enlightenment. The image draws particular scholarly notice for the exceptional iconographic programme of its pedestal: in front of the pedestal, alongside the double vajra (vishva-vajra — the crossed thunderbolt symbol of indestructible reality), the Seven Jewels (sapta-ratna) of a World-Conquering King (Rajachakravartin) are depicted together with offerings and the figure of the donor. The inclusion of the royal sapta-ratna — the seven precious possessions of a universal monarch: the wheel, elephant, horse, jewel, woman, general, and treasurer — alongside the Bodhi-tree enlightenment scene creates a theologically complex image equating the Buddha's spiritual sovereignty with the temporal sovereignty of the ideal world-ruler.",https://drive.google.com/file/d/1DFfPQ_OwxyJI11w8DUkGLKFDvNBv66pJ/view?usp=sharing,https://bangladeshmuseum.gov.bd/pages/photo-galleries/100-artifacts
Buddha in Samadhi-mudra under Mahabodhi Shikhara,Bangladesh National Museum,Buddhist Sculpture,Black Basalt,10th century CE (Pala period),"Ujani, Faridpur District",History and Classical Art,102 cm height,,"A large (102 cm high) black basalt image of the Buddha seated in samadhi-mudra — the meditation gesture, hands damaged — under a trefoil arch, above which rises the shikhara (tower) of a temple modelled on the Mahabodhi temple at Bodh Gaya. The Mahabodhi temple shikhara is flanked by standing Vidyadharas and devotees carved in relief, situating the meditating Buddha within the sacred architectural context of the site of his enlightenment. The trefoil arch framing the figure is a compositional device characteristic of the mature Pala period, creating a sanctuary-within-a-sanctuary effect in which the sculpture itself becomes a miniature sacred building. The size of the image — approximately life-scale from the waist upward — indicates it was a major devotional focal point of its original temple context.",,https://bangladeshmuseum.gov.bd/pages/photo-galleries/100-artifacts
Bodhisattva Vajrapani,Bangladesh National Museum,Sculpture,Black Basalt,10th–12th century CE,Bangladesh,Gallery 6,,Excavation find,"Depicts Vajrapani holding thunderbolt, protector of Buddha. Vajrapani is the bodhisattva who wields the vajra (thunderbolt) and acts as the guardian of the Buddha. In this sculpture, he is shown in a fierce, athletic pose, standing with legs apart and holding a raised vajra in his right hand. His left hand makes the tarjani mudra (threatening gesture). He wears a garland of snakes, and his hair is on fire (symbolizing his wrathful energy). Unlike the gentle Avalokiteshvara, Vajrapani is muscular and aggressive, representing the power needed to overcome obstacles on the path to enlightenment. Despite his fearsome appearance, he is a bodhisattva, meaning he uses his power not for destruction but for protection of the dharma.",,https://bangladeshmuseum.gov.bd/pages/photo-galleries/100-artifacts
Astamahabhaya-Tara — Tara Rescuing from Eight Great Perils (Inscribed),Bangladesh National Museum,Buddhist Sculpture — Vajrayana,Black Basalt,10th–12th century CE,"Sompara, Vajrayogini, Munshiganj District",History and Classical Art,,,"The most celebrated Tara sculpture in the BNM collection and one of the most iconographically complex Tara images known from Bengal. The seated goddess is shown in lalitasana or lalitaksepa — the graceful asymmetric seated posture — two-armed in the standard Tara mode. She is attended by Mahamayuri (""Great Peacock Goddess"") to her right and Ekajata (""She of the Single Topknot"") to her left — a specific attendant pairing distinct from the Khadiravani Tara triad, reflecting the iconographic flexibility and liturgical richness of the Tara cult in late Pala Bengal.

What makes this image exceptional is the programme of eight smaller seated Tara figures arranged around the central goddess, each one representing Tara's intervention to rescue a devotee from one of the eight great perils (astamahabhaya): lion, elephant, fire, serpent, robber/enemy, water/flood, imprisonment, and the peril of evil spirits or demons. This iconographic programme — visualising Tara as simultaneously the single central goddess and the eight-fold active rescuer from all of life's great dangers — transforms the sculpture from a single devotional image into a complete miniature cosmological system, making it one of the most theologically sophisticated pieces in the BNM collection.

The type is accordingly named Astamahabhaya-Tara — ""Tara of the Eight Great Perils"" — and is documented in the Sadhanamala as a distinct form of the goddess with its own meditation text and ritual. The Sompara, Vajrayogini provenance connects this image to the site that has yielded some of the most important Buddhist sculptures in Southeast Bengal — confirming the Vajrayogini area of Munshiganj as a major centre of advanced Vajrayana practice and its attendant high-quality sculptural production.

The presence of an inscription recording the donor's name gives this piece exceptional historical value, as named donor inscriptions on Bengal Buddhist sculptures of this period are rare. Together with the Syama Tara inscription (Kayastha Sri Sanghesa-gupta) described in the previous session, it confirms the pattern of lay Kayastha-class patronage for Tara devotional imagery in the late Pala period. This inscription likely records a similar votive dedication formula, naming a specific individual's commission of this sculpture for the benefit of themselves and their family — a tangible, personal connection between a named human being of the 11th or 12th century and the goddess whose protection they sought.",https://drive.google.com/file/d/1DsXhB__1ODetpoWp7RBMPFO61NSQI45l/view?usp=sharing,https://bangladeshmuseum.gov.bd/pages/photo-galleries/100-artifacts
Marichi — Buddhist Goddess,Bangladesh National Museum,Sculpture,Black Basalt,10th–12th century CE,"Panditsvar,Faridpur",Gallery 6,,Excavation find,"Depicts Marichi with multiple arms, goddess of dawn. Marichi is a Buddhist goddess associated with dawn, light, and the sun. She is also a protector against fear and danger. This sculpture shows her with three faces and six arms. Her faces are: one smiling, one fierce (with tusks), and one with a sow’s head (her characteristic attribute). She rides a chariot drawn by seven pigs (representing the seven horses of Surya, the sun god). Her arms hold a needle and thread (to sew up the mouths of demons), a branch of the ashoka tree, a vajra, a noose, and a bow and arrow. The sculpture is highly complex and filled with esoteric symbolism. It reflects the tantric Buddhism (Vajrayana) that flourished in Bengal during the Pala period.",https://drive.google.com/file/d/1iNHSS2AD-trIvpvwlh-RhCubwVAPWr-i/view?usp=sharing,https://bangladeshmuseum.gov.bd/pages/photo-galleries/100-artifacts
Vajrasattva — Buddhist Deity,Bangladesh National Museum,Sculpture,Black Basalt,10th–12th century CE,Bangladesh,Gallery 6,,Excavation find,"Depicts Vajrasattva holding vajra and bell, symbol of purity. Vajrasattva is a primordial bodhisattva in Vajrayana Buddhism, representing the pure, undefiled nature of the mind. This sculpture shows him sitting in vajrasana (full lotus) on a lotus throne. He holds a vajra (thunderbolt) in his right hand at his heart, and a bell (ghanta) in his left hand on his hip. The vajra represents the masculine principle of method (upaya), and the bell represents the feminine principle of wisdom (prajna). Their union symbolizes enlightenment. Vajrasattva wears a crown and elaborate jewelry. His expression is calm and meditative. This sculpture is not just an icon but also a meditation aid, as Vajrasattva is often visualized during purification practices.",,https://bangladeshmuseum.gov.bd/pages/photo-galleries/100-artifacts
Padmapani — Lotus Holder,Bangladesh National Museum,Sculpture,Black Basalt,10th–12th century CE,Bangladesh,Gallery 6,,Excavation find,"Depicts Padmapani holding lotus, compassionate bodhisattva. Padmapani is another name for Avalokiteshvara, emphasizing his role as the lotus-holder. This sculpture is simpler than ID 49, showing him with just two arms. He stands in a straight posture, holding a long-stemmed lotus in his left hand. His right hand is in the varada mudra (gesture of giving). The lotus is fully bloomed, symbolizing the blossoming of enlightenment in the midst of the mud of samsara (worldly existence). The sculpture is less ornate, perhaps belonging to a monastic complex that emphasized austerity over ornamentation. However, the quality of the carving is still high, with the folds of the garment and the petals of the lotus executed with care.",,https://bangladeshmuseum.gov.bd/pages/photo-galleries/100-artifacts
Architectural Fragment — Buddha Panel,Bangladesh National Museum,Sculpture,Black Basalt,10th–12th century CE,Bangladesh,Gallery 6,,Excavation find,"Fragment depicting Buddha seated in meditation. This is a small panel showing the Buddha in bhumisparsha mudra (earth-touching gesture) under a tree. The scene likely represents the moment of his enlightenment. The Buddha’s right hand touches the earth, calling it to witness his victory over Mara (the demon of desire). The tree above is decorated with leaves and fruits, possibly representing the Bodhi tree. The panel is broken at the edges, but the central figure is intact. It was probably part of a larger narrative cycle depicting scenes from the Buddha’s life, arranged around a stupa or temple. The carving is in low relief, suitable for architectural placement where it would be viewed from a distance.",,https://bangladeshmuseum.gov.bd/pages/photo-galleries/100-artifacts
Architectural Fragment — Floral Motif,Bangladesh National Museum,Sculpture,Black Basalt,10th–12th century CE,Bangladesh,Gallery 6,,Excavation find,"Fragment with floral motif, decorative temple element. This fragment features a repeating pattern of flowers and vines, known as the ”floral scroll” motif. It would have run along the edge of a temple wall or ceiling as a border decoration. The flowers are stylized lotuses, and the vines curl in interlocking loops. The carving is shallow but precise, designed to be seen from below. Such decorative elements were not merely fillers but were considered auspicious, representing the abundance and beauty of the divine world. The fragment is weathered on one side but still shows the original crispness of the pattern on the other.",,https://bangladeshmuseum.gov.bd/pages/photo-galleries/100-artifacts
Architectural Fragment — Geometric Design,Bangladesh National Museum,Sculpture,Black Basalt,10th–12th century CE,Bangladesh,Gallery 6,,Excavation find,"Fragment with geometric design, temple ornamentation. This fragment features a geometric pattern of interlocking squares and diamonds, similar to a lattice. Such designs were used in temple floors, ceilings, and window screens (jalis). The geometric precision required careful measurement and carving. This fragment likely came from a floor where the pattern would be seen underfoot. The stone is worn smooth from centuries of foot traffic. Geometric designs in Indian temple architecture are not arbitrary; they are based on sacred geometry and mandalas, representing the ordered structure of the cosmos. This simple fragment thus carries deep cosmological significance.",,https://bangladeshmuseum.gov.bd/pages/photo-galleries/100-artifacts
Architectural Fragment — Lotus Base,Bangladesh National Museum,Sculpture,Black Basalt,10th–12th century CE,Bangladesh,Gallery 6,,Excavation find,"Fragment with lotus base motif, common in temple architecture. This is the lower portion of a temple pillar or wall, carved with lotus petals arranged in layers. The lotus base (padmapitha) is a standard element in Indian temple architecture; it represents the cosmic ocean from which creation emerges. The petals are thick and fleshy, each one individually carved. The fragment shows only a few rows of petals, but originally there would have been many. The base is wider than the shaft, creating a stable foundation. The polish on this fragment is exceptionally well preserved, indicating it was in an interior space protected from weather.",,https://bangladeshmuseum.gov.bd/pages/photo-galleries/100-artifacts
Architectural Fragment — Pillar Capital,Bangladesh National Museum,Sculpture,Black Basalt,10th–12th century CE,Bangladesh,Gallery 6,,Excavation find,"Fragment of pillar capital with ornate carving. The capital is the topmost part of a pillar, where it supports the beam above. This fragment shows a design of seated lions with foliate tails, arranged in a circle. The lions are stylized, with open mouths and raised paws. Above them is an abacus (flat slab) carved with a lotus motif. Such lion capitals are reminiscent of the famous Ashokan pillars but in a later, more ornate style. The carving is in the round, meant to be seen from all sides. The fragment is heavy and thick, suggesting it supported a significant weight. It likely came from a large temple mandapa (hall).",,https://bangladeshmuseum.gov.bd/pages/photo-galleries/100-artifacts
Architectural Fragment — Ceiling Panel,Bangladesh National Museum,Sculpture,Black Basalt,10th–12th century CE,Bangladesh,Gallery 6,,Excavation find,"Fragment of ceiling panel with geometric and floral motifs. This is a square panel that would have been one of many forming a coffered ceiling. The design is a central lotus surrounded by concentric rings of geometric patterns, including triangles and circles. At the corners are small flowers. The panel is deeply recessed, creating a strong play of light and shadow when viewed from below. Such ceilings were common in temple mandapas and were designed to mimic the dome of the sky. The fragment is broken on one corner but the central lotus remains intact. The carving shows evidence of tool marks, giving insight into the stoneworking techniques of the period.",,https://bangladeshmuseum.gov.bd/pages/photo-galleries/100-artifacts
Architectural Fragment — Temple Wall Relief,Bangladesh National Museum,Sculpture,Black Basalt,10th–12th century CE,Bangladesh,Gallery 6,,Excavation find,"Fragment of temple wall relief showing deity figures. This larger fragment preserves two standing deity figures, probably a male and a female. Only the lower halves of the bodies remain: the male’s legs in a dhoti, the female’s legs in a sari with elegant jewelry on the ankles. Between them is a pilaster (decorative column). The relief is about 30 cm tall, suggesting the original scene was life-size or larger. The style of the carving (slender proportions, delicate jewelry) points to the Sena period (12th century). The fragment is broken unevenly, so the identities of the deities cannot be determined, but it is a valuable piece for understanding temple decoration.",,https://bangladeshmuseum.gov.bd/pages/photo-galleries/100-artifacts
Architectural Fragment — Decorative Border,Bangladesh National Museum,Sculpture,Black Basalt,10th–12th century CE,Bangladesh,Gallery 6,,Excavation find,"Fragment with decorative border motif from temple ruins. This long, narrow fragment (approx. 15 cm x 60 cm) features a continuous border of intertwined vines and leaves, known as the ”vine scroll” motif. At intervals, a flower or fruit emerges from the vine. This border would have run along the edge of a wall or a door frame. The carving is in low relief and repetitive, suggesting it was done by less skilled craftsmen under the supervision of a master. Despite its simplicity, it effectively frames the larger scenes it once bordered. The stone shows slight weathering, but the pattern is still clear.",,https://bangladeshmuseum.gov.bd/pages/photo-galleries/100-artifacts
Architectural Fragment — Floral Scroll,Bangladesh National Museum,Sculpture,Black Basalt,10th–12th century CE,Bangladesh,Gallery 6,,Excavation find,"Fragment with floral scroll design, ornamental temple element. This fragment is similar to ID 57 but more elaborate. Here, the flowers are larger and the scrolls form loops that enclose small figures of birds and animals. At one point, a monkey hangs from a vine. Such playful additions indicate that temple decorations were not always solemn; they could include elements of humor and observation of nature. The floral scroll motif originated in ancient Indian art (as seen at Sanchi and Bharhut) and continued for over a millennium. This fragment shows the continuity of that tradition into the medieval period.",,https://bangladeshmuseum.gov.bd/pages/photo-galleries/100-artifacts
Architectural Fragment — Geometric Border,Bangladesh National Museum,Sculpture,Black Basalt,10th–12th century CE,Bangladesh,Gallery 6,,Excavation find,"Fragment with geometric border design, temple ornamentation. This border consists of a repeated diamond pattern, each diamond containing a smaller diamond. The diamonds are created by crossing bands that form a kind of lattice. This is similar to the ”lozenge” pattern found in textile design, and its use in stone may imitate textile borders used in temporary structures. The carving is shallow but precise, each diamond exactly the same size. The fragment is broken at both ends, so the original length is unknown. Geometric borders like this were often used to separate different narrative panels on a temple wall.",,https://bangladeshmuseum.gov.bd/pages/photo-galleries/100-artifacts
Architectural Fragment — Lotus Petal Design,Bangladesh National Museum,Sculpture,Black Basalt,10th–12th century CE,Bangladesh,Gallery 6,,Excavation find,"Fragment with lotus petal design, symbolic of purity. This fragment shows a series of overlapping lotus petals, similar to the scales of a fish. This motif is often found on the domes of temples, where the petals radiate from the central finial. The petals are thick and fleshy, carved with a central ridge. The fragment is curved, confirming it came from a dome or a circular structure. The lotus petal design symbolizes the unfolding of enlightenment and is one of the most persistent motifs in Buddhist and Hindu architecture.",,https://bangladeshmuseum.gov.bd/pages/photo-galleries/100-artifacts
Architectural Fragment — Temple Cornice,Bangladesh National Museum,Sculpture,Black Basalt,10th–12th century CE,Bangladesh,Gallery 6,,Excavation find,"Fragment of temple cornice with intricate carving. A cornice is the horizontal projection that crowns a wall or roof. This fragment shows a series of small bracket-like shapes (kudus) that are characteristic of Indian temple cornices. Below the kudus is a band of floral decoration, and above is a plain molding. The cornice would have helped water run off the temple roof. The carving is heavily weathered on the top surface (exposed to rain) but well-preserved on the underside. This fragment is important for understanding the architectural forms of Bengal’s medieval temples, many of which have not survived intact.",,https://bangladeshmuseum.gov.bd/pages/photo-galleries/100-artifacts
Architectural Fragment — Decorative Arch,Bangladesh National Museum,Sculpture,Black Basalt,10th–12th century CE,Bangladesh,Gallery 6,,Excavation find,"Fragment of decorative arch element from temple ruins. This curved stone formed part of an archway (torana) or a niche (chandrashala). The surface is carved with a series of miniature arches inside the main arch, each containing a small figure (now worn). The arch motif is called ”chaitya arch” and is derived from early Buddhist rock-cut architecture. Even after Buddhism declined in Bengal, the chaitya arch continued as a decorative element in Hindu temples. This fragment preserves the upper curve of the arch, with a keystone at the top carved with a face (kirtimukha, or ”face of glory”).",,https://bangladeshmuseum.gov.bd/pages/photo-galleries/100-artifacts
Architectural Fragment — Temple Pedestal,Bangladesh National Museum,Sculpture,Black Basalt,10th–12th century CE,Bangladesh,Gallery 6,,Excavation find,"Fragment of temple pedestal with carved motifs. A pedestal (vedibandha) is the platform on which the temple walls rest. This fragment is a corner piece, showing two sides meeting at a right angle. Each side is carved with panels depicting dancers and musicians. One panel shows a female dancer with her arms raised, another shows a drummer, another a flute player. These were not deities but celestial beings (apsaras) performing to entertain the gods. The carving is in high relief, and the figures are animated. The pedestal fragment is heavy, indicating the temple was of substantial size. Such scenes of music and dance on the exterior of a temple create a joyful atmosphere for worshippers.",,https://bangladeshmuseum.gov.bd/pages/photo-galleries/100-artifacts
Architectural Fragment — Decorative Panel,Bangladesh National Museum,Sculpture,Black Basalt,10th–12th century CE,Bangladesh,Gallery 6,,Excavation find,"Fragment of decorative panel with deity figures. This panel shows a central deity figure flanked by attendants. The deity is likely a form of Vishnu, as indicated by the remnants of a discus in the upper hand. The figure is seated on a lotus, with legs folded. The attendants are smaller, shown in reverence. The panel is framed by a beaded border. The composition is balanced and symmetrical. The stone is a darker shade of black basalt, almost charcoal. This panel would have been inserted into a larger wall, possibly as part of a series of such panels depicting various deities. The carving style is advanced, with undercutting that creates deep shadows.",,https://bangladeshmuseum.gov.bd/pages/photo-galleries/100-artifacts
Architectural Fragment — Temple Ornament,Bangladesh National Museum,Sculpture,Black Basalt,10th–12th century CE,Bangladesh,Gallery 6,,Excavation find,"Fragment of temple ornament with floral and geometric motifs. This small, intricately carved piece appears to be a finial or a crest from the top of a temple spire (shikhara). It is shaped like an inverted lotus with a pointed tip. Below the lotus are bands of geometric patterns. The tip shows signs of being fitted into something (a hole or socket). This ornament would have been placed at the highest point of a temple, acting as a visual anchor and a symbol of the temple’s connection to the heavens. The carving is in the round, as it would be seen from all angles. Despite its small size (approx. 20 cm tall), it is one of the most refined pieces in the architectural fragments collection.",,https://bangladeshmuseum.gov.bd/pages/photo-galleries/100-artifacts
Architectural Fragment — Lotus Rosette,Bangladesh National Museum,Sculpture,Black Basalt,10th–12th century CE,Bangladesh,Gallery 6,,Excavation find,"Fragment with lotus rosette design, symbolic of divinity. A rosette is a circular floral motif. This one shows a central lotus with eight petals, surrounded by an outer ring of smaller petals. The rosette would have been placed in a square panel as a ceiling medallion or as a decoration on a door. The symmetry is perfect, and the carving is deep enough to create a strong relief. The lotus rosette is one of the most common motifs in Indian art, appearing from the Mauryan period (3rd century BCE) to the present. This fragment is in excellent condition, with no visible weathering.",,https://bangladeshmuseum.gov.bd/pages/photo-galleries/100-artifacts
Architectural Fragment — Temple Relief,Bangladesh National Museum,Sculpture,Black Basalt,10th–12th century CE,Bangladesh,Gallery 6,,Excavation find,"Fragment of temple relief showing narrative scene. This fragment appears to be part of a narrative cycle, possibly from the Ramayana or Mahabharata. Two figures are shown in combat: one raises a sword, the other a shield. Between them is a chariot wheel. The scene is full of action, with flying hair and bent limbs. The identification is uncertain because the faces are damaged, but the quality of the carving is high. Narrative reliefs were often placed on the exterior walls of temples, telling stories from the epics for the edification of the illiterate public. This fragment gives a glimpse of the storytelling tradition in medieval Bengal.",,https://bangladeshmuseum.gov.bd/pages/photo-galleries/100-artifacts
Architectural Fragment — Decorative Motif,Bangladesh National Museum,Sculpture,Black Basalt,10th–12th century CE,Bangladesh,Gallery 6,,Excavation find,"Fragment with decorative motif, temple ornamentation. This is a small piece (approx. 10 cm square) carved with a ”honeycomb” pattern of hexagons. Each hexagon contains a small dot. This motif is often found in the ceilings of Buddhist chaitya halls and later in Hindu mandapas. The hexagons are arranged in a regular grid, and the carving is very shallow, almost like engraving. The fragment likely came from a thin slab that served as a false ceiling. The geometric precision required to create such a pattern suggests the use of measuring tools and compasses. It is a testament to the mathematical knowledge of the medieval stone carvers.",,https://bangladeshmuseum.gov.bd/pages/photo-galleries/100-artifacts
Architectural Fragment — Temple Base,Bangladesh National Museum,Sculpture,Black Basalt,10th–12th century CE,Bangladesh,Gallery 6,,Excavation find,"Fragment of temple base with carved lotus design. This is a corner block from the bottommost layer of a temple (the adhishthana). It shows a lotus petal design on both faces, meeting at the corner with a small ornament. The stone is thicker and more massive than other fragments, as it had to bear the weight of the entire temple. The carving is simpler and more robust, suitable for a part that would be near the ground and possibly covered by earth. The base is the most stable part of the temple, and its survival indicates the temple was disassembled rather than collapsed. This fragment is thus evidence of a lost temple that was quarried for building materials.",,https://bangladeshmuseum.gov.bd/pages/photo-galleries/100-artifacts
Architectural Fragment — Decorative Relief,Bangladesh National Museum,Sculpture,Black Basalt,10th–12th century CE,Bangladesh,Gallery 6,,Excavation find,"Fragment of decorative relief with deity figures. This fragment preserves the upper half of a seated deity, likely the goddess Lakshmi. The figure holds two lotuses and has a serene expression. Above her is an umbrella (chhatra) and two flying attendants (vidyadharas) with garlands. The carving is delicate, with fine details in the hair and jewelry. The fragment is broken below the waist, so the lower half is missing. The quality suggests it was part of a major temple funded by royalty or wealthy merchants. The deity’s face is intact and shows the classical Pala-Sena ideal of beauty: full lips, long eyes, and a graceful neck.",,https://bangladeshmuseum.gov.bd/pages/photo-galleries/100-artifacts
Architectural Fragment — Temple Ornamentation,Bangladesh National Museum,Sculpture,Black Basalt,10th–12th century CE,Bangladesh,Gallery 6,,Excavation find,"Fragment of temple ornamentation with floral motifs. This piece is a curved slab with a design of lotus flowers and buds on stems. The curve suggests it came from a circular pillar or a dome. The flowers are arranged in a spiral, each flower slightly higher than the previous one. The carving is in low relief with a smooth finish. The stone has a greenish-black tint, unusual for the typical black basalt. This could be a different stone source or a result of chemical changes in the soil where it was buried. The motif is simple but elegant, creating a rhythmic pattern around the curved surface.",,https://bangladeshmuseum.gov.bd/pages/photo-galleries/100-artifacts
Architectural Fragment — Decorative Carving,Bangladesh National Museum,Sculpture,Black Basalt,10th–12th century CE,Bangladesh,Gallery 6,,Excavation find,"Fragment of decorative carving from temple ruins. This fragment features a makara (mythical water creature) with an elaborate tail that curls into a scroll. The makara has the head of a crocodile, the trunk of an elephant, and the body of a fish. It is shown facing forward, with its mouth open. The makara is a guardian figure often placed at the entrance of temples or on the ends of archways. The carving is dynamic, with the creature’s tail forming a spiral that fills the available space. The fragment is large (approx. 40 cm wide) and the makara is carved in high relief. It would have been a striking element of the temple’s entryway.",,https://bangladeshmuseum.gov.bd/pages/photo-galleries/100-artifacts
Architectural Fragment — Temple Column,Bangladesh National Museum,Sculpture,Black Basalt,10th–12th century CE,Bangladesh,Gallery 6,,Excavation find,"Fragment of temple column with carved motifs. This is a section of a fluted column, with vertical grooves running along its length. At the top of this fragment is a band of carved lotus petals. The column would have been one of many supporting a mandapa ceiling. The fluting is evenly spaced and deeply cut, suggesting the use of a lathe or a carving tool with a gauge. The stone is polished to a smooth finish. Column fragments are valuable for reconstructing the original dimensions of a temple. Based on the diameter (approx. 30 cm), this column would have been about 3 meters tall. The fragment is about 60 cm long, preserving only a small portion of the original column.",,https://bangladeshmuseum.gov.bd/pages/photo-galleries/100-artifacts
Architectural Fragment — Decorative Pedestal,Bangladesh National Museum,Sculpture,Black Basalt,10th–12th century CE,Bangladesh,Gallery 6,,Excavation find,"Fragment of pedestal with lotus and floral designs. This is a corner block from a pedestal that once supported a deity image. The top surface is smooth with a slight depression (for the deity’s base). The sides are carved with lotus petals and floral vines. The pedestal would have been placed in the sanctum (garbhagriha), so the carving is only on the front and sides that would be visible to worshippers. The back is left rough. This fragment is important because it shows how the deity’s base was integrated into the temple’s architecture. The stone is slightly pinkish, possibly due to iron oxide staining after centuries of exposure.",,https://bangladeshmuseum.gov.bd/pages/photo-galleries/100-artifacts
Architectural Fragment — Temple Wall Panel,Bangladesh National Museum,Sculpture,Black Basalt,10th–12th century CE,Bangladesh,Gallery 6,,Excavation find,"Fragment of wall panel with deity figures. This large fragment (approx. 50 cm x 40 cm) shows three figures: a central standing deity, possibly Vishnu, and two smaller attendants. The deity’s hands are damaged, but one hand likely held a discus. The deity wears a tall crown and stands on a lotus. The attendants hold fly-whisks. The panel is framed by a thick border with a pearl motif. The carving is in high relief, with figures almost separated from the background. The workmanship is of the highest quality, with intricate details in the jewelry and clothing. This would have been a major decorative element on the temple wall, perhaps placed in a niche.",,https://bangladeshmuseum.gov.bd/pages/photo-galleries/100-artifacts
Architectural Fragment — Decorative Cornice,Bangladesh National Museum,Sculpture,Black Basalt,10th–12th century CE,Bangladesh,Gallery 6,,Excavation find,"Fragment of cornice with intricate carvings. This cornice fragment features a row of kudu arches, below which is a frieze of geese (hamsa) in flight. Geese are symbols of purity and spiritual aspiration in Indian art. The geese are carved with outstretched wings, arranged in a continuous line. Below the geese is a band of lotus petals. The cornice would have projected from the wall, and the underside would have been visible to worshippers. The carving on the underside is as careful as on the front, indicating that the cornice was at eye level. The stone is heavily weathered on the top, but the underside is pristine.",,https://bangladeshmuseum.gov.bd/pages/photo-galleries/100-artifacts
Architectural Fragment — Temple Ornament Relief,Bangladesh National Museum,Sculpture,Black Basalt,10th–12th century CE,Bangladesh,Gallery 6,,Excavation find,"Fragment of relief showing narrative temple scene. This fragment shows a palace scene: a king sits on a throne, attended by courtiers. The king is wearing a tall crown and holding a scepter. A queen sits beside him. The scene is likely from a Jataka tale (story of the Buddha’s previous lives) or the Ramayana. The carving includes architectural details like pillars and arches. The figures are small (approx. 10 cm tall), and the relief is shallow, almost like a miniature painting in stone. This suggests the fragment came from a smaller temple or from a part of a larger temple that was viewed from close range, such as a door jamb.",,https://bangladeshmuseum.gov.bd/pages/photo-galleries/100-artifacts
Architectural Fragment — Decorative Lotus Panel,Bangladesh National Museum,Sculpture,Black Basalt,10th–12th century CE,Bangladesh,Gallery 6,,Excavation find,"Fragment with lotus panel design, symbolic of purity. This is a large panel (approx. 60 cm x 30 cm) covered entirely with overlapping lotus petals, arranged in rows like scales. This motif is known as ”padma” or ”kamala” and is often used on the ceilings and floors of temples. Walking on such a floor is symbolically walking on a lotus, elevating the worshipper above the mud of the material world. The petals are carved in low relief, with each petal overlapping the one below it. The panel is broken on one side but otherwise intact. The stone is very heavy, suggesting it came from a ground floor.",,https://bangladeshmuseum.gov.bd/pages/photo-galleries/100-artifacts
Architectural Fragment — Temple Ceiling Ornament,Bangladesh National Museum,Sculpture,Black Basalt,10th–12th century CE,Bangladesh,Gallery 6,,Excavation find,"Fragment of ceiling ornament with floral motifs. This is a large, circular medallion that would have been set into the center of a ceiling. It shows a central lotus with sixteen petals, surrounded by concentric rings of geometric patterns and smaller flowers. The outermost ring is a row of geese (hamsa). The medallion is recessed, creating a deep shadow in the center. The carving is in high relief, and the stone is polished. Such ceiling medallions were status symbols, indicating that the patron could afford not just a temple but one with ornate interior decoration. The medallion is broken into three pieces that have been rejoined, but the missing parts have been filled.",,https://bangladeshmuseum.gov.bd/pages/photo-galleries/100-artifacts
Architectural Fragment — Decorative Temple Relief,Bangladesh National Museum,Sculpture,Black Basalt,10th–12th century CE,Bangladesh,Gallery 6,,Excavation find,"Fragment of temple relief with deity figures. This fragment preserves a goddess figure, possibly Durga, with multiple arms. Only three arms remain, holding a sword, a shield, and a trident. The goddess stands on a lotus and is surrounded by a circular aureole. The background is filled with floral scrolls. The carving is exceptionally fine, with the goddess’s face showing a calm expression despite her martial attributes. The fragment is small (approx. 25 cm tall), suggesting it came from a small shrine or a niche on a larger temple. The stone is a uniform black with no weathering, indicating it was buried soon after the temple’s destruction.",,https://bangladeshmuseum.gov.bd/pages/photo-galleries/100-artifacts
Architectural Fragment — Temple Base Ornament,Bangladesh National Museum,Sculpture,Black Basalt,10th–12th century CE,Bangladesh,Gallery 6,,Excavation find,"Fragment of temple base with carved lotus motifs. This is a massive block (approx. 40 cm x 40 cm x 20 cm) from the foundation of a temple. The exterior face is carved with a double lotus petal design, while the other faces are rough. The carving is bold and simple, meant to be seen from a distance. The base would have been buried partially in the ground, so only the upper part of the carving would have been visible. The stone is heavily weathered on the exposed face, with lichen growth still present (the museum has not cleaned it to preserve archaeological context). This fragment is important for understanding the scale of temple foundations.",,https://bangladeshmuseum.gov.bd/pages/photo-galleries/100-artifacts
Architectural Fragment — Decorative Temple Panel,Bangladesh National Museum,Sculpture,Black Basalt,10th–12th century CE,Bangladesh,Gallery 6,,Excavation find,"Fragment of temple panel with floral and geometric designs. This panel is a border piece, carved with a meandering vine that produces leaves and flowers at regular intervals. The vine forms loops that contain small rosettes. The design is repeated along the entire length of the panel (approx. 80 cm). The panel would have been placed at the edge of a larger composition, acting as a frame. The carving is in low relief, and the stone has a greenish patina. The panel is unbroken and in excellent condition, suggesting it was carefully removed from the ruins rather than broken in situ.",,https://bangladeshmuseum.gov.bd/pages/photo-galleries/100-artifacts
Architectural Fragment — Temple Ornament Base,Bangladesh National Museum,Sculpture,Black Basalt,10th–12th century CE,Bangladesh,Gallery 6,,Excavation find,"Fragment of temple base ornament with lotus petals. This is a curved piece that would have wrapped around the corner of a temple wall. The carving on both faces is the same: rows of lotus petals. At the corner, a vertical band with a beaded pattern joins the two faces. The stone is cut at an exact 90-degree angle, demonstrating precise stonecutting techniques. The top and bottom are flat, indicating this block was part of a stacked structure. The lotus petals are crisp and unworn, protected by the overhanging cornice. This fragment shows the three-dimensional thinking required to carve corners in temple architecture.",,https://bangladeshmuseum.gov.bd/pages/photo-galleries/100-artifacts
Architectural Fragment — Decorative Temple Cornice,Bangladesh National Museum,Sculpture,Black Basalt,10th–12th century CE,Bangladesh,Gallery 6,,Excavation find,"Fragment of temple cornice with deity figures. This cornice fragment has a row of small niches, each containing a seated deity. The deities are damaged but appear to be the ten avatars of Vishnu (Dashavatara). If so, this cornice would have been placed on a Vaishnava temple. The niches are separated by small pilasters, and the cornice projects forward. The underside is carved with lotus flowers. The deities are only 8 cm tall but are carved with remarkable detail. This fragment is one of the most informative for understanding iconographic programs on temple exteriors. It is broken at both ends, but the existing portion preserves five niches.",,https://bangladeshmuseum.gov.bd/pages/photo-galleries/100-artifacts
Architectural Fragment — Temple Wall Ornament,Bangladesh National Museum,Sculpture,Black Basalt,10th–12th century CE,Bangladesh,Gallery 6,,Excavation find,"Fragment of wall ornament with floral motifs. This fragment features a large lotus flower with a cluster of buds and leaves. The lotus is carved in high relief, almost in the round, while the buds are in low relief. The composition is asymmetrical, with the lotus leaning to one side. This naturalistic treatment is unusual in temple architecture, which tends towards symmetry. The fragment likely came from a less formal part of the temple, such as a garden pavilion rather than the main shrine. The stone has a brownish tint, possibly from being burned in a fire that destroyed the temple.",,https://bangladeshmuseum.gov.bd/pages/photo-galleries/100-artifacts
Architectural Fragment — Decorative Temple Base,Bangladesh National Museum,Sculpture,Black Basalt,10th–12th century CE,Bangladesh,Gallery 6,,Excavation find,"Fragment of temple base with lotus rosette design. This is a corner block from the base of a pillar or wall. The front face has a large lotus rosette carved into a recessed square panel. The side face has a simpler lotus petal design. The rosette is about 20 cm in diameter and consists of a central lotus with eight petals, surrounded by an outer ring of sixteen petals. The carving is deep, with the petals undercut so they cast shadows. The stone is smooth and polished, and the rosette is in excellent condition. This block would have been at eye level, inviting close inspection.",,https://bangladeshmuseum.gov.bd/pages/photo-galleries/100-artifacts
Architectural Fragment — Temple Relief Panel,Bangladesh National Museum,Sculpture,Black Basalt,10th–12th century CE,Bangladesh,Gallery 6,,Excavation find,"Fragment of relief panel depicting deity figures. This panel shows Vishnu in his form as Vamana (the dwarf avatar). He is depicted as a short Brahmin with an umbrella, receiving a donation of water from King Bali. The scene is narrative and includes other figures: a priest, a queen, and a water pot. The carving is crowded but detailed. The panel is broken diagonally, losing the upper right corner. The remaining part is about 40 cm x 30 cm. The narrative is rare in stone sculpture; most Vamana images are singular figures. This panel thus provides unique insight into how artists depicted complex stories in relief.",,https://bangladeshmuseum.gov.bd/pages/photo-galleries/100-artifacts
Architectural Fragment — Decorative Temple Ornament,Bangladesh National Museum,Sculpture,Black Basalt,10th–12th century CE,Bangladesh,Gallery 6,,Excavation find,"Fragment of temple ornament with floral scroll design. This long, narrow fragment (approx. 15 cm x 100 cm) is a frieze of scrolling vines with flowers and leaves. At intervals, the vine produces a larger flower with a face in the center (kirtimukha). The kirtimukha is a fierce face with bulging eyes and fangs, but it is purely decorative and meant to ward off evil. The carving is repetitive but skillfully done, with each kirtimukha slightly different. The frieze would have run along the top of a wall or below a cornice. It is in two pieces that have been rejoined, with a small missing section in the middle.",,https://bangladeshmuseum.gov.bd/pages/photo-galleries/100-artifacts
Architectural Fragment — Temple Ceiling Relief,Bangladesh National Museum,Sculpture,Black Basalt,10th–12th century CE,Bangladesh,Gallery 6,,Excavation find,"Fragment of ceiling relief with deity figures. This is a square panel (approx. 50 cm x 50 cm) that was once part of a coffered ceiling. The relief shows the god Shiva dancing (Nataraja) within a circle of flames. He has four arms, holding a drum and fire, and he tramples a dwarf (Apasmara). The carving is dynamic, with Shiva’s hair flying out. The panel is surrounded by a border of lotus petals. The ceiling relief would have been directly above the central sanctum, with the dancing Shiva as the focal point. The stone is dark and polished, and the relief is so deep that the figure is almost fully three-dimensional.",,https://bangladeshmuseum.gov.bd/pages/photo-galleries/100-artifacts
Architectural Fragment — Decorative Temple Carving,Bangladesh National Museum,Sculpture,Black Basalt,10th–12th century CE,Bangladesh,Gallery 6,,Excavation find,"Fragment of temple carving with floral motifs. This small fragment (approx. 15 cm x 10 cm) is exquisitely carved with a single lotus flower and a bud, surrounded by leaves. The lotus has twelve petals, each with a groove down the center. The bud is shown just beginning to open. The carving is in the round, meaning the entire fragment is sculpted from a block of stone; it is not a relief. This suggests it was a freestanding ornament, perhaps a finial or part of a railing. The stone is a light gray, different from the usual black basalt, indicating a different quarry. The craftsmanship is of the highest order, with every detail carefully rendered.",,https://bangladeshmuseum.gov.bd/pages/photo-galleries/100-artifacts
Shivalinga with Gauripatta,Bangladesh National Museum,Hindu Sculpture,Black Basalt,9th century CE (early Pala period),"Sompara (Sompada), Munshiganj",History and Classical Art,Height 96 cm,,"A large, plain, aniconic Shivalinga — the cylindrical stone column representing Shiva in his unanthropomorphic, purely symbolic form — set within a massive circular gauripatta (yoni-pitha). At 96 cm in height this is one of the larger Shivalingas in the BNM collection and one of the few pieces in the museum that is displayed on the gallery floor rather than on a raised plinth, its sheer size and weight making it a commanding presence in the History and Classical Art gallery.

The linga is perfectly cylindrical and smooth-surfaced — without faces or figural carving — representing the nirguna (without qualities, unmanifest) aspect of Shiva as opposed to the anthropomorphic saguna (with qualities, manifest) forms. This aniconic simplicity is doctrinally deliberate: the linga in its most reduced form embodies the brahman — the absolute, undifferentiated divine reality — before it takes on name, form, and attribute. The smooth, upright, polished column is simultaneously the phallus (linga = sign/mark/phallus), the cosmic axis (axis mundi), the pillar of fire (jyotirlinga) in which Shiva manifested to humble Brahma and Vishnu, and the abstract symbol of creative energy undifferentiated into individual form.

The gauripatta (yoni-pitha) in which the linga rests is notably large — a wide, circular basin with a prominent outer rim and the ribbed drainage spout (pranala) projecting at the front through which ritual ablution water (abhisheka jal) flows away after being poured over the linga. The gauripatta represents the goddess Gauri (Parvati) as the earth-principle, the feminine receptive ground of creation — and the combined linga-yoni composition encodes the union of Shiva and Shakti as the generative principle of the entire universe. As the Bengali text shared by the user explains through the work of Przyluski, the words linga, langul, and langal (plough) share a common etymology — pointing to the pre-Aryan, agricultural origins of linga worship as a symbol of the earth being made fertile.

The Sompara provenance places this within the same Munshiganj / Vajrayogini archaeological zone that has yielded the Astamahabhaya-Tara, the Syama Tara, and other major BNM pieces, confirming the religious pluralism of that area — the same localities producing both the finest Buddhist goddess images and major Shaiva cult objects of the Pala period.",https://drive.google.com/file/d/1Vm3p4O7UpVXZRplg5046KBE2bMYZjWdq/view?usp=sharing,https://bangladeshmuseum.gov.bd/pages/photo-galleries/100-artifacts
Shivalinga — Panchamukhi (Five-faced / Sadashivalinga),Bangladesh National Museum,Hindu Sculpture,Black Basalt,10th century CE (Pala period),Unknown (Bangladesh),History and Classical Art,Height 68.5 cm,,"A Panchamukhi Shivalinga — a linga with five faces (mukha) carved on its upper cylindrical portion — representing Shiva in his supreme form as Sadashiva, ""the eternally auspicious,"" whose five faces embody the five cosmic functions (panchakriya) through which the entire universe is created, sustained, dissolved, concealed, and redeemed.

The linga sits within a circular gauripatta (yoni-pitha) — the ritual basin representing the goddess Gauri/Parvati as the earth-principle and creative receptacle — with the characteristic ribbed drainage channel (pranala) at the front. The upper cylindrical section bears four faces visible around the circumference at the cardinal directions, with the fifth face (Ishana) implied at the top or represented by the smooth apex of the linga itself.

The five faces correspond to Shiva's five aspects as enumerated in the Shiva Purana and the Panchavaktra Upanishad:

Sadyojata (west face — creation): the newly born, youthful face associated with the earth element and the function of srishti (creation)
Vamadeva (north face — preservation): the gracious, gentle face associated with the water element and the function of sthiti (maintenance)
Aghora (south face — dissolution): the fierce, terrifying face associated with the fire element and the function of samhara (destruction) — the face that simultaneously destroys and regenerates
Tatpurusha (east face — concealment): the supreme cosmic person face associated with the air element and the function of tirodhana (hiding the divine reality from ordinary perception)
Ishana (zenith — grace): the supreme, all-pervading face associated with the ether (akasha) element and the function of anugraha (bestowing liberation)
The five faces thus encode the entire theology of Shaivism in a single object: Shiva is simultaneously Creator, Preserver, Destroyer, the Concealer of reality (whose maya creates the apparent world), and the Liberator who removes that concealment and grants moksha. The Panchamukhi Shivalinga is therefore not merely a cult object but a complete cosmological system in stone. In Bengal, Panchanana (five-faced Shiva) — popularly called Panchu Thakur — is additionally worshipped as a protector of villages and children, and as a deity of agricultural abundance.

The rough-textured surface of the black basalt, visible in the photograph, is characteristic of the Rajmahal trap basalt used for many Pala-period sculptures from North Bengal and the Munshiganj area, which weathers to a distinctive granular surface texture distinct from the finer-grained polished chlorite used in some Southeast Bengal pieces.",https://drive.google.com/file/d/1PhKSTFNJVjTQdyXD0kjd6uKRT5nJrJBr/view?usp=sharing,https://bangladeshmuseum.gov.bd/pages/photo-galleries/100-artifacts
Mounted Royal Bengal Tiger (duplicate),Bangladesh National Museum,Natural Specimen,Taxidermy,Modern,Sundarbans,Natural History Gallery,Life-size,,"Duplicate of ID 16 – preserved tiger specimen symbolizing Bangladesh’s wildlife. The Royal Bengal Tiger is the apex predator of the Sundarbans. This specimen is a mature male, captured after it became a man-eater. The tiger was euthanized and taxidermied. The mount is displayed in a glass case with a painted background of the Sundarbans. Its roar is sometimes played on a loop. The tiger has become a beloved exhibit for school children, teaching them about wildlife conservation.",,https://bdnews24.com/bangladesh/9338ac858dc5
Asian Elephant Skeleton,Bangladesh National Museum,Natural Specimen,Bone,Modern,Chittagong Hill Tracts,Natural History Gallery,Large,,"Complete skeleton of Asian elephant, educational display. The skeleton is of an adult female Asian elephant (Elephas maximus) that died of natural causes in the Chittagong Hill Tracts. The bones have been cleaned, whitened, and reassembled in a standing posture. The skeleton is suspended from a metal frame, allowing visitors to walk underneath and see the structure of the ribs and spine. The skull includes the tusks (small, as female Asian elephants have small tusks called tushes). This exhibit is used to teach anatomy and the differences between Asian and African elephants. The skeleton is one of the largest objects in the museum, spanning over 3 meters in height and 4 meters in length.",,https://bangladeshmuseum.gov.bd/pages/photo-galleries/100-artifacts
Stuffed Crocodile,Bangladesh National Museum,Natural Specimen,Taxidermy,Modern,Sundarbans,Natural History Gallery,Large,,"Preserved crocodile specimen from Sundarbans mangrove. This is a saltwater crocodile (Crocodylus porosus), one of the largest reptile species in the world. The specimen is about 4 meters long and is mounted in a lunging pose, mouth open to reveal teeth. The skin is dark green with rough scales. The crocodile was captured in the Sundarbans after it had killed several fishermen. It was killed by forest officials and then taxidermied. The exhibit highlights the danger of human-wildlife conflict in the Sundarbans, where crocodiles and tigers share the habitat with local communities. The specimen is displayed with a mannequin wearing a traditional fisherman's outfit to illustrate the conflict.",,https://bangladeshmuseum.gov.bd/pages/photo-galleries/100-artifacts
Stuffed Peacock,Bangladesh National Museum,Natural Specimen,Taxidermy,Modern,Rajshahi,Natural History Gallery,,,"Preserved peacock specimen, symbol of South Asian fauna. The peacock (Pavo cristatus) is the national bird of India but is also common in Bangladesh, especially in the Rajshahi and Chapai Nawabganj regions. This specimen is a male with its full train of tail feathers, displayed in a fan-like arrangement. The iridescent blues and greens of the feathers are well preserved. The peacock is mounted on a branch, with its head turned to the side. The exhibit includes a label explaining that the peacock is not native to the Sundarbans but prefers dry deciduous forests. The specimen is a favorite for its beauty and is often photographed by visitors.",https://drive.google.com/file/d/1ilhRsK5dFSnZfulp4OP3nG0ZkNSZtG7I/view?usp=sharing,https://bangladeshmuseum.gov.bd/pages/photo-galleries/100-artifacts
Stuffed Hornbill,Bangladesh National Museum,Natural Specimen,Taxidermy,Modern,Sylhet,Natural History Gallery,,,"Preserved hornbill specimen, highlighting biodiversity. The great hornbill (Buceros bicornis) is a large bird found in the forests of Sylhet and Chittagong. This specimen shows the characteristic casque (hollow helmet) on top of the beak, which is yellow and black. The bird is mounted in flight, with wings spread wide. The feathers are mostly black and white, with a yellow beak. Hornbills are endangered in Bangladesh due to habitat loss, so this specimen serves as a reminder of what is at risk. The label notes that hornbills have a unique nesting habit: the female seals herself inside a tree cavity with mud, leaving only a small slit for the male to feed her.",,https://bangladeshmuseum.gov.bd/pages/photo-galleries/100-artifacts
Stuffed King Cobra,Bangladesh National Museum,Natural Specimen,Taxidermy,Modern,Sundarbans,Natural History Gallery,150.2 cm,,"Preserved king cobra specimen, educational display. The king cobra (Ophiophagus hannah) is the world’s longest venomous snake, reaching up to 5.5 meters. This specimen is about 4 meters long and is coiled around a branch, with its hood expanded. The taxidermy preserves the snake’s pattern of olive-green scales with yellow bands. The king cobra is revered and feared in Bangladesh; it is associated with the snake goddess Manasa. The exhibit includes a warning about snakebite and the importance of antivenom. The snake was collected from the Sundarbans after it died of natural causes, then preserved by the museum’s taxidermist.",https://drive.google.com/file/d/1pdfZEk6BM9ZDjQvGsQgadcCeWtRZimnO/view?usp=sharing,https://bangladeshmuseum.gov.bd/pages/photo-galleries/100-artifacts
Stuffed Python,Bangladesh National Museum,Natural Specimen,Taxidermy,Modern,Sundarbans,Natural History Gallery,,,"Preserved python specimen, large reptile of Bangladesh. The reticulated python (Malayopython reticulatus) is a non-venomous constrictor that can grow over 6 meters. This specimen is about 5 meters long and is displayed in a coiled position, as if resting. The skin has a beautiful geometric pattern of brown, yellow, and black. Pythons are often killed for their skin and meat, but this specimen was donated by a wildlife sanctuary after it died of an injury. The exhibit explains that pythons play a vital role in controlling rodent populations. The python’s jaws are spread open to show how they can swallow prey much larger than their head.",,https://bangladeshmuseum.gov.bd/pages/photo-galleries/100-artifacts
Stuffed Deer,Bangladesh National Museum,Natural Specimen,Taxidermy,Modern,Sundarbans,Natural History Gallery,,,"Preserved spotted deer specimen, common Sundarbans fauna. The spotted deer (Axis axis) is the primary prey of the Royal Bengal Tiger in the Sundarbans. This specimen is a male with antlers in velvet. The deer is mounted in a grazing pose, with its head lowered. The coat has the characteristic white spots on a reddish-brown background, which fade with age. The deer was collected from the Sundarbans after it was killed by a tiger; the forest department recovered the carcass and donated it to the museum. The exhibit shows the close relationship between predator and prey in the ecosystem.",,https://bangladeshmuseum.gov.bd/pages/photo-galleries/100-artifacts
Stuffed Leopard Cat,Bangladesh National Museum,Natural Specimen,Taxidermy,Modern,Sundarbans,Natural History Gallery,,,"Preserved leopard cat specimen, small wild feline. The leopard cat (Prionailurus bengalensis) is about the size of a domestic cat but with a longer tail and more spots. This specimen shows the spotted coat that gives it its name. The cat is mounted in a stalking posture, with its body low to the ground. Leopard cats are nocturnal and are rarely seen in the wild, so this exhibit provides a rare glimpse. The cat was donated by a villager who found it dead on a road (roadkill). The specimen is used to teach about the diversity of wild cats in Bangladesh, which also includes the fishing cat and the jungle cat.",,https://bangladeshmuseum.gov.bd/pages/photo-galleries/100-artifacts
Stuffed Fishing Cat,Bangladesh National Museum,Natural Specimen,Taxidermy,Modern,Sundarbans,Natural History Gallery,,,"Preserved fishing cat specimen, semi-aquatic feline. The fishing cat (Prionailurus viverrinus) is a medium-sized wild cat adapted to wetlands. This specimen shows the cat’s webbed feet (visible in the mount) and its coarse, olive-grey fur with dark spots. The cat is mounted in a pose reaching into water with one paw, as if fishing. Fishing cats are endangered in Bangladesh due to loss of wetlands. This specimen came from the Sundarbans, where a few remain. The exhibit explains that fishing cats have been observed using their paws to scoop fish out of the water, and they even dive after prey.",,https://bangladeshmuseum.gov.bd/pages/photo-galleries/100-artifacts
Stuffed Otter,Bangladesh National Museum,Natural Specimen,Taxidermy,Modern,Sundarbans,Natural History Gallery,,,"Preserved otter specimen, aquatic mammal of Bangladesh. The smooth-coated otter (Lutrogale perspicillata) is a large otter found in the rivers and mangroves of Bangladesh. This specimen shows the otter’s sleek, dark brown fur and its webbed feet. The mount shows the otter sliding on a muddy bank, a typical behavior. Otters are sometimes used by fishermen in Bangladesh to drive fish into nets, a traditional practice known as ”otter fishing” which is now rare. This specimen was donated by a fisherman who no longer used otters. The exhibit discusses the relationship between otters and humans in Bangladesh.",,https://bangladeshmuseum.gov.bd/pages/photo-galleries/100-artifacts
Stuffed Monitor Lizard,Bangladesh National Museum,Natural Specimen,Taxidermy,Modern,Sundarbans,Natural History Gallery,,,"Preserved monitor lizard specimen, reptile of Bangladesh. The Bengal monitor (Varanus bengalensis) is a large lizard that can grow up to 1.5 meters. This specimen is about 1 meter long, with a muscular body, strong claws, and a forked tongue. The lizard is mounted climbing a tree trunk. Monitors are often killed for their skin and meat, and also for use in traditional medicine. This specimen was confiscated from poachers by forest officials and then donated to the museum. The exhibit educates visitors about the ecological role of monitors as scavengers and predators of insects and small animals.",,https://bangladeshmuseum.gov.bd/pages/photo-galleries/100-artifacts
Stuffed Parrot,Bangladesh National Museum,Natural Specimen,Taxidermy,Modern,Bangladesh,Natural History Gallery,,,"Preserved parrot specimen, colorful bird of South Asia. The rose-ringed parakeet (Psittacula krameri) is a common parrot in Bangladesh, known for its green plumage and the black and rose ring around the neck of males. This specimen is a male, mounted on a perch, with its wings slightly spread. The beak is red and curved. Parrots are popular as pets, but this specimen is wild-caught (from a market seizure). The exhibit discusses the illegal pet trade and the importance of keeping wild birds in the wild. The bright colors make it a favorite with children.",,https://bangladeshmuseum.gov.bd/pages/photo-galleries/100-artifacts
Stuffed Owl,Bangladesh National Museum,Natural Specimen,Taxidermy,Modern,Bangladesh,Natural History Gallery,,,"Preserved owl specimen, nocturnal bird of prey. The Indian eagle-owl (Bubo bengalensis) is a large owl with distinctive ear tufts. This specimen is mounted with its eyes wide open, showing the characteristic forward-facing eyes of owls. The plumage is mottled brown and buff for camouflage. Owls are often associated with superstition in rural Bangladesh (considered omens of bad luck), leading to persecution. The exhibit aims to correct these misconceptions by explaining that owls are beneficial because they eat rats and insects. The specimen was collected from a farmer who had killed it; the museum uses it as a teaching tool for conservation.",,https://bangladeshmuseum.gov.bd/pages/photo-galleries/100-artifacts
Stuffed Eagle,Bangladesh National Museum,Natural Specimen,Taxidermy,Modern,Bangladesh,Natural History Gallery,,,"Preserved eagle specimen, raptor of Bangladesh. The steppe eagle (Aquila nipalensis) is a migratory bird of prey that winters in Bangladesh. This specimen is mounted in a soaring pose, with wings fully extended. The feathers are dark brown, and the beak is hooked. Eagles are apex predators, feeding on small mammals and birds. This eagle was found dead after colliding with a power line, a common cause of death for large birds. The exhibit discusses the threats migratory birds face and the need for international cooperation to protect them. The wingspan of this specimen is about 1.8 meters, making it an impressive sight.",,https://bangladeshmuseum.gov.bd/pages/photo-galleries/100-artifacts
Stuffed Vulture,Bangladesh National Museum,Natural Specimen,Taxidermy,Modern,Bangladesh,Natural History Gallery,,,"Preserved vulture specimen, scavenger bird. The white-rumped vulture (Gyps bengalensis) was once the most common vulture in Bangladesh, but its population has crashed by over 99% due to the veterinary drug diclofenac. This specimen is a sobering reminder of the crisis. The vulture is mounted standing on the ground, with its wings folded. Its white neck and back contrast with the dark body. The exhibit includes a detailed explanation of how diclofenac causes kidney failure in vultures and what is being done to save them (captive breeding, banning the drug). The specimen is one of the few remaining evidence of a once-thriving population.",https://drive.google.com/file/d/13RlvbrU1fhFgLlT8crdWsay1KALuSdAl/view?usp=sharing,https://bangladeshmuseum.gov.bd/pages/photo-galleries/100-artifacts
Stuffed Pigeon,Bangladesh National Museum,Natural Specimen,Taxidermy,Modern,Bangladesh,Natural History Gallery,,,"Preserved pigeon specimen, common bird of Bangladesh. The rock pigeon (Columba livia) is ubiquitous in cities and villages across Bangladesh. This specimen is mounted on a small platform, showing the typical gray plumage with iridescent neck feathers. While pigeons are common, this specimen is used to teach basic bird anatomy and the differences between wild and domestic species. The pigeon was donated by a breeder who had a surplus. The exhibit notes that pigeons have been domesticated for thousands of years and have been used to carry messages.",,https://bangladeshmuseum.gov.bd/pages/photo-galleries/100-artifacts
Stuffed Dove,Bangladesh National Museum,Natural Specimen,Taxidermy,Modern,Bangladesh,Natural History Gallery,,,"Preserved dove specimen, symbol of peace. The spotted dove (Spilopelia chinensis) is a smaller relative of the pigeon, with a distinctive black patch with white spots on the neck. This specimen is mounted on a branch, with its tail feathers spread. Doves are often seen as gentle birds and are mentioned in Bengali literature. This specimen was collected from Dhaka University campus, where doves are common. The exhibit compares the dove to the pigeon, explaining the differences in size, color, and behavior.",,https://bangladeshmuseum.gov.bd/pages/photo-galleries/100-artifacts
Stuffed Crow,Bangladesh National Museum,Natural Specimen,Taxidermy,Modern,Bangladesh,Natural History Gallery,,,"Preserved crow specimen, common urban bird. The house crow (Corvus splendens) is one of the most intelligent and adaptable birds in Bangladesh. This specimen is mounted on a railing, mimicking a pose commonly seen in cities. The crow’s black plumage is slightly iridescent. Crows are often considered pests, but the exhibit highlights their intelligence (tool use, facial recognition) and their ecological role as scavengers. The specimen was collected from Old Dhaka, where crows are abundant. It is a familiar sight for visitors, making it an effective teaching tool about urban wildlife.",https://drive.google.com/file/d/13jBuV6xaHvapnu0zxdFhzGAHTNE9-nB6/view?usp=sharing,https://bangladeshmuseum.gov.bd/pages/photo-galleries/100-artifacts
Stuffed Mynah Bird,Bangladesh National Museum,Natural Specimen,Taxidermy,Modern,Bangladesh,Natural History Gallery,,,"Preserved mynah bird specimen, songbird of South Asia. The common mynah (Acridotheres tristis) is a brown bird with a yellow beak and yellow eye patches. This specimen is mounted on a branch, with its beak open as if singing. Mynahs are known for their ability to mimic human speech and are popular pets. However, this specimen is wild, collected from a forest. The exhibit explains that mynahs are also invasive species in some parts of the world (like Australia). The specimen is often used in educational programs to teach children about bird calls and mimicry.",,https://bangladeshmuseum.gov.bd/pages/photo-galleries/100-artifacts
Stuffed Sparrow,Bangladesh National Museum,Natural Specimen,Taxidermy,Modern,Bangladesh,Natural History Gallery,,,"Preserved sparrow specimen, common bird of Bangladesh. The house sparrow (Passer domesticus) is a small brown and gray bird that lives closely with humans. This specimen is mounted on a windowsill, a typical habitat. Sparrow populations have declined in many cities due to pollution and lack of nesting sites, including in Dhaka. The exhibit discusses the causes of decline and what people can do to help (put out water, nest boxes). The specimen was collected from a rural area where sparrows are still common. It is a nostalgic exhibit for older visitors who remember sparrows in the city.",,https://bangladeshmuseum.gov.bd/pages/photo-galleries/100-artifacts
Stuffed Kingfisher,Bangladesh National Museum,Natural Specimen,Taxidermy,Modern,Bangladesh,Natural History Gallery,,,"Preserved kingfisher specimen, aquatic bird. The white-throated kingfisher (Halcyon smyrnensis) is a brightly colored bird with a blue back, brown head, and white throat. This specimen is mounted on a branch over a painted pond, with a small fish in its beak. Kingfishers are often seen near water bodies, diving for fish. The exhibit explains their hunting technique and their importance in controlling fish populations. The bright colors of this specimen make it one of the most visually appealing in the gallery. It was collected from the wetlands of Sylhet.",,https://bangladeshmuseum.gov.bd/pages/photo-galleries/100-artifacts
Stuffed Duck,Bangladesh National Museum,Natural Specimen,Taxidermy,Modern,Bangladesh,Natural History Gallery,,,"Preserved duck specimen, waterfowl of Bangladesh. The mallard (Anas platyrhynchos) is a common duck found in wetlands across Bangladesh. This specimen is a male in breeding plumage, with a glossy green head and a white collar. The duck is mounted in a swimming pose, with its feet tucked under. Ducks are both wild and domesticated in Bangladesh; this specimen is wild. The exhibit explains the difference between mallards and domestic ducks, and also discusses the hunting of waterfowl in Bangladesh (which is regulated). The specimen was donated by a hunter who decided to stop hunting.",,https://bangladeshmuseum.gov.bd/pages/photo-galleries/100-artifacts
Stuffed Goose,Bangladesh National Museum,Natural Specimen,Taxidermy,Modern,Bangladesh,Natural History Gallery,,,"Preserved goose specimen, waterfowl of Bangladesh. The greylag goose (Anser anser) is the ancestor of most domestic geese, but wild geese are rare in Bangladesh as they are winter migrants. This specimen is a wild greylag goose that was found injured and later died in captivity. The goose is mounted standing, with its long neck extended. Geese are known for their loud honking and for flying in V-formation. The exhibit discusses the migration routes of geese, which fly from Central Asia to Bangladesh every winter. This specimen is important for teaching about bird migration.",,https://bangladeshmuseum.gov.bd/pages/photo-galleries/100-artifacts
Stuffed Swan,Bangladesh National Museum,Natural Specimen,Taxidermy,Modern,Bangladesh,Natural History Gallery,,,"Preserved swan specimen, waterfowl of Bangladesh. The mute swan (Cygnus olor) is not native to Bangladesh; this specimen was donated by a zoo where the swan died. Swans are kept in captivity in parks and zoos for their beauty. This mount shows the swan with its wings slightly lifted, showcasing the large wingspan (over 2 meters). The swan’s orange beak with a black knob is characteristic. While not a wild species in Bangladesh, the swan is included in the gallery as an example of the diversity of waterfowl worldwide and to teach about the care of captive animals. The exhibit also distinguishes between swans, geese, and ducks.",,https://bangladeshmuseum.gov.bd/pages/photo-galleries/100-artifacts
Stuffed Crane,Bangladesh National Museum,Natural Specimen,Taxidermy,Modern,Bangladesh,Natural History Gallery,,,"Preserved crane specimen, wading bird. The sarus crane (Antigone antigone) is the world’s tallest flying bird, standing up to 1.8 meters. This specimen is nearly that tall, with long legs, a long neck, and a red head. The sarus crane is endangered in Bangladesh, with only a few pairs remaining in the wetlands of the north. This specimen was collected in the 1980s, before the population crashed. The mount shows the crane in a courtship display, with its wings spread and head bowed. The exhibit explains the threats to sarus cranes (habitat loss, egg collection) and conservation efforts. It is one of the most spectacular specimens in the gallery.",,https://bangladeshmuseum.gov.bd/pages/photo-galleries/100-artifacts
Stuffed Stork,Bangladesh National Museum,Natural Specimen,Taxidermy,Modern,Bangladesh,Natural History Gallery,,,"Preserved stork specimen, wading bird. The painted stork (Mycteria leucocephala) has a distinctive pinkish-white plumage and a long yellow beak. This specimen is mounted standing in shallow water (represented by painted wood). The stork’s wings are folded, but the pink color is still visible. Painted storks are colonial nesters and are found in the wetlands of Dhaka and elsewhere, though they are becoming rare. This specimen was collected from a colony that was destroyed by development. The exhibit discusses the importance of wetlands for migratory and resident birds.",,https://bangladeshmuseum.gov.bd/pages/photo-galleries/100-artifacts
Stuffed Heron,Bangladesh National Museum,Natural Specimen,Taxidermy,Modern,Bangladesh,Natural History Gallery,,,"Preserved heron specimen, wading bird. The purple heron (Ardea purpurea) is a large heron with a slate-gray body and a chestnut-colored neck. This specimen is mounted in a hunting pose, standing still with its neck curved. Herons are solitary hunters that stand motionless in water, waiting for fish. The exhibit explains the heron’s hunting technique and its adaptations (long legs, sharp beak). This specimen was collected from the Chittagong Hill Tracts. Herons are common but are often mistaken for cranes; the exhibit clarifies the differences.",,https://bangladeshmuseum.gov.bd/pages/photo-galleries/100-artifacts
Stuffed Egret,Bangladesh National Museum,Natural Specimen,Taxidermy,Modern,Bangladesh,Natural History Gallery,,,"Preserved egret specimen, wading bird. The little egret (Egretta garzetta) is a small, all-white heron with black legs and yellow feet. This specimen is mounted with its wings spread, showing the delicate plumes (aigrettes) that were once prized for the feather trade. The exhibit discusses how the feather trade almost drove egrets to extinction in the late 19th century, leading to the first conservation movements. This specimen is a reminder of the impact of fashion on wildlife. It was donated by a former feather trader who turned conservationist.",,https://bangladeshmuseum.gov.bd/pages/photo-galleries/100-artifacts
Stuffed Pelican,Bangladesh National Museum,Natural Specimen,Taxidermy,Modern,Bangladesh,Natural History Gallery,,,"Preserved pelican specimen, aquatic bird. The spot-billed pelican (Pelecanus philippensis) is a large water bird with a massive throat pouch. This specimen is mounted with its pouch inflated, showing the elastic skin that can hold up to 13 liters of water. Pelicans are found in the wetlands of Bangladesh, but their populations have declined. This specimen was collected from a zoo where the pelican died of old age. The exhibit explains how pelicans use their pouch to scoop up fish and how they work together in groups to herd fish. The large size and unusual appearance make it a crowd-pleaser.",,https://bangladeshmuseum.gov.bd/pages/photo-galleries/100-artifacts
Copperplate Inscription of Sri Chandra,Bangladesh National Museum,Inscription,Copper,10th century CE,Mainamati,Epigraphy Gallery,28 x 10 cm,Excavation from Mainamati,"This copperplate charter issued by King Sri Chandra of the Chandra dynasty records a land grant to a Brahmin. The inscription is in Sanskrit and the script is a variant of northern Gupta. The plate is one of the most important sources for the history of the Chandra dynasty, which ruled over eastern Bengal and the Samatata region. The copperplate is well preserved, with the text legible. It is displayed with a transliteration and translation, allowing visitors to read the original grant, which includes details about the donor, donee, boundaries of the land, and witnesses. This is a key artifact for understanding the administrative and legal systems of early medieval Bengal.",https://upload.wikimedia.org/wikipedia/commons/thumb/b/b8/Copperplate_inscription.jpg/320px-Copperplate_inscription.jpg,https://bangladeshmuseum.gov.bd/pages/photo-galleries/100-artifacts
Silver Coin of Emperor Akbar,Bangladesh National Museum,Coin,Silver,16th century CE,Not specified,Numismatics Gallery,Diameter 20 mm,,"A silver rupee (square shape) issued by the Mughal Emperor Akbar from the mint of Dhaka. The coin is inscribed with the Arabic kalima on one side and the name of Akbar on the other. This coin is evidence of Mughal control over Bengal and the integration of Bengal into the Mughal monetary system. The square shape is unique to Akbar's coins and reflects his innovative approach to administration. The coin is in excellent condition, with the inscriptions clearly legible. It was part of a hoard discovered near Old Dhaka.",,https://bangladeshmuseum.gov.bd/pages/photo-galleries/100-artifacts
Cannon of Sher Shah Suri,Bangladesh National Museum,Weapon,Brass/Bronze,1541–1542 CE (948 AH),"Gaur (Jannatabad), Bengal",Arms Gallery,~135 cm length; bore ~2.5 cm,Acquired from historical Bengal sites,"One of seven Sher Shahi cannons held at the Bangladesh National Museum. These distinctive light bronze cannons bear Persian inscriptions dated 948 AH (1541–1542 CE), naming the manufacturer as Saiyad Ahmad Rumi and recording that they were cast under the command of Khwaja Basharat Sultani, Sher Shah's governor of Jannatabad (present-day Gaur in Bengal). The most striking feature is the tiger-head-shaped muzzle — the open jaws of a tiger form the mouth of the barrel, reflecting Sher Shah Sur's royal emblem and the Persian 'Sher' (lion/tiger) in his name. The barrel is narrow and cylindrical, approximately 4 ft 5 in (135 cm) long with a bore diameter of roughly 1 inch at the muzzle, with trunnions positioned near the mid-point. A long rear handle allowed the cannon to be steadied or repositioned. Sher Shah famously deployed 4,000 such light zarb-zan (swivel guns), each weighing 60–100 kg, in his campaigns to briefly displace the Mughal emperor Humayun (1540–1545). The BNM specimens are classified as 'Pre-Mughal cannons of Bengal' and are key to understanding the transfer of artillery technology from the Middle East, Central Asia, and Portugal into Bengal during the 16th century.",https://drive.google.com/file/d/1uMH629WjeVs9ccYwl7DCxFlXot-yCb6Z/view?usp=sharing,https://bangladeshmuseum.gov.bd/pages/photo-galleries/%E0%A7%A7%E0%A7%A6%E0%A7%A6-%E0%A6%A8%E0%A6%BF%E0%A6%B0%E0%A7%8D%E0%A6%A6%E0%A6%B6%E0%A6%A8-%E0%A6%B8%E0%A6%82%E0%A6%96%E0%A7%8D%E0%A6%AF%E0%A6%BE-360f62-6922dda281fc96cef9ec0e6e
Purusottoma,Bangladesh National Museum,,,,,,,,,https://drive.google.com/file/d/1W5EJgLa356m01cXc-uBI35rxrAzDVhnQ/view?usp=sharing,
Door frame,Bangladesh National Museum,,,,Dinajpur distric,,,,,https://drive.google.com/file/d/1fsvNS-Ut002k0BMwMtRpvAoeaGy4qaQy/view?usp=sharing,https://www.academia.edu/1239312/Sculpture_a_Ancient_Period
Rāma Breaking the Bow — Terracotta Relief Panel,Bangladesh National Museum,Terracotta relief plaque,Fired terracotta,6th–7th century CE (late Gupta period),"Palashbari, near Mahasthangarh, Bogra District (in the vicinity of Govinda Bhita temple complex)",History and Classical Art Gallery,,,"One of a celebrated series of Rāmāyaṇa narrative relief panels recovered from Palashbari, close to the ancient Govinda Bhita temple site at Mahasthangarh, representing the peak of terracotta sculpture in Bengal during the late Gupta period. This particular panel depicts the pivotal svayamvara scene from the Rāmāyaṇa in which Rāma masters and breaks the great bow of Janaka to win Sītā as his wife. The composition shows Rāma as the central figure engaged dynamically with the bow, accompanied by the sage Viśvāmitra on the left — who places his right hand on Rāma's shoulder in admiration — and Lakṣmaṇa standing to the right watching in wonder. Each figure is carved in very high relief, practically freed from the background, and the characters partially overlap or hide the broad frame surrounding the panel — a hallmark of this school. The faces display wide open eyes and vivid individual expressions that convey the emotional charge of the scene with exceptional strength. Bodies are full-volumed and dynamically posed, with nervously energetic but elegant lines; movement and feeling are expressed through varied gestures and facial expression to a degree not easily achieved in stone. The panels from Palashbari — almost certainly once distributed in horizontal rows across the outer brick walls of the Govinda Bhita temple — represent the unsurpassed achievement of Bengali artists in narrative terracotta, absorbing the Gupta aesthetic tradition and transforming it into something distinctly regional and dynamic",https://drive.google.com/file/d/1lZv9QTImyaVuEYYmJ7pomsE3xN_fRhE5/view?usp=sharing,https://www.academia.edu/1239312/Sculpture_a_Ancient_Period
Sitātapatrā,Bangladesh National Museum,Bronze cast image (lost-wax / cire perdue),Bronze (copper alloy),"8th–9th century CE (early Pala period, Samatata / Southeast Bengal school)",Comilla District (Lalmai-Mainamati region),History and Classical Art Gallery,,,"A significant bronze icon of Sitātapatrā — a protective Buddhist goddess whose name means ""she of the white parasol"" — recovered from Comilla district and representing the distinctive early cast-image tradition of Southeast Bengal. The surface of the figure reflects the smooth, soft modelling characteristic of the Lalmai-Mainamati atelier: a gentle, harmonious rendering of the body in which the dress clings to the limbs without any fold being indicated, underlining the shapes beneath. The face, unfortunately partially rubbed, originally displayed the tender and slightly compassionate smile typical of this school, with half-open eyes in the lotus-petal form. The deity is elegantly silhouetted in front of a plain back-slab adorned with rows of pearls and flames running along its edge, the whole composition bearing the umbrella (chattra) at the top — from which the goddess takes her name — though often broken away in surviving examples. The pedestal is elaborately worked, with lions and elephants on either side of the hanging drapery, and is widely open, creating internal iconographic space in contrast to the more compact northern examples. This image stands as an important representative of the highly refined Buddhist bronze-casting tradition centered on the Lalmai-Mainamati ridge, whose influence extended as far as Java (Indonesia) and Bihar in the 8th–9th centuries, attesting to the role of Southeast Bengal as a major centre for Buddhist art and maritime trade.",https://drive.google.com/file/d/1AaBQ-1ukCPHZInA8NBdq-40VJTnkjvM2/view?usp=sharing,https://www.academia.edu/1239312/Sculpture_a_Ancient_Period
"Air Force Badge, Uniform & Pen of Bir Shreshtha Matiur Rahman",Bangladesh National Museum,Personal military memorabilia,Wool/cotton uniform fabric; metal badge (brass/bronze); ink pen,1971 CE (Bangladesh Liberation War),"Bangladesh Air Force, Dhaka; recovered posthumously",Gallery 38 — Bangladesh's Struggle for Independence: Bengali Bangladesh Liberation War,,,"The service uniform, rank badge, and personal pen of Flying Officer Matiur Rahman, the only air force officer among the seven Bir Shreshtha — Bangladesh's highest gallantry award recipients. Born in 1941 in Norsingdi, Matiur joined the Pakistan Air Force and was stationed at Masroor Air Base in Karachi at the outbreak of war in 1971. On 20 August 1971, he hijacked a Pakistani T-33 jet trainer with trainee pilot Mintu Mia, planning to defect to India and join the resistance. During a struggle in the cockpit, the aircraft crashed in Thatta, Sindh, killing both men. He was 29. The uniform on display is a dark olive PAF service dress with his Flying Officer rank insignia; the brass wing-and-propeller badge marks his aircrew qualification. The pen — a modest everyday object — sits alongside as a quiet contrast to the dramatic circumstances of his death, humanising the hero. Pakistan returned his remains to Bangladesh in 2006; his name is among the most recognised of 1971 and the display is one of the most visited spots in the liberation war galleries.",https://drive.google.com/file/d/1tlGdvzzzArQqwjB1PXZQ8UPLNCAT3M67/view?usp=sharing,https://bdnews24.com/bangladesh/9338ac858dc5
Standing Woman (architectural panel with female figure),Bangladesh National Museum,Architectural wood carving / decorative panel,Wood (species unspecified; likely teak or sal),11th–12th century CE (Sena period / late medieval),"Uttar Kazi Qazba (North Kazi Qasba), Dhaka District",History and Classical Art Gallery,,,"One of an extremely small number of surviving medieval wood carvings from Bengal, this panel depicting a standing female figure is among the rarest artifacts in the Bangladesh National Museum collection. The climate of the Bengal delta is hostile to the preservation of organic material, making such survivals exceptional. The panel, recovered from a domestic or temple architectural context in Dhaka district, belongs directly to the 11th–12th century stone sculpture school of Southeast Bengal — sharing its stylistic vocabulary in form, proportion, and ornamental treatment, while exploiting the particular advantages of wood as a medium. The female figure stands in a measured, slightly tribhanga (three-bend) pose, carved in the niche of a decorative panel. The movements of the body and limbs are extremely restrained but quietly animated with a subtle inner energy and life; wood permits a far smoother, more sensuous and detailed surface rendering than stone, and this is fully exploited in the delicate modelling of the face, jewellery and dress. Carved either fully in the round or nearly so, the figure expresses perhaps the highest level of refinement achieved by the artists of the Delta. Together with a handful of comparable surviving pieces — wooden pillars from Rampal, a capital from Sonarang, and a lintel from Vikrampur — this panel testifies to a rich tradition of architectural wood sculpture in medieval Bengal that has been almost entirely lost to time and humidity.",https://drive.google.com/file/d/1UgOsEzMAq8q81vZCBJVa4v2SKvClD1r4/view?usp=sharing,https://www.academia.edu/1239312/Sculpture_a_Ancient_Period
"Bloodstained Blazer, Shirt & Shoes of Language Martyr Shafiur Rahman",Bangladesh National Museum,Personal clothing (martyrdom relics),"Wool blazer, cotton shirt, leather shoes; bloodstains preserved",21 February 1952 CE (Language Movement),"Dhaka, East Bengal (now Bangladesh)",: Gallery 38 — Bangladesh's Struggle for Independence,,,"The bloodstained blazer, shirt, and shoes worn by Shafiur Rahman on the day he was killed, making them among the most emotionally charged relics in the museum. Shafiur was a court employee and student activist who joined the massive Bengali-language protest march in Dhaka on 21 February 1952, when the Pakistani government had banned public assembly. Police opened fire on the crowd near the Dhaka Medical College, killing several demonstrators. Shafiur Rahman was shot and died on that day, becoming one of the primary martyrs of the Language Movement — the struggle to have Bengali recognised as an official language of Pakistan that would ultimately contribute to the 1971 independence movement. The dark fabric of the blazer retains visible dark bloodstains, preserved over seven decades. These garments function less as clothing than as physical testimony: tangible, irreducible proof of the violence of that day. The 21 February is now observed globally as International Mother Language Day, a UNESCO designation since 1999.",https://drive.google.com/file/d/1S6dN18mz0ROtZmmmpCwVTraTH6jxpw_K/view?usp=sharing,https://bdnews24.com/bangladesh/9338ac858dc5
Weapons used in 1971 war,Bangladesh National Museum,gun,,1971,,,,,,https://drive.google.com/file/d/1Tjws2Zt7_nFdmoeRI2CIyi36p0FpeteC/view?usp=sharing,
,Bangladesh National Museum,,,,,,,,,,
,Bangladesh National Museum,,,,,,,,,,
,Bangladesh National Museum,,,,,,,,,,
,Bangladesh National Museum,,,,,,,,,,
,Bangladesh National Museum,,,,,,,,,,
,Bangladesh National Museum,,,,,,,,,,
,Bangladesh National Museum,,,,,,,,,,
,Bangladesh National Museum,,,,,,,,,,
,Bangladesh National Museum,,,,,,,,,,
,Bangladesh National Museum,,,,,,,,,,
Soil map of Bagladesh,Bangladesh National Museum,Map,soil,,"Alfadanga,Faridpur",,,Mr. Shuvongkar Paul,The map is made using soil of 64 districts of Bangladesh,https://drive.google.com/file/d/1BpotTW7bhM9R9aINnjnYRgCHq-h56ci0/view?usp=sharing,
Rubber Making Display (Interpretive Exhibit),Bangladesh National Museum,Industrial / Natural Resources Diorama,,,,Natural History or Economic Botany section,,,"A three-part interpretive display documenting the rubber industry in Bangladesh, centred on the Chittagong Hill Tracts where rubber (Hevea brasiliensis) cultivation was introduced during the British colonial period. The display comprises three elements shown together in a single case. On the left stands a realistic model of a tapped rubber tree stump with the characteristic diagonal slash marks on the bark from which white latex flows into a small clay collection bowl at its base, alongside a young rubber sapling growing from sandy soil. On the wall hangs a composite photograph panel labelled লাভার তৈরি / Rubber Making in Bengali and English, showing five historical black-and-white photographs illustrating the full production process: the rubber plantation canopy, bark tapping in progress, workers processing raw latex on long tables, and the drying and smoking racks where sheets are cured. On the right wall hang two sheets of processed rubber — amber-brown, textured, waffle-patterned — representing the finished raw commodity exported from Bangladesh. The display contextualises rubber as one of the significant commercial plantation crops of the Chittagong Hill Tracts economy, alongside tea and bamboo.",https://drive.google.com/file/d/1BXERZE6K8vQi_2k7uCwGIDNlILtmuMu9/view?usp=sharing,
Shanghai Radio,Bangladesh National Museum,Scientific / Communication Instrument,"Wood veneer cabinet, metal chassis, vacuum tubes, fabric grille",1960s CE,,,"Height ~18 cm, Width ~37 cm, Depth ~17 cm (approx. from label)",Saiyedinshi Fahima Azhimun Nesa,"A vintage tabletop valve radio receiver manufactured by the Shanghai Radio Factory in China, model Type 161-1 — one of the most widely exported Chinese consumer radios of the 1960s. The set is housed in a warm brown wood-veneered rectangular cabinet with a large woven fabric speaker grille occupying most of the front face, behind which a small decorative shield badge identifies the manufacturer. The control panel below carries the brand name SHANGHAI in gold lettering across a black fascia, with two large rotary knobs — one for tuning, one for volume — flanking a multi-band frequency scale marked with three wavebands: Medium Wave (MW, 650–1600 kHz) and two Shortwave bands (SW.I and SW.II), along with a row of four white preset buttons. The Type 161-1 was capable of receiving international shortwave broadcasts, making it a significant object in the context of Bangladesh's Liberation War of 1971 — when radios of exactly this type were used by ordinary families to follow news from Swadhin Bangla Betar Kendra (Free Bengal Radio Station) and the BBC Bengali Service. The museum label notes it was used for listening to various broadcasts. Donated to the BNM in 2019.",https://drive.google.com/file/d/1evYlb9Mk4GsHGDnm2oDFwALCLR2F8whl/view?usp=sharing,
Traditional Bengali Boat Models (Bachari Noka),Bangladesh National Museum,Ethnographic / Maritime Heritage models,"Wood, bamboo, cane/reed (thatching)",,,Ethnology and Folk Heritage section,,,"A working cargo-and-sail river boat from Kushtia district, with a shallow flat-bottomed hull, a small roofed wooden cabin at the stern for the boatman, a central mast with cross-spar for sail rigging, and long bamboo oars for manoeuvring in calmer water. The Bachari is a multi-purpose craft widely used on the rivers of central and western Bangladesh for transporting goods and people. The model shows the practical carpentry of rural Bengali boat-building with no ornamentation — every element is functional.",https://drive.google.com/file/d/1FevmlRJporZkX2gV_APlIp2AbvKmjanq/view?usp=sharing,
Handwritten Quran Manuscript,Bangladesh National Museum,Manuscript / Religious Artifact,"Vellum or early paper, iron-gall ink Script: Early Arabic — Kufic style",,,Islamic Art and Manuscript Gallery,"Length 10 inches, Width 22 inches, Height 34 inches; Weight 4 kg; Pages: 372",,"A handwritten manuscript of the Holy Quran described on the museum label as a shadow copy (ছায়ালিপি) of the Mushaf-e-Usmani — the authoritative recension of the Quran compiled under the third Caliph Hazrat Uthman ibn Affan (RA) (644–656 CE), who standardised the text and dispatched copies to major Muslim cities. The script visible in the photograph is an early angular Arabic hand consistent with the Kufic tradition — one of the oldest calligraphic styles of the Arabic script, characterised by bold horizontal strokes, angular letterforms, and absence of diacritical vowel marks (tashkil), which is typical of the earliest Quranic manuscripts. The pages are of a warm cream-ivory colour showing significant age browning and foxing, and the ink — likely iron-gall — has darkened to near-black. The manuscript is displayed open at what appears to be an interior sura, written in a dense two-column layout of approximately 15–17 lines per page with no illuminated headings visible on this opening. At 372 pages and weighing 4 kg, this is a substantial full-text codex. Whether it is an authentic pre-modern manuscript or a scholarly facsimile reproduction of a Uthmanic original, it represents an important object in the BNM's Islamic heritage collection and in documenting the history of Quranic transmission.",https://drive.google.com/file/d/1IVoOWTM3g6EQJZS8airy56VdtA8F4ay9/view?usp=sharing,
Women Tea Pickers in the Hill Garden (Life-size Diorama),Bangladesh National Museum,Ethnographic Diorama / Living History Display,,,,Natural History or Ethnology section,,,"A large-scale, immersive diorama depicting the labour of women tea garden workers in the hill tea estates of the Sylhet region — the heart of Bangladesh's tea industry. Two life-size female mannequins, dressed in working saris with head coverings, are positioned among a dense planting of realistically rendered tea bushes (Camellia sinensis), their hands extended in the act of two-leaves-and-a-bud plucking, the standard harvesting technique for quality tea. The nearer figure carries a large wicker basket suspended from a headband across her forehead — the jhuri — the traditional carrying method in which the weight of the full basket of plucked leaves is borne by the neck and forehead rather than the hands, keeping both hands free for picking. Behind them a sweeping panoramic painted mural backdrop depicts the characteristic landscape of the Sylhet tea estates: terraced hillsides of vivid green tea bushes rolling across rounded hills beneath a cloud-filled sky, with additional worker figures visible in the middle distance. This diorama documents the lives of the largely female, predominantly Adivasi (indigenous) tea garden workforce — a community that has maintained the tea industry since the British colonial period but has historically faced significant social and economic marginalisation.",https://drive.google.com/file/d/1hEUWq3U39cC16nFQ49AGXOLRpKNTymDH/view?usp=sharing,
Traditional Garments: Choka and Chapkan,Bangladesh National Museum,Textile / Decorative Arts — Traditional Dress,,,,Decorative Arts or Ethnology section,,,"Three ornate full-length garments are displayed on mannequins within a glass case, with additional textile panels visible at the sides.Left — Choka (চোগা): A long flared outer robe in olive-gold silk with an overall small floral or boteh (paisley) brocade pattern woven across the body, and a broad, heavily embroidered dark border running along the hem and cuffs. The Choga is a traditional overgarment of Mughal and Persian origin worn by men of rank across the Indo-Persian cultural world. It falls to the ankle, is open at the front, and has long full sleeves.Centre — Chapkan (চাপকান): A fitted, knee-to-ankle-length coat in bright magenta silk with a dense woven gold zari (metallic thread) brocade of small repeating motifs across the entire surface, finished with a particularly heavy and elaborate gold border along the lapel, front opening, and hem. The Chapkan is a close-fitting garment derived from the Mughal court tradition — more structured and formal than the Choga — historically worn by nobles, officials, and grooms in wedding ceremonies. The vivid magenta with gold zari is a bridal or festive ceremonial combination.Right — Choka (চোগা), second example: A darker, slate-grey or charcoal outer robe with an extremely dense all-over surface of floral and arabesque embroidery covering practically the entire garment in a technique consistent with zardozi (gold and silver thread work) or fine block-printed resist-dyed fabric. The heavily worked surface would have required months of skilled handwork and represents a prestige garment of the highest order.",https://drive.google.com/file/d/119ZqZ9hfd-U9YHv9Ldi0PJK6tPR6bJzQ/view?usp=sharing,
Bust — Poet Rabindranath Tagore,Bangladesh National Museum,Portrait Sculpture,Bronze (with natural green-brown oxidation patina),,,Fine Arts / Literary Heritage section,Approximately 56 × 46 cm,,"A bronze portrait bust of Rabindranath Tagore (7 May 1861 – 7 August 1941) — Nobel Laureate in Literature (1913), poet, philosopher, composer, and the author of Amar Shonar Bangla, the national anthem of Bangladesh. The bust depicts Tagore in his characteristic elderly appearance, the form by which he is universally recognised: a broad, noble forehead framed by thick, wavy hair swept naturally back from the face, deepset and contemplative eyes under strong brows, a prominent straight nose, and the full, long flowing beard that became his most iconic physical feature. The sculptor has rendered the beard with considerable detail — individual locks and strands are modelled with sensitivity, giving the mass of hair an organic, living quality rather than a rigid sculptural convention. The drapery of the upper garment falls in broad, loosely worked folds across the chest and shoulders, suggesting the simple traditional chadar or shawl he habitually wore. The facial expression is meditative and inward — calm, wise, and gently melancholic in the way that characterises many of his most admired portraits. The surface of the bronze has developed a natural patina of warm brown and green oxidation, which gives the bust an aged, authoritative presence consistent with Tagore's standing as one of the defining figures of Bengali civilisation. Tagore's connection to present-day Bangladesh is direct and deep: he managed his family's zamindari estates at Shilaidaha (Kushtia), Shahjadpur (Sirajganj), and Patisar (Naogaon) for many years and composed some of his greatest works on the rivers and countryside of Bengal.",https://drive.google.com/file/d/17YAWkHhmQ7SgBXZlLROO6ckjf0grtK4Y/view?usp=sharing,
National Poet Kazi Nazrul Islam,Bangladesh National Museum,Portrait Sculpture,Bronze (with green oxidation patina),,,,,,"A bronze portrait bust of Kazi Nazrul Islam (25 May 1899 – 29 August 1976) — the National Poet (Jatiya Kabi) of Bangladesh, revolutionary lyricist, composer, novelist, and the most celebrated rebel voice in Bengali literature. Unlike the Tagore bust displayed nearby, this work depicts Nazrul in his youth — as the defiant, passionate young poet of the 1920s rather than the stricken older man of his later years. The face is full and youthful, with high, prominent cheekbones, wide eyes gazing upward and outward with an air of restless energy and defiance, and a slightly open, determined mouth. The hair is thick, wavy, and swept back from the forehead in loose natural curls that fall at the sides — a style consistent with his appearance in photographs from his most productive years. He wears an open-collared shirt, the collar loosely arranged, contributing to the impression of an unconventional, free-spirited personality. The bust is placed in front of a display panel that reproduces in large Bengali script one of Tagore's poems, alongside a historical photograph of Nazrul as a young man, creating a deliberate curatorial pairing of the two poets who together define the two great pillars of Bengali literary culture. The background poem, dated ২৬ চৈত্র ১৩০২ (26 Chaitra 1302 BS — 9 April 1896 CE), appears to be Tagore's Banga Mata — underscoring the thematic unity of both figures as voices of Bengali identity. Nazrul's body is interred at the Dhaka University campus mosque, making Bangladesh the country of his final rest and the primary custodian of his legacy.",,
Vishnu (Matsya Avatara) — মৎস্য অবতার,Bangladesh National Museum,Hindu Sculpture — Vaishnava,Black Basalt (Rajmahal black chlorite stone),8th–12th century CE (Pala period),"Vajrayogini (Bajrayogini), Munshiganj District",History and Classical Art,,,"Matsya — Sanskrit for ""fish"" — is the first of the ten principal avatars (Dashavatara) of Vishnu and the first intervention of divine preservation in Hindu cosmology. The myth exists in multiple versions across the Mahabharata, Shatapatha Brahmana, and the Puranas, but its essential structure is constant: at the end of a cosmic age, the demon Shankhasura stole the sacred Vedas — the divine knowledge that sustains the order of the universe — from the sleeping Brahma and concealed them in the depths of the primordial ocean. Vishnu descended in the form of a great fish to recover the Vedas from the cosmic deep and simultaneously guided the sage-king Manu and his family through the universal deluge (pralaya) in a great boat, thereby preserving the seed of humanity and all living beings for the new creation cycle to follow. The Matsya avatar thus carries a triple symbolic weight: it is an act of cosmic preservation (rescuing the Vedas), an act of civilisational salvation (guiding Manu through the flood — a narrative structurally parallel to the Mesopotamian and Biblical flood myths), and a cosmological marker (the transition between dissolution and new creation). As the first avatar it establishes the entire principle of Vishnu's avatarhood — that the divine descends into the world in embodied form whenever cosmic order (dharma) is threatened.The BNM Matsya Avatara from Vajrayogini, Munshiganj is carved in the fine-grained black basalt (Rajmahal black chlorite) that characterises the innumerable beautiful sculptures in Rajmahal Black Basalt Stone at the Bangladesh Museum from the Pala period. The stone's hardness permitted the extraordinarily fine surface detail — individual scales on the fish body, minute jewellery elements, subtle facial modelling — that distinguishes the best Pala carving from all contemporaneous Indian regional schools. 
Wikipedia

The upper human portion of the figure displays Vishnu in his standard four-armed manifestation, the body rendered with the full, smoothly modelled volumes of the Pala style — broad shoulders, a defined chest, a relatively narrow waist. The face carries the serene, inward-looking expression characteristic of Vaishnava images of the period: eyes slightly downcast and half-closed in the meditative yogic mode, brows gently arched, lips curved in the barely perceptible smile of divine composure. The kiritamukuta (tall cylindrical crown) rises above the head, and the standard Vaishnava ornaments — vanamala garland, kaustubha jewel on the chest, yajnopavita sacred thread, girdle, armlets, anklets — are rendered with careful attention to detail. The four hands hold the canonical Vaishnava attributes in their respective positions.

The transition between the human torso and the fish body is handled with the technical assurance of the mature Pala atelier — the transformation reads as natural and inevitable rather than awkward, the divine nature of Vishnu encompassing both forms simultaneously without contradiction. The fish body curves behind and below, its tail fin spreading at the base, the scaled surface texture providing a visual counterpoint to the smooth planes of the human torso above.

The sculpture is set against a prabhavali back-slab in the standard Bengal form, with flame borders running along the edge. Given its recovery from Vajrayogini in Munshiganj — the region of ancient Vikramapura — it belongs to the Southeast Bengal stylistic tradition and its characteristic clarity of composition and sensitivity of line.",https://drive.google.com/file/d/1GvMZhdKxQ4qQiFUY3Dhh-RE3LSHQeR_L/view?usp=sharing,https://en.banglapedia.org/index.php/Iconography
Kusumavahana (Damaged Image),Bangladesh National Museum,Hindu Sculpture,Black Basalt / Stone,10th–12th century CE (Pala period),"Niyamatpur, Naogaon District",History and Classical Art,,,"A damaged stone image of Kusumavahana recovered from Niyamatpur, Naogaon, now preserved in the Bangladesh National Museum. Kusumavahana — ""he whose vehicle is flowers"" — is an epithet associated with Kamadeva (the god of love) or with a specific form of a deity whose mount or vehicle is identified with blossoms. The damaged condition of the image prevents full iconographic reading, but the recovery from the Naogaon region places it within the North Bengal artistic tradition of the Pala period, characterised by the fine black basalt carving of the Rajmahal stone workshops.",,https://www.scribd.com/document/878106578/2018-Iconography-of-Stone-Sculptures
"Khadiravani Tara (Standing, with Ashokakanta-Marici and Ekajata)",Bangladesh National Museum,Buddhist Sculpture — Vajrayana,Black Stone,11th–12th century CE (late Pala period),"Rampal, Munshiganj",History and Classical Art,,,"A later and more elaborate standing Tara image from Rampal, Munshiganj — the same site that yielded the magnificent dancing Chamunda (Fig-21) described earlier — confirming Rampal as a major centre of religious sculptural production in the Vikramapura region. The goddess stands gracefully, two-armed, in the standard Tara iconographic mode: varada-mudra in the right hand and nilotpala stalk in the left. The composition is distinguished from the earlier Sukhabashpur example by the presence of two named attendant goddesses flanking the central Tara: Ashokakanta-Marici to her right and Ekajata to her left.

This specific triad — Tara with Ashokakanta-Marici and Ekajata — corresponds precisely to the form of Tara described in the Sadhanamala (the Vajrayana liturgical compendium of goddess iconographies) as Khadiravani Tara — literally ""Tara of the Acacia forest"" (khadira = Acacia catechu), a form of the goddess associated with a specific forest grove and with the particular protection she offers to those who practise her sadhana (meditation ritual) within such a setting. The Sadhanamala identification of this specific triad as Khadiravani Tara gives the sculpture a precise textual anchor in the liturgical literature of late Pala Vajrayana Buddhism, confirming it was produced not merely as a devotional image but as the material focus of a specific contemplative and ritual practice.

At the apex of the composition, five Transcendent Buddhas are arranged with Amoghasiddhi — the Buddha of the north, whose name means ""infallible accomplishment"" — placed in the central position. This confirms the family affiliation stated in the source text: Tara belongs to the family of Amoghasiddhi, and her presence within his mandala as the active, protective feminine principle of his enlightened activity is the cosmological statement that the sculpture's composition makes visible.",https://drive.google.com/file/d/1Hjx6Z1UPfYsLh_5MW-KMWhQVY1S-hdz5/view?usp=sharing,https://www.scribd.com/document/878106578/2018-Iconography-of-Stone-Sculptures
Parnashabari — Tribal Goddess Wearing Leaves,Bangladesh National Museum,Buddhist Sculpture — Vajrayana / Tantric,Black Stone,11th century CE (Pala period),"Vajrayogini, Munshiganj",History and Classical Art,,,"Two sculpture of this exceptionally rare goddess are now in the BNM — one from Vajrayogini, Munshiganj and one from Naynanda — making the museum the primary repository of Parnashabari imagery in the world. The Scribd source text itself flags the iconographic significance precisely: this is ""a unique figure of the Buddhist goddess only available from East Bengal"" — meaning Parnashabari as a sculptural type is geographically exclusive to this specific region and cannot be found in the Buddhist art of North Bengal, Bihar, or any other centre of Pala period production.

Parnashabari — Sanskrit for ""she who wears leaves as her garment"" (parna = leaf, shabara = tribal/forest-dweller) — is a forest deity of tribal origin who was absorbed into the Vajrayana pantheon as a goddess of healing, specifically as a protectress against contagious diseases and epidemics. Her tribal identity is declared by her garment of leaves rather than the silks and jewels of all other deities in the Pala sculptural tradition — a deliberately non-courtly iconographic statement that marks her as belonging to the margins of the social order and to the raw, unmediated power of the forest rather than the refined world of the monastery or palace.

The goddess is depicted standing in pratyalidha — the dynamic battle-lunge stance with the right leg advanced — trampling two male figures beneath her feet, these figures representing personified diseases (vyaadhis) that her worship conquers. She is three-headed and eight-armed. The source text specifies that in six of her hands she holds clockwise: elephant-goad (ankusha), arrow (bana), thunderbolt (vajra), leaves (parna — her defining attribute), bow (dhanu), and the threatening pointing gesture (tarjani-mudra). Two of the remaining hands are engaged in the trampling posture or in additional gestures not specified in this passage. She is pot-bellied — an iconographic feature associated with abundance and the earth's fertility — and is accompanied by two attendant figures, one of whom rides a donkey, a distinctly humble and non-royal mount consistent with her tribal, non-courtly identity.

On the pedestal below the main composition, a crawling figure with an elephant head holds a sword and shield — identified in the source text as an obstacle-demon (vighna), a supernatural being representing impediments that the goddess overcomes. At the apex of the composition, five Transcendent Buddhas (Dhyani Buddhas) are arranged with Amoghasiddhi — the Buddha of the north, associated with fearlessness and the wisdom of accomplished action — placed in the central position. This cosmological crown elevates Parnashabari from a tribal healing deity to a fully integrated figure within the Vajrayana mandala system, her healing power framed as an expression of Amoghasiddhi's indestructible compassionate activity.",https://drive.google.com/file/d/1VbZtYVZvrpAnZ6thN3O5bNvEDX4ruUtm/view?usp=sharing,
Pratisara / Mahapratisara — The Great Protectress,Bangladesh National Museum,Buddhist Sculpture — Vajrayana / Pancaraksha,,11th century CE (Pala period),"Vikrampur, Munshiganj District",,,,"A three-headed, eight-armed image of Pratisara — also called Mahapratisara, ""the Great Protectress"" — the foremost of the five Pancaraksha (""Five Protective Goddesses"") of Vajrayana Buddhism. The source text makes an observation of critical regional significance: ""the cult of these Five Protective deities was prevalent only in this area of Bengal"" — meaning eastern Bangladesh, specifically the Vikramapura / Munshiganj / Comilla zone. This geographical exclusivity mirrors the pattern seen with Parnashabari and confirms that the tantric Buddhist communities of Southeast Bengal developed specific goddess cults that had no parallel in the Buddhism of North Bengal, Bihar, or beyond.

The deity is seated in satvaparyankasana — the posture of heroic ease, with one knee raised — a posture of dignified, settled power appropriate to a great protectress. She is three-headed, the heads shown in relief-sculpture format, and eight-armed, though the upper portion of the image is damaged. The eight hands hold clockwise the following eight attributes as specified in the source: discus (cakra), trident (trishula), arrow (bana), sword (khadga), bow (dhanu), thunderbolt (vajra), hatchet (parashu), and noose (pasha) accompanied by the threatening pointing gesture (tarjani-mudra). This arsenal of eight weapons — spanning the attributes of Vishnu, Shiva, Indra, and the directional guardians — identifies Mahapratisara as a cosmic protectress capable of defeating threats from all directions and of all categories.

The combination of the three heads, the eight weapons, and the satvaparyankasana posture follows the iconographic prescription for Mahapratisara found in the Pancaraksha tantric texts — a class of protective literature whose practical application in ritual was the conferral of immunity from disease, poison, fire, flood, evil spirits, and all dangerous supernatural forces. The presence of this image from Vikrampur confirms that the Vikramapura monastery complex — capital city of the Candra, Varman, and Sena dynasties — sustained an active tradition of Pancaraksha worship alongside its better-documented Shaiva and Vaishnava religious life.",https://drive.google.com/file/d/1kUA1JcpeA-dPsYII00mEfm18FjswkyUW/view?usp=sharing,
Heruka (Two-armed),Bangladesh National Museum,Buddhist Sculpture — Vajrayana,Black Bassalt,10th–11th century CE (Pala period),"Shubhapur, Devidvar, Comilla District",History and Classical Art,,,"A sculpture of Heruka in his two-armed manifestation, recovered from Shubhapur in Devidvar, Comilla district. Heruka is one of the principal wrathful (krodha) deities of Vajrayana Buddhism — a fierce, ecstatic deity of the anuttarayoga-tantra class whose terrifying form represents the transformation of negative emotions into liberating wisdom. In his two-armed form he is typically depicted standing in a dynamic posture, naked or minimally clothed, adorned with bone ornaments (ashtamudrabhushana), displaying an expression of fierce compassion. The recovery from Comilla district — the region of the Lalmai-Mainamati ridge and Vikramapura — confirms the presence of advanced Vajrayana tantric practice in Southeast Bengal, consistent with the documented role of the Mainamati monasteries as centres of esoteric Buddhism from the 7th century onward and their artistic connections to Java and Bihar",https://drive.google.com/file/d/1CU9gnGsjuJnUA-w4yy69zkWSXYxfLQEq/view?usp=sharing,
Namasamgiti — Female Form (Namasamgiti-devi),Bangladesh National Museum,Buddhist Sculpture — Vajrayana / Tantric,Black Stone,11th century CE (late Pala period),"Vikrampur, Munshiganj District",History and Classical Art,,,"The goddess sits in vajraparyankasana — the cross-legged adamantine posture — inside a chaitya: the characteristic horseshoe-arched architectural frame of a Buddhist shrine, whose pointed arch and distinctive profile identifies the entire composition as a sacred space, a sanctuary within a sanctuary. This setting within a chaitya arch is consistent with other late Pala period images from Southeast Bengal in which the deity is shown residing within a miniature architectural structure, as documented by Bautze-Picron in the paper you uploaded.

She is three-headed — the three faces arranged frontally with the lateral heads in three-quarter profile, a compositional convention for multi-headed deities established throughout the Pala sculptural tradition — and twelve-armed, the twelve arms fanning symmetrically around the body, each hand holding a specific attribute. The twelve-armed configuration corresponds to the standard Namasamgiti description in the Dharmakosasamgraha and reflects the fullness of the deity's cosmological reach — twelve being a number of cosmological completeness in the Vajrayana system, corresponding to the twelve members of dependent origination (pratityasamutpada) and to the twelve-spoked wheel of the dharma.

While the specific attributes held in the twelve hands are not enumerated in the source text, the standard Namasamgiti attribute programme — drawn from the Sadhanamala and the Nispannayogavali — would include the sword of wisdom (khadga), the blue lotus (nilotpala), the bow and arrow, the vajra (thunderbolt), the book (pustaka — representing the Namasamgiti text itself), and various gestures of teaching, protection, and boon-giving. In the female form, some of these attributes would be modified to reflect her closer alignment with the Prajnaparamita and Tara traditions.",https://drive.google.com/file/d/1JgP-fw77zGxzLAcrT8mtFUFHPYEGywrT/view?usp=sharing,
Brahma (Caturmukha),Bangladesh National Museum,Hindu Sculpture — Brahmanical,Black Stone,10th century CE (Pala period),"Kalihar, Rajshahi District",History and Classical Art,Height 52 cm,,"A Pala-period blackstone sculpture of Brahma — the Creator god of the Hindu trinity (Trimurti) — seated in padmasana (lotus posture) on a large lotus throne, his characteristic four faces (caturmukha) arranged at the cardinal directions, with the principal face frontal and the three subsidiary faces visible in three-quarter profile to the left and right and implied at the back. The four faces reflect the theological identity of Brahma as the deity who presides over all four directions of space and whose creative speech (Vak) — the sacred syllable Om — resounded in all four directions simultaneously at the moment of cosmic creation.

The figure is four-armed, holding in his hands the standard Brahma iconographic attributes: a water vessel (kamandalu), associated with the primordial waters from which creation arose; prayer beads (akshamala), marking his status as the lord of cosmic time measured through ritual; and the Vedas (pustaka), the sacred texts that he holds as their ultimate author and guardian. His body is ornamented with jewellery consistent with the 10th-century Pala stylistic idiom — a necklace, armlets, and a girdle — rendered with the careful, restrained detail of the mature North Bengal school.

Beneath the lotus throne, Brahma's vahana (divine vehicle) the hamsa — the goose or swan, symbol of discriminating wisdom (viveka) and of the brahman in its unmanifest form — is visible, providing the cosmic mount upon which the Creator rides. Two small worshipping figures are positioned at the base of the pedestal, while two celestial attendant figures (vidyadharas) are carved in the upper corners of the composition carrying garlands in devotion. The back-slab shows various attendant deities and ornamental elements consistent with the 10th-century North Bengal compositional tradition.

The recovery from Kalihar in Rajshahi district places this within the North Bengal Pala school. Brahma, often a minor deity elsewhere, was notably popular in Bengal, evidenced by numerous 8th–9th century stone images identified in various museums. This 10th-century Kalihar Brahma extends that tradition into a slightly later period, showing the continued vitality of Brahma worship in North Bengal even as the major sculptural energy of the Pala period shifted toward Vishnu and Shaiva imagery in the 11th–12th centuries.",https://drive.google.com/file/d/1aPdv2MYqIkazvuOBQs4tald1cC4GsbbS/view?usp=sharing,
Nibedon Stupa,Bangladesh National Museum,Architectural Sculpture / Votive Monument,Black Stone,10th century CE (Pala period),"Bangarh, West Dinajpur District (Balurghat), India (now South Dinajpur)",History and Classical Art,Height 107 cm (1 metre 7 centimetres),,"A nibedon stupa — literally a ""dedicatory stupa"" (nibedan = offering/dedication in Bengali, from Sanskrit nivedana) — is a miniature architectural monument in stone, functioning as a votive offering placed within a temple precinct or monastery as an act of religious merit-making. It is a condensed, sculptural version of a full-scale Buddhist or Hindu religious tower, offered by a donor as a permanent act of devotion rather than built at full scale. This BNM example, recovered from Bangarh in West Dinajpur, is a remarkable specimen of this relatively rare genre of Pala-period religious art.

The monument takes the form of a tapering tower of octagonal or square plan rising from a broader base, the entire exterior surface elaborately carved in horizontal registers of diminishing width as the monument ascends. The lower section of the tower has deep-set arched niches on each face, within each of which stands a small carved figure of a deity — from the photograph, figures that appear to be standing male deities in the Vaishnava or Brahmanical tradition, each within its own miniature arched frame. Above the niche register, multiple horizontal bands of dense foliate and scrollwork ornament cover the tapering body of the tower — interlaced floral arabesque, lotus patterns, and geometric banding of the type characteristic of the mature Pala architectural ornamental vocabulary. The entire composition is crowned at the apex by a large amalaka — the ribbed melon-shaped finial of the Hindu rekha deul (curvilinear shikhara tower) — confirming that the monument's overall form is modelled on the North Indian temple tower rather than the hemispherical Buddhist stupa proper, despite its name. To the left in the photograph a second, plainer pillar of similar form is visible, suggesting the BNM holds at least two such votive pillars from Bangarh.",https://drive.google.com/file/d/1HrNUNTdA8fSyFF23FNsz87A8TqhRWBbo/view?usp=sharing,
Gauri with Infant Sadyojata Shiva,Bangladesh National Museum,Hindu Sculpture — Shaiva / Shakta,Black Basalt,11th–12th century CE (Pala-Sena period),"Dubalhati, Naogaon District",History and Classical Art,Length 71 cm (Daily Star source confirms 74.93 × 33.02 cm),,"One of the rarest and most theologically unusual sculptural types in the entire BNM collection — and indeed among the rarest iconographic types in all of Bengal's medieval sculpture — this horizontal relief slab depicts an extraordinarily intimate and tender mythological scene: the goddess Gauri (Parvati) reclining on her daybed as a new mother, with the infant Lord Shiva in the form of Sadyojata nursing at her breast.

The composition inverts the usual hierarchical relationship between Shiva and Parvati in Indian iconography — in which Shiva is the senior, omnipotent deity and Gauri his devoted consort — and instead shows the great god of destruction and dissolution as a newborn child, entirely dependent on the nurturing body of the goddess. This inversion encodes a profound and specifically tantric theological statement: that the male divine principle (Purusha / Shiva) is ultimately born of and sustained by the female divine principle (Prakriti / Shakti / Gauri), and that the goddess in her maternal aspect is cosmologically prior and causally supreme. Sadyojata — ""just born,"" the western face of Shiva associated with creation and the earth element — is here literally just born, the great Creator-Destroyer as an infant at the breast of the Mother of the Universe.

Reclining on her day bed with her newborn, bejeweled Gauri enjoys a foot rub from a lady-in-waiting. The baby nursing at her breast is Lord Shiva in the form of Sadyojata. The divine mother is healthy, conveyed by her contented smile and sensuous waist. Various offerings are laid below, and a host of diminutive deities assemble above to make this votive image more auspicious by their presence. They are comprised of Shiva in his aniconic form as the lingam, Shiva's sons Ganesha and Kartikeya, and the nine planetary bodies in Indian astronomy — the navagraha",https://drive.google.com/file/d/1ocDsa0WJpKawOOzYfL2xH7gZVnQ094N8/view?usp=sharing,
Tombstone Epitaph of Haji Shariatullah (সমাধিলিপি),Bangladesh National Museum,Architectural Sculpture / Inscribed Pillar,Black Stone,,Faridpur District,Islamic History / Medieval Bengal section,,,"A stone epitaph (mazarlipi or qabrlipi) bearing the tombstone inscription of Haji Shariatullah (c. 1781–1840 CE), founder of the Faraizi Movement (Faraezi Andolan) — one of the most significant Islamic reform movements in 19th-century Bengal and a major precursor to the broader social and anti-colonial consciousness that eventually shaped the independence movements of South Asia.

The inscription is engraved in dense naskh Arabic script on a rectangular black stone slab, beginning at the top with the Bismillah — Bismillah al-Rahman al-Rahim (""In the name of God, the Most Gracious, the Most Merciful"") — in an ornamental cartouche, followed by multiple lines of Arabic text recording the death, identity, and religious standing of the deceased. The date 1255 AH / 1840 CE is visible in the lower registers of the inscription. The clarity of the engraving and the density of the text suggest this was the work of a skilled professional calligrapher-stonemason, likely in the Persian-Arabic epigraphy tradition that flourished in Bengal under Mughal and later Nawabi patronage.

Haji Shariatullah was born in Bahadurpur, Faridpur district. He spent approximately twenty years studying in Mecca, where he came under the influence of the Wahhabi reform movement of Muhammad ibn Abd al-Wahhab and the broader movement for returning Islamic practice to its scriptural fundamentals. Returning to Bengal around 1820, he founded the Faraizi movement — named for its central emphasis on the faraiz (obligatory duties/pillars of Islam) — which called for:

Strict adherence to Quranic obligations and rejection of what he considered un-Islamic innovations (bid'ah) that had entered Bengali Muslim practice
The declaration that Friday prayers and Eid prayers were not obligatory in Bengal as it was Dar al-Harb (territory under non-Muslim rule) — a controversial ruling that distinguished his movement from others
Opposition to exploitative indigo planters and zamindars — making the Faraizi movement simultaneously a religious reform and a peasant resistance movement against British colonial economic oppression
Shariatullah died in Bahadurpur, Faridpur in 1840 and was buried there. His son Dudu Miyan (Muhammad Muhsinuddin) continued and radicalised the movement after his death. The removal of his tombstone inscription from Faridpur to the BNM has preserved what would otherwise be a vulnerable outdoor epigraphic record, making the museum the primary custodian of this material document of one of Bengal's most important 19th-century religious and social leaders.",https://drive.google.com/file/d/1kebmyrbrMjJVoCibYaJBKzWvXztllSrI/view?usp=sharing,
Inscribed Pillar (Stambha) — Kamboja Dynasty,Bangladesh National Museum,Architectural Sculpture / Inscribed Pillar,Black Stone,966 CE (confirmed date in inscription),"Bangarh, West Dinajpur District, India (now South Dinajpur)",History and Classical Art,Height 255 cm (2 metres 55 centimetres),,"A monumental inscribed black stone pillar, standing 255 cm tall, erected in 966 CE by order of a king of the Kamboja dynasty — making it one of the most precisely dated pieces of monumental stone architecture from 10th-century Bengal in any museum collection, and a primary historical document of one of the least studied dynasties of early medieval Bengal.

The pillar is octagonal in plan — its eight faces carrying the continuous decorative programme around its circumference — and tapers slightly from a broader square base to a more slender shaft and an elaborately carved capital. The carved decoration is organised in horizontal registers of diminishing height as the pillar ascends. The lower section bears figural carved panels — divine or royal figures within arched niches. The middle shaft carries bands of floral and geometric ornament in the mature Pala-period North Bengal idiom. The capital is the most elaborately worked section, with multiple stacked bands of dense interlaced foliage, kirtimukha (monstrous face of glory), and pearl borders beneath the broad flat top of the capital. The inscription — confirming the date of 966 CE and the Kamboja dynastic identity — would be carved on one or more faces of the shaft or base.

The Kamboja Dynasty in Bengal: The Kambojas were a people of northwestern origin — associated in ancient sources with the Kamboja country of the northwest frontier — who established a ruling dynasty in North Bengal in the 10th–11th centuries, displacing the weakened Pala rulers. The Kamboja-Pala dynasty, known by this name in the 10th and 11th centuries, established control over North and East Bengal after defeating the Pala rulers. Rajyapala was the founder of this dynasty, and the history of this dynasty is found in the Irda copper plate inscription. The 966 CE date on this pillar would place it in the reign of one of the earliest Kamboja rulers of Bengal — contemporary with or immediately following Rajyapala's consolidation of power — making it a primary epigraphic witness to the Kamboja takeover of North Bengal. The Bangarh provenance is significant: Bangarh (ancient Kotivarsya) was the most important administrative centre of North Bengal under successive dynasties, and the erection of a monumental inscribed pillar there was a deliberate act of political legitimation — claiming the ancient capital and its authority for the new Kamboja rulers.",https://drive.google.com/file/d/1sQ2gaRMhK86c_aqsp8j4sINlKCYeF6KC/view?usp=sharing,
Stone Pillar (Stambha),Bangladesh National Museum,Architectural Element / Temple Pillar,Sandstone,13th century CE (late Sena / early Sultanate transitional period),Barisal Distric,History and Classical Art,71.6 cm (label measurement — likely diameter or section height; full column considerably taller),,"A sandstone temple pillar of the 13th century from Barisal district — one of the very few stone architectural elements in the BNM collection from South Bengal and from the period immediately preceding the Muslim Sultanate's consolidation of power over Bengal. The warm buff-grey colour and granular texture of the sandstone contrasts sharply with the fine black basalt of the Pala-period sculptures surrounding it in the gallery, immediately signalling a different geological source, a different regional tradition, and a different historical moment.

The pillar is composed of three clearly differentiated sections. The base is square in plan with deeply carved ornamental panels on each face — small standing deity figures in arched niches are visible on two faces of the base in the photograph, each figure richly detailed despite the smaller scale, representing the guardian deities or dvarapalas that conventionally flank temple entrances and structural supports. Above the base, a concave moulding marks the transition to the shaft, which is circular in plan and carries multiple horizontal bands of carved ornament: a band of elongated pendant forms (alambi) in the lower shaft, above which a band of interlaced or knotted floral ornament fills the mid-section, and above that a further band of scrollwork. The capital is a large, fluted bell or cushion form (ghata-pallava or kalasa capital) of substantial diameter, with a beaded ring at its junction with the shaft and a flat abacus on top.

The 13th-century dating places this pillar at the most turbulent transitional moment in Bengal's cultural history — the period of the initial Muslim conquests of Bengal under Bakhtiyar Khilji (1203 CE) and the subsequent establishment of the Bengal Sultanate. The construction of a stone temple in Barisal in the 13th century — using the indigenous sandstone architectural tradition rather than the black basalt of the North Bengal school — indicates that Brahmanical temple construction continued in South Bengal even as political authority was transitioning, and that regional stone-carving traditions distinct from the Pala mainstream persisted into this period. The pillar is among the rare physical survivals of this transitional architectural moment in the BNM collection.",https://drive.google.com/file/d/1pmXfZEJ_VG2VvIObNtiE1WGXHOAGvZ2X/view?usp=sharing,
Varaha Avatara,Bangladesh National Museum,Hindu Sculpture,Black Bassalt,11th century CE (Pala period),"Bogra (Gokul, Bogra district)",Pre-Islamic Art and Sculpture Gallery,Height 104.14 cm,,"This sculpture depicts Vishnu in his Varaha (boar-headed) incarnation, rescuing the Earth Goddess from cosmic waters. Vishnu stands in alidha posture, with his right foot pressing upon the serpent Adisesa and his left bent upon a lotus upheld by the Naga king’s consort. His four hands hold the traditional attributes — gada (mace), chakra (discus), padma (lotus), and shankha (conch) — though the upper right hand and mace are broken.

The upper left hand supports a small female figure in anjali mudra, identified as the Earth Goddess (Prithvi). Vishnu is richly adorned with ornaments: necklace, earrings, armlets, girdle, and sacred thread (upavita). A vanamala garland flows down to his knees.

At the pedestal, Garuda is shown at the center, while worshippers kneel on either side in reverence. The prabhavali (back-slab) rises behind him, crowned with an inverted lotus and a kirtimukha at the top. Two vidyadharas approach with garlands. Despite slight mutilation on the left edge, the sculpture retains its grandeur.

This Varaha image embodies the Pala dynasty’s mastery of iconography, blending mythological narrative with refined stone carving. It symbolizes Vishnu’s cosmic role as preserver, saving the Earth from chaos and reaffirming divine kingship.",https://drive.google.com/file/d/1aF-cAaUmX08JqDQnZ_a5gA5B_vZhsMvS/view?usp=sharing,
Devi Gauri,Bangladesh National Museum,Hindu Sculpture,Black basalt,12th century,"Paikpara, Munshiganj",Pre-Islamic Art and Sculpture Gallery,Height 161 cm,,"This sculpture represents Devi Gauri, a serene and auspicious manifestation of Parvati/Durga, revered as the embodiment of purity, fertility, and maternal power. The figure is carved in chaturbhuja (four-armed) form, holding symbolic attributes: rosary (japamala), lotus flower, water pot (kamandalu), and one hand in abhaya mudra (gesture of reassurance). In some iconographic traditions, she may also hold a trident (trishula).

The goddess is adorned with bright ornaments — necklaces, bangles, mangalsutra, and nose-ring — and wears a richly carved sari, reflecting the Pala-Sena style of sculpture. Her face is calm and luminous, symbolizing her transformation from ascetic Parvati to radiant Gauri after penance and divine blessing.

At her feet, depictions of her vahana (vehicle) vary: sometimes a lizard (godha), sometimes a lion, linking her to Durga’s martial aspect. The back-slab (prabhavali) often features a crescent moon and accompanying deities such as Lakshmi, Saraswati, Kartikeya, and Ganesha, emphasizing her role as mother and cosmic matriarch.

This sculpture is a rare and significant example of Mahagauri iconography in Bengal, combining local stylistic features with pan-Indian goddess traditions. It highlights the Pala-Sena period’s devotion to Shakti and the artistic mastery of black basalt carving.",https://drive.google.com/file/d/1fr-yfXNx9wmyn95_63C6kRfYmKMMrzIn/view?usp=sharing,
Devi Chandi (চণ্ডী) — Fierce form of Parvati/Durga,Bangladesh National Museum,,,10th century CE (Pala period),"Vajrayogini, Munshiganj",,Height 107 cm,,"This sculpture represents Devi Chandi, the fierce manifestation of Parvati/Durga, revered as the embodiment of Shakti. According to the Markandeya Purana, Chandi is the slayer of demons such as Shumbha, Nishumbha, Chanda, and Munda, and in her Durga form she defeats Mahishasura.

The figure is carved in black basalt, standing with powerful posture and adorned with ornaments — necklaces, earrings, armlets, and a sacred thread. Her multiple arms (depending on iconographic variation) hold weapons and symbols of divine power, including trident, sword, lotus, and conch, while one hand is often in abhaya mudra (gesture of protection).

The back-slab (prabhavali) is decorated with celestial motifs, including kirtimukha at the top, symbolizing the warding off of evil. Chandi’s fierce yet protective expression embodies her dual role as destroyer of demons and guardian of devotees.",https://drive.google.com/file/d/1V-CcoghcGJDioOmHdV9lfVgRzDPujZQN/view?usp=sharing,
Silver Punch-Marked Coins (Karshapana),Bangladesh Bank Taka Museum,Coin / Numismatic Artifact,Silver,4th–2nd century BCE,"Bengal region / Wari-Bateshwar, Narsingdi",Gallery 1 — Ancient Currency,Diameter 10–20 mm; Weight 3–4 g,Bangladesh Bank collection / excavation finds,"Among the oldest coins found in the Indian subcontinent, these irregular silver punch-marked coins were cut from bars and stamped with symbols — sun, moon, hill, elephant, tree — each representing a specific authority. Thousands were excavated at Wari-Bateshwar, Narsingdi, pointing to an advanced ancient trading center. The museum's collection spans several types representing the earliest chapter of monetary history in Bengal.",,https://bb.org.bd/en/index.php/museum/index
Cowry Shells (Kauri) — Ancient Trade Currency,Bangladesh Bank Taka Museum,Trade Artifact / Proto-Currency,Marine shell (Cypraea moneta),Pre-historic – 19th century CE,Bengal (imported from Maldive Islands),Gallery 1 — Ancient Currency,Shell length 1–2.5 cm (collection ~50 specimens),Bangladesh Bank collection,"Cowry shells served as small-denomination currency in Bengal for thousands of years, imported from the Maldive Islands through ancient Indian Ocean trade. Durable, uniform, and difficult to counterfeit, they were used for everyday low-value transactions alongside metal coins, remaining in use in rural areas well into the early 20th century. The display traces the longest-serving currency medium in Bengal's monetary history.",,https://bb.org.bd/en/index.php/museum/index
Indo-Greek Silver Coins (Drachm),Bangladesh Bank Taka Museum,Coin / Numismatic Artifact,Silver,2nd–1st century BCE,Bactria / Northwest India (trade finds in Bengal),Gallery 1 — Ancient Currency,Diameter 16–20 mm,Bangladesh Bank collection / donated specimens,"Coins of the Greek kings who ruled in Bactria following Alexander's conquests, with Hellenistic portraits of kings on the obverse and Greek deities on the reverse. Their appearance in Bengal demonstrates long-distance trade connections. These are among the most artistically refined coins of the ancient world, and among the most unusual artifacts in the collection.",,https://bb.org.bd/en/index.php/museum/index
Kushan Empire Coins (Gold & Copper),Bangladesh Bank Taka Museum,Coin / Numismatic Artifact,Gold and Copper,30–375 CE (Kushan period),Bengal / Northwest India,Gallery 1 — Ancient Currency,Gold: ~19 mm; Copper: ~24 mm,Bangladesh Bank collection,"Gold and copper coins of the Kushan Empire — the powerful Central Asian dynasty controlling Silk Road trade. Kushan coins are iconographically diverse: emperors standing or on horseback on the obverse; Shiva, Buddha, Mithra, and fire-altar deities on the reverse, reflecting a multi-religious empire. Kushan-period coins found across the Bengal delta evidence active trade with overland routes through Kushan-controlled territory.",,https://www.dhakatribune.com/bangladesh/dhaka/2018/09/24/coins-and-currencies-taka-museum-makes-history-travel-easier
Harikel / Harikela Coins (Silver),Bangladesh Bank Taka Museum,Coin / Numismatic Artifact,Silver,7th–9th century CE,"Coastal Bengal — Sylhet, Noakhali, Mainamati (Comilla), Chittagong",Gallery 1 — Ancient Currency,Diameter 14–18 mm,Excavation finds including Mainamati (large collection),"Harikela silver coins were the dominant currency of coastal Bengal, circulating widely in Bay of Bengal maritime trade zones with Southeast Asia, Sri Lanka, and the Arab world. Bearing stylized symbols derived from Gupta-period traditions, a major cache was excavated at Mainamati. This display is the most significant assembly of Harikela coins in Bangladesh.",,https://www.dhakatribune.com/bangladesh/dhaka/2018/09/24/coins-and-currencies-taka-museum-makes-history-travel-easier
Gold Coins of Chandragupta (Gupta Period),Bangladesh Bank Taka Museum,Coin / Numismatic Artifact,Gold,4th–5th century CE (Gupta dynasty),Bengal / North India,Gallery 1 — Ancient Currency,Diameter 19–23 mm; Weight ~7.5–8 g,Bangladesh Bank collection (rare exhibit),"Gold coins of Chandragupta II (Vikramaditya) — described by the museum's keeper as one of Gallery 1's main attractions. Among the most beautifully designed ancient coins in the world, Gupta coins show the king hunting lion from horseback, playing the vina, or standing with a bow; the reverse shows goddess Lakshmi. Their presence underscores Bengal's participation in the Gupta imperial economic and cultural zone.",,https://www.dhakatribune.com/bangladesh/dhaka/2018/09/24/coins-and-currencies-taka-museum-makes-history-travel-easier
Delhi Sultanate Gold Coins (Tanka),Bangladesh Bank Taka Museum,Coin / Numismatic Artifact,Gold,13th–15th century CE,Delhi Sultanate mints (circulated in Bengal),Gallery 1 — Medieval Currency,Diameter 18–22 mm,Bangladesh Bank collection / donated specimens,"Gold tankas of Delhi Sultanate sultans — specifically mentioned among the museum's prize exhibits. Issued under Iltutmish, Alauddin Khalji, and Muhammad bin Tughluq, these coins bear the sultan's name and titles in Arabic naskh calligraphy, the kalima, and the mint name. The Sultanate-period tanka became the basis of subsequent Bengali monetary systems.",,https://www.discoverwalks.com/blog/bangladesh/top-10-fascinating-facts-about-currency-museum-of-bangladesh/
Bengal Sultanate Coins — Silver & Gold Tanka,Bangladesh Bank Taka Museum,Coin / Numismatic Artifact,Silver and Gold,14th–16th century CE (Bengal Sultanate),"Bengal Sultanate mints: Firuzabad, Pandua, Sonargaon",Gallery 1 — Medieval Currency,Diameter 18–24 mm,Bangladesh Bank collection,"A comprehensive display covering coins of major Bengal sultans including Shamsuddin Ilyas Shah, Alauddin Hussain Shah, and Nusrat Shah. Silver tankas bear fine Arabic calligraphy with the sultan's name, titles, kalima, and mint city. The gold tankas are especially rare. The series documents nearly two centuries of independent Bengali Muslim rule, and the mint cities reveal the geography of the sultanate's capitals.",,https://bb.org.bd/en/index.php/museum/index
Mughal Empire Coins — Gold Mohur & Silver Rupee,Bangladesh Bank Taka Museum,Coin / Numismatic Artifact,Gold and Silver,16th–18th century CE (Mughal period),"Mughal imperial mints: Akbarpur, Rajmahal, Dhaka (Jahangirnagar)",Gallery 1 — Medieval Currency,Gold mohur: ~20 mm; Silver rupee: ~19 mm,Bangladesh Bank collection,"A display of Mughal gold mohurs and silver rupees — the standardized imperial coinage dominating Bengal's monetary economy from 1576 until the mid-18th century. The obverse bears the emperor's name in Persian nasta'liq; the reverse carries the mint city, regnal year, and sometimes a Persian poetry couplet. Special focus on Dhaka (Jahangirnagar) mint coins — the Mughal provincial capital of Bengal — representing the economic output of Bangladesh's most important historical city.",,https://bb.org.bd/en/index.php/museum/index
"Coin Minting Dies — Kremnica, Japan & Germany",Bangladesh Bank Taka Museum,Minting Equipment / Industrial Artifact,Hardened steel,Modern (various dates),Kremnica Mint (Slovakia); Japan Mint (Osaka); Germany,Gallery 1 — Coin Production,Standard die dimensions,Donated by respective mints to Bangladesh Bank,"A special display of master coin-minting dies from three of the world's most celebrated mints — specifically highlighted as major attractions by the museum's keeper. The Kremnica Mint (founded 1328, Slovakia) is one of the world's oldest continuously operating mints. The Japan Mint (Osaka) is renowned for extraordinary precision and artistic quality. The German die represents European minting tradition. Displayed together, they allow visitors to understand the mechanical core of coin production across different national traditions.",,https://bangladeshpost.net/posts/visit-taka-museum-to-learn-about-ancient-to-modern-day-currencies-70299
Ancient Coin Storage Pot & Wooden Coin Boxes,Bangladesh Bank Taka Museum,Storage Artifact / Ceramic,Fired terracotta; teak wood; iron,Various periods (medieval era vessels),"Multiple excavation sites, Bangladesh",Gallery 1 — Ancient Currency,Pots: height 20–35 cm; Boxes: 30×20×15 cm,Excavation finds; Bangladesh Bank collection,"Clay pots and wooden boxes used to hoard and conceal coins — displayed alongside their associated coin finds. Hoards buried in pots are among the most important sources of ancient and medieval coins in Bangladesh: people buried savings during political instability, intending to recover them later. The display shows several vessel types matched to the coin types they contained, from ancient punch-marked silver to Sultanate tankas. Iron coin chests used by banks and money-lenders are also shown.",,https://tourtoday.com.bd/taka-museum-dhaka/
British India Coins — East India Company & Crown Series,Bangladesh Bank Taka Museum,Coin / Numismatic Artifact,"Silver, Nickel, Bronze",1757–1947 CE (British colonial period),"Calcutta Mint, British India",Gallery 1 — Colonial Currency,Various sizes,Bangladesh Bank collection,"A comprehensive display of East India Company and British Crown coins issued for India from 1757 to 1947 — covering Queen Victoria, Edward VII, George V, and George VI. Includes silver rupees, 8 annas, 4 annas, 2 annas, 1 anna, and pice denominations. The display documents the colonial monetization of Bengal, the displacement of local tanka currency, and a special 1947 series issued in the year of independence. These were the everyday coins of Bangladesh's territory for nearly two centuries.",,https://bb.org.bd/en/index.php/museum/index
Pakistani Rupee — Coins & Notes (1947–1971),Bangladesh Bank Taka Museum,Coin & Banknote / Historical Currency,"Nickel, bronze; paper",1947–1971 CE (Pakistan period),State Bank of Pakistan,Gallery 1 — Pakistan Period Currency,Various sizes,Bangladesh Bank collection,"A complete display of Pakistani rupee coins and banknotes that served as the official currency of East Pakistan (present-day Bangladesh) from 1947 to 1971. The banknotes' bilingual evolution — Urdu and Bengali — reflects the Language Movement's political impact on currency design. The collection includes all denominations from 1 paisa to 100 rupees, providing a full visual record of the monetary tokens of an era that ended with Bangladesh's independence in 1971.",,https://www.dhakatribune.com/bangladesh/dhaka/2018/09/24/coins-and-currencies-taka-museum-makes-history-travel-easier
First Bangladesh 1-Taka Note — 'Map Series' (1972),Bangladesh Bank Taka Museum,Banknote / Historical Currency,Paper (currency grade),4 March 1972 CE,Government of Bangladesh / Security Printing Press,Gallery 1 — Bangladesh Currency,122 × 60 mm,Bangladesh Bank archive,"The first official currency note of independent Bangladesh — the 1-taka 'Map Series', issued on 4 March 1972, just over three months after independence. The obverse features a map of Bangladesh; the reverse shows guilloche patterns. This note bears the Finance Secretary's signature (not the Bangladesh Bank Governor's), as the 1-taka is a government instrument. It remained legal tender until 30 March 1974. The most historically charged object in the museum: the moment Bangladesh expressed sovereignty through its own currency.",,https://en.wikipedia.org/wiki/Bangladeshi_1-taka_note
First Bangladesh 10-Taka Note with Bangabandhu Portrait (1972),Bangladesh Bank Taka Museum,Banknote / Historical Currency,Paper (currency grade),2 June 1972 CE,Bangladesh Bank / Security Printing Press,Gallery 1 — Bangladesh Currency,~148 × 70 mm,Bangladesh Bank archive,"The first 10-taka note issued by Bangladesh Bank (2 June 1972), featuring a portrait of Bangabandhu Sheikh Mujibur Rahman — the Father of the Nation — on the obverse. This was the first Bangladesh Bank note to carry his portrait, making it a founding document of the nation's currency visual identity. Its introduction six months after independence, while Bangladesh was still rebuilding from the Liberation War, represents an extraordinary institutional achievement.",,https://en.wikipedia.org/wiki/Bangladeshi_10-taka_note
First Bangladeshi Coins — Paisa Series (1973),Bangladesh Bank Taka Museum,Coin / Numismatic Artifact,"Bronze, Aluminum",1973 CE,Bangladesh Security Printing Press / Foreign mints,Gallery 1 — Bangladesh Currency,5 paisa: ~20 mm; 50 paisa: ~24 mm,Bangladesh Bank archive,"The first coins of independent Bangladesh — the 5, 10, 25, and 50 paisa denominations of 1973, bearing the national emblem of Bangladesh (a water lily flanked by rice sheaves, surmounted by three jute leaves, encircled by two stars). These were the first metal coins to carry the national emblem. Introducing coinage was a critical step in establishing Bangladesh's monetary system alongside paper notes.",,https://en.wikipedia.org/wiki/Bangladeshi_1-taka_note
"Commemorative Notes — Mujib Centenary, Golden Jubilee, Nazrul",Bangladesh Bank Taka Museum,Commemorative Banknote,Polymer and paper (currency grade),2020–2021 CE,Bangladesh Bank,Gallery 1 — Bangladesh Currency,Standard note dimensions,Bangladesh Bank archive,"Three landmark commemorative notes: (1) Polymer note for the Birth Centenary of Bangabandhu (17 March 2020), featuring his portrait and Liberation War scenes; (2) Polymer note for the Golden Jubilee of Independence (26 March 2021), depicting 50 years of national development; and (3) Paper note honoring Kazi Nazrul Islam, the National Poet. These notes document how Bangladesh Bank uses currency as a medium of national commemoration and cultural identity.",,https://www.discoverwalks.com/blog/bangladesh/top-10-fascinating-facts-about-currency-museum-of-bangladesh/
"Rare Banknotes — USSR, Germany, Japan Military Yen",Bangladesh Bank Taka Museum,Banknote / Historical World Currency,Paper (currency grade),20th century CE,USSR; East & West Germany; Imperial Japan,Gallery 2 — World Currencies,Various sizes,Bangladesh Bank collection / donated specimens,"Specifically highlighted by the museum's keeper as major attractions: Soviet ruble notes spanning the 1920s to 1991, documenting socialist iconography and the eventual collapse of the USSR; East and West German Deutsche Mark and Ostmark notes showing how one divided nation maintained two ideologically distinct currencies (1948–1990); and pre-WWII Japanese military yen and occupation currency from Southeast Asian territories. Together they illustrate currency as an instrument of political power and ideology.",,https://www.dhakatribune.com/bangladesh/dhaka/2018/09/24/coins-and-currencies-taka-museum-makes-history-travel-easier
"Currencies of Extinct Nations — Yugoslavia, Czechoslovakia",Bangladesh Bank Taka Museum,Banknote / Historical World Currency,Paper,20th century CE,Yugoslavia; Czechoslovakia,Gallery 2 — World Currencies,Various sizes,Bangladesh Bank collection,Banknotes from Yugoslavia and Czechoslovakia — nations that no longer exist. Yugoslav dinar notes span a monarchist federation through socialist Yugoslavia to catastrophic hyperinflation (500 billion dinar notes among the most dramatic documents of monetary collapse). Czechoslovak koruna notes reflect a stable socialist economy that peacefully divided in 1993. These illustrate the theme of currency as witness to political transformation.,,https://bangladeshpost.net/posts/visit-taka-museum-to-learn-about-ancient-to-modern-day-currencies-70299
"Dolphin Coin of Ancient Olbia (Greek Colony, Black Sea)",Bangladesh Bank Taka Museum,Coin / Numismatic Artifact,Cast bronze (dolphin-shaped),6th–3rd century BCE,"Olbia, Greek colony, Black Sea (present-day Ukraine)",Gallery 1 — Ancient Currency,Length ~30–40 mm,Bangladesh Bank collection (rare international exhibit),"Cited as one of the museum's most remarkable exhibits: a dolphin-shaped cast bronze coin from ancient Olbia, over 2,500 years old. Rather than disk-shaped, Olbia's early currency took the form of miniature dolphins — believed to derive from earlier arrow-shaped proto-currency and the dolphin's sacred significance in Greek maritime culture. Extremely rare in South Asian collections, this coin represents one of the world's most distinctive early monetary forms.",,https://aroundus.com/p/6034254-bangladesh-bank-taka-museum
Money Tree Steel Mural (Museum Entrance),Bangladesh Bank Taka Museum,Artwork / Decorative Installation,"Steel, embedded coin replicas",2013 CE (commissioned for museum opening),"Left wall, museum entrance, Mirpur, Dhaka",Museum Entrance Hall,Large wall installation (~3 × 4 m),"Commissioned by Bangladesh Bank; artists Hashem Khan, Shyamal Chowdhury, Shantanu Khan","A 'money tree' (taka gaach) mural on steel embedded with coin replicas from different historical periods, created by three prominent Bangladeshi artists. The tree's branches hold coins from ancient punch-marked silver through modern taka, providing a visual timeline of the entire collection before visitors enter. The concept draws on a universal folk motif of wealth and organic growth.",,https://porzoton.com/taka-museum/
Narsingdi Archaeological Coin Hoard (Wari-Bateshwar),Bangladesh Bank Taka Museum,Coin Hoard / Archaeological Find,Silver and other metals (mixed),4th century BCE – 2nd century CE,"Wari-Bateshwar, Narsingdi District",Gallery 1 — Ancient Currency,Several thousand specimens,"Excavation find, transferred from Dept. of Archaeology","Display of coins and related artifacts from the extraordinary Wari-Bateshwar hoard — described as 'several thousand artifacts' pointing to ancient Bengal's trade routes. Wari-Bateshwar was a major trading city connected to the Roman world and Southeast Asia. The hoard includes punch-marked silver coins, rouletted ware pottery, and semi-precious stone beads. It is the most important archaeological numismatic find from Bangladesh.",,https://aroundus.com/p/6034254-bangladesh-bank-taka-museum
World Currency Collection — ~200 Countries (Gallery 2),Bangladesh Bank Taka Museum,Banknote & Coin Collection / World Currencies,"Paper, polymer, metal (various)",20th–21st century CE,Central banks of ~200 countries worldwide,Gallery 2 — World Currencies,"1,100+ objects in 43 display cases",Donated by central banks and governments; collected by Bangladesh Bank,"Gallery 2 houses paper, polymer, and hybrid notes and coins from approximately 200 countries — the museum's most internationally diverse exhibit. Includes currencies from Switzerland, Germany, Australia, Japan, USA, England, Spain, Argentina, India, Pakistan, China, Vietnam, Bulgaria, Cambodia, Mauritius, Kazakhstan, Syria, Bahrain, Oman, Philippines, Sri Lanka, Qatar, UAE, Kuwait, South Africa, and many more. Some were donated directly by central banks or diplomatic missions. Also includes currencies of defunct nations, making it a comprehensive archive of 20th-century world monetary history.",,https://www.dhakatribune.com/bangladesh/dhaka/2018/09/24/coins-and-currencies-taka-museum-makes-history-travel-easier
3D LCD Interactive Display & Souvenir Kiosk,Bangladesh Bank Taka Museum,Digital / Technology Exhibit,"3D television, LCD panels, digital kiosk",2013 CE,"Gallery 1 & 2, Bangladesh Bank Taka Museum, Mirpur",Technology & Interactive Gallery,"Multiple screens, various sizes","Bangladesh Bank (installed at inauguration, 5 October 2013)","3D television and LCD display panels providing audio-visual interpretation of currency history, installed at the museum's 2013 inauguration per Governor Dr. Atiur Rahman's directive for a 'modern digital' museum. The digital kiosk allows visitors to print a souvenir note bearing their own face for Tk 50 — a popular feature especially with school groups. Animated sequences show the evolution of coins and banknotes, the mechanics of coin-minting, and the global spread of monetary systems.",,https://www.dhakatribune.com/bangladesh/dhaka/2018/09/24/coins-and-currencies-taka-museum-makes-history-travel-easier
Ancient Hindu Stone Sculpture — Deity Figure,Barisal Divisional Museum,Sculpture / Religious Artifact,Stone (black basalt),7th–12th century CE,Barisal Division region (excavation finds),Gallery 3 — Archaeological Artifacts,Height ~60–90 cm,Department of Archaeology collection transfer,"A black stone deity sculpture recovered from an archaeological site within Barisal Division, representing the strong Hindu religious traditions of the ancient Chandradwip kingdom. The figure is carved in the typical Bengal style of the Pala-Sena period, with elaborate jewelry, headdress, and multiple arms holding iconographic attributes. Stone sculptures from this region document the sophisticated artistic traditions of ancient South Bengal before the arrival of Islam.",https://barisaldivisionalmuseum.gov.bd/gallery/stone_sculpture.jpg,https://en.wikipedia.org/wiki/Barisal_Divisional_Museum
Terracotta Plaques — Decorative Architectural Fragments,Barisal Divisional Museum,Architectural Fragment / Terracotta,Fired terracotta,Medieval period (10th–16th century CE),"Various excavation sites, Barisal Division",Gallery 3 — Archaeological Artifacts,Various sizes (10–40 cm each),Department of Archaeology,"Terracotta plaques with decorative motifs — floral scrolls, geometric patterns, lotus flowers, and mythological scenes — recovered from medieval temple and mosque sites across Barisal Division. The Barisal region, known historically as Chandradwip, was an independent Hindu-Buddhist kingdom before coming under Muslim rule, and its terracotta decorative tradition reflects that layered cultural heritage. These plaques are among the most visually striking exhibits in Gallery 3.",https://barisaldivisionalmuseum.gov.bd/gallery/terracotta_plaques.jpg,https://evendo.com/locations/bangladesh/barisal/attraction/barishal-divisional-museum
Intricately Designed Historic Bricks,Barisal Divisional Museum,Architectural Fragment / Brick,Fired terracotta brick,Medieval period,"Various sites, Barisal Division",Gallery 3 — Archaeological Artifacts,~28 × 14 × 7 cm each,Department of Archaeology excavation,"A collection of intricately crafted bricks from medieval structures in Barisal Division — specifically mentioned as signature exhibits of the museum. Some bricks bear stamped or incised decorative patterns; others are notable for their large Sultanate-period dimensions and dense firing. The Chandradwip kingdom was a prosperous region noted for its brick construction, and these specimens document the region's building traditions across the medieval period.",https://barisaldivisionalmuseum.gov.bd/gallery/designed_bricks.jpg,https://evendo.com/locations/bangladesh/barisal/attraction/barishal-divisional-museum
Old Coins Collection — Various Periods,Barisal Divisional Museum,Coin / Numismatic Artifact,"Silver, Copper, Bronze",Sultanate to British colonial period (14th–20th century CE),Barisal Division (excavation and collection),Gallery 3 — Archaeological Artifacts,Various sizes,Department of Archaeology collection,"A collection of coins spanning from the Bengal Sultanate period through the Mughal and British colonial eras, recovered from various sites within Barisal Division. The collection includes Bengal Sultanate silver tankas, Mughal rupees, and British India coins. The region's position as a major trading hub of South Bengal made it a center of monetary circulation, and coins from multiple periods and dynasties have been recovered from its soil.",https://barisaldivisionalmuseum.gov.bd/gallery/coins_collection.jpg,https://www.touristplaces.com.bd/barisal/barisal-divisional-museum/
Ancient Pottery & Ceramic Utensils,Barisal Divisional Museum,Ceramic / Domestic Artifact,Fired terracotta and glazed earthenware,Medieval period,"Various excavation sites, Barisal Division",Gallery 3 — Archaeological Artifacts,Various sizes,Department of Archaeology,"A collection of ancient pottery and ceramic utensils — water storage vessels, cooking pots, serving bowls, and storage jars — recovered from excavations across Barisal Division. These everyday objects document the material culture of the people who lived in the Chandradwip kingdom and its successor polities. The forms range from plain utilitarian ware to finely finished vessels with geometric incised decoration.",https://barisaldivisionalmuseum.gov.bd/gallery/pottery.jpg,https://www.touristplaces.com.bd/barisal/barisal-divisional-museum/
Traditional Musical Instruments of South Bengal,Barisal Divisional Museum,Musical Instrument / Folk Artifact,"Wood, bamboo, animal skin, metal strings",19th–20th century CE,Barisal Division,Gallery 6 — Cultural Heritage,Various sizes,Donated by local cultural organizations and folk artists,"A collection of traditional musical instruments from the folk music tradition of South Bengal (Barisal Division): the dotara (two-string lute), the dhol (double-headed drum), the ektara (one-string drone lute), the bashi (bamboo flute), and the khamak (plucked percussion). Barisal Division has a rich folk music tradition including baul songs, bhatiali (river songs), and jari music associated with Muharram. These instruments document the living musical heritage of the region.",https://barisaldivisionalmuseum.gov.bd/gallery/musical_instruments.jpg,https://evendo.com/locations/bangladesh/barisal/attraction/barishal-divisional-museum
Traditional Costumes & Textiles of Barisal,Barisal Divisional Museum,Textile / Ethnographic Artifact,"Cotton, silk, jute",19th–20th century CE,Barisal Division,Gallery 6 — Cultural Heritage,Various sizes,Donated by local families and cultural foundations,"Displays of traditional costumes and textiles from Barisal Division's diverse communities — including the white cotton sari worn by Hindu women, the embroidered kameez of Muslim women, the lungi and panjabi of men, and samples of locally woven fabrics. Barisal was historically a major center of cotton cultivation and hand-loom weaving, and these textiles document the material culture of its communities before industrial textile production transformed everyday dress.",https://barisaldivisionalmuseum.gov.bd/gallery/costumes.jpg,https://evendo.com/locations/bangladesh/barisal/attraction/barishal-divisional-museum
"Religious Artifacts — Hindu, Buddhist & Islamic",Barisal Divisional Museum,Religious Artifact (mixed),"Stone, bronze, brass, terracotta",7th–20th century CE,"Various sites, Barisal Division",Gallery 3 & 6 — Archaeological & Cultural,Various sizes,Department of Archaeology and donated items,"A mixed display of religious artifacts reflecting the multi-religious history of Barisal Division: Hindu deity images in stone and bronze; a small bronze Buddha figure from the Buddhist period of the Chandradwip region; Islamic calligraphic tiles and a mosque lamp from the Sultanate-Mughal period; and a brass Hindu puja set from the 19th century. The collection documents the successive religious traditions that shaped the culture of South Bengal across 1,500 years.",https://barisaldivisionalmuseum.gov.bd/gallery/religious_artifacts.jpg,https://evendo.com/locations/bangladesh/barisal/attraction/barishal-divisional-museum
Historical Documents & Photographs — Barisal Region,Barisal Divisional Museum,Document / Photographic Archive,"Paper, photographic prints",British colonial period – 1971 CE,Barisal city and Division,Gallery 7 — Historical Traditions,Various sizes,"Donated by families, National Archives of Bangladesh","A collection of historical documents and photographs relating to Barisal Division's administrative, cultural, and political history: colonial-era revenue maps of the Chandradwip region, photographs of the historic Barisal Collectorate Building (now the museum itself), documents from the Language Movement of 1952, photographs of the 1971 Liberation War in Barisal, and portraits of prominent personalities from the region including poets, educators, and freedom fighters.",https://barisaldivisionalmuseum.gov.bd/gallery/historical_docs.jpg,https://en.wikipedia.org/wiki/Barisal_Divisional_Museum
Geographic & Natural History Displays — Barisal Division,Barisal Divisional Museum,Natural History / Geographic Exhibit,"Mixed (maps, specimens, models)",Contemporary (exhibit created 2015),"Barisal Division (Sundarbans fringe, river delta)",Gallery 1 — Geography & Natural Environment,Large display panels + specimens,Department of Archaeology / Ministry of Cultural Affairs,"Gallery 1 of the museum presents the geography and natural environment of Barisal Division — one of the most hydrologically complex regions of Bangladesh, composed almost entirely of river delta formed by the Meghna, Tetulia, Arial Khan, and hundreds of smaller rivers. The exhibit includes topographic maps, hydrological diagrams, satellite images, and natural specimens — flora and fauna of the southern delta and the mangrove fringe adjacent to the Sundarbans. The Barisal Division is known as the 'Venice of Bengal' for its thousands of river channels.",https://barisaldivisionalmuseum.gov.bd/gallery/natural_history.jpg,https://en.wikipedia.org/wiki/Barisal_Divisional_Museum
Portraits & Biographies — Prominent Personalities of Barisal,Barisal Divisional Museum,Biographical Display / Portrait Gallery,Oil and tempera on canvas; photographic prints,19th–20th century CE,Barisal Division,Gallery 2 — Prominent Personalities,Various sizes,Donated by families and cultural institutions,"Gallery 2 is dedicated to prominent personalities of Barisal Division — the region that produced an remarkable concentration of Bengali intellectuals, writers, scientists, and politicians. The display includes portraits and biographies of poet Jibanananda Das (one of the most celebrated Bengali poets of the 20th century, born in Barisal), Aghor Nath Guha, Ashwini Kumar Dutta (educator and nationalist leader), Surendranath Haldar, and others. The gallery documents Barisal's exceptional contribution to Bengali intellectual and cultural life.",https://barisaldivisionalmuseum.gov.bd/gallery/portraits.jpg,https://en.wikipedia.org/wiki/Barisal_Divisional_Museum
The Collectorate Building — Colonial Architectural Heritage,Barisal Divisional Museum,Architectural Heritage / Building Museum,"Lime mortar, brick, wood",1821 CE (constructed); 2015 CE (museum opening),"Sadar Road, Barisal City",Gallery 9 — Collectorate Building History,Entire building (museum structure itself),Government of Bangladesh / Department of Archaeology,"The museum building itself — the historic Barisal Collectorate Building, constructed in 1821 during the British colonial period — is displayed and interpreted as a heritage artifact. Gallery 9 presents the architectural history, construction techniques, and administrative significance of the building. Declared a protected archaeological site in 2003, it was abandoned by the Public Works Department in 1984 and transferred to the Department of Archaeology in 2005 for museum conversion. The Neoclassical colonial administrative architecture represents a significant layer of Barisal's physical heritage.",https://barisaldivisionalmuseum.gov.bd/gallery/collectorate_building.jpg,https://en.wikipedia.org/wiki/Barisal_Divisional_Museum
Garo Traditional Dress — Dakmanda & Dakmaro,Birisiri Upajatiya Cultural Academy Museum,Textile / Ethnographic Artifact,Hand-woven cotton,20th century CE,"Garo community, Durgapur Upazila, Netrokona",Museum Gallery — Garo Cultural Exhibits,Dakmanda: ~150 cm length,Donated by Garo community members,"The Dakmanda (women's lower garment) and Dakmaro (chest wrap) form the traditional dress of Garo women, woven from cotton on back-strap looms in bold horizontal stripes of red, black, white, and green. The Garo people (also known as the Achik) are one of the major indigenous groups of northern Bangladesh, living along the foothills of the Garo Hills (Meghalaya border) in Netrokona and Mymensingh districts. This hand-woven garment is a living tradition maintained by Garo women and represents both technical skill and cultural identity. The museum's collection includes several examples in traditional patterns.",https://birisirimuseum.gov.bd/gallery/garo_dress.jpg,https://en.banglapedia.org/index.php/Tribal_Cultural_Academy
Garo Woven Bag — Mingre,Birisiri Upajatiya Cultural Academy Museum,Textile / Ethnographic Artifact,Hand-woven cotton and jute,20th century CE,"Garo community, Durgapur area, Netrokona",Museum Gallery — Garo Cultural Exhibits,~30 × 25 cm,Donated by Garo artisans,"A Mingre — a traditional Garo hand-woven bag used for carrying everyday items, tools, or agricultural produce. Woven in bold geometric patterns on a back-strap loom using cotton and jute thread, the Mingre is both a functional object and a carrier of Garo aesthetic tradition. The geometric patterns carry cultural meaning — certain patterns are reserved for specific occasions or social groups. The Garo are a matrilineal society, and women's weaving is a central element of cultural transmission between generations. The museum holds several examples demonstrating the range of traditional Garo weaving patterns.",https://birisirimuseum.gov.bd/gallery/mingre_bag.jpg,https://en.banglapedia.org/index.php/Tribal_Cultural_Academy
Hajong Traditional Costumes & Jewelry,Birisiri Upajatiya Cultural Academy Museum,Textile / Jewelry / Ethnographic Artifact,"Cotton cloth, silver, beads",19th–20th century CE,"Hajong community, northern Netrokona",Museum Gallery — Hajong Cultural Exhibits,Various sizes,Donated by Hajong community members,"Traditional costumes and silver jewelry of the Hajong people — one of the indigenous groups of northern Bangladesh living alongside the Garo in the Durgapur area. The Hajong women's costume consists of a wrapped cotton sari in indigo and white with a characteristic border pattern. The jewelry display includes necklaces of silver coins and beads, ear ornaments, and wrist cuffs. The Hajong community has a distinct language (related to Bengali), a tradition of oral poetry, and a history of resistance against forced labor that culminated in the Hajong Revolt of the late 19th century.",https://birisirimuseum.gov.bd/gallery/hajong_costume.jpg,https://en.banglapedia.org/index.php/Tribal_Cultural_Academy
Koch Community Artifacts & Ceremonial Objects,Birisiri Upajatiya Cultural Academy Museum,Ethnographic Artifact / Ceremonial Object,"Wood, metal, cotton",19th–20th century CE,"Koch community, Netrokona region",Museum Gallery — Koch Cultural Exhibits,Various sizes,Donated by Koch community leaders,"Artifacts representing the culture of the Koch people — one of the ancient indigenous groups of northern Bangladesh. The display includes Koch ceremonial objects, hunting and agricultural tools, traditional storage vessels, and musical instruments. The Koch are believed to be among the earliest inhabitants of the Bengal-Assam borderland region. Their culture blends animist religious practices with later Hindu influences. The museum's Koch collection provides important documentation of a community whose traditional way of life is under pressure from modernization and cultural change.",https://birisirimuseum.gov.bd/gallery/koch_artifacts.jpg,https://en.banglapedia.org/index.php/Tribal_Cultural_Academy
Ethnic Agricultural Tools — Various Communities,Birisiri Upajatiya Cultural Academy Museum,Agricultural Tool / Ethnographic Artifact,"Wood, bamboo, iron",19th–20th century CE,"Durgapur area, Netrokona",Museum Gallery — Everyday Life,Various sizes,"Donated by farming families of Garo, Hajong, Koch communities","A collection of traditional agricultural tools used by the indigenous communities of Durgapur Upazila: wooden plows, bamboo seed-carriers, iron weeding tools, hand-operated rice-threshing implements, and bamboo water-carrying poles. The indigenous communities of northern Bangladesh practice wet rice cultivation, shifting cultivation (jhum), and forest-based subsistence alongside settled agriculture. These tools document the ecological knowledge and farming practices of communities that have cultivated the foothills of the Garo Hills for centuries.",https://birisirimuseum.gov.bd/gallery/agri_tools.jpg,https://en.banglapedia.org/index.php/Tribal_Cultural_Academy
"Garo Musical Instruments — Dama, Aduri & Bangsi",Birisiri Upajatiya Cultural Academy Museum,Musical Instrument / Ethnographic Artifact,"Bamboo, animal skin, gourd",20th century CE,"Garo community, Durgapur area, Netrokona",Museum Gallery — Garo Cultural Exhibits,Various sizes,Donated by Garo musicians and cultural organization,"Traditional Garo musical instruments: the Dama (double-headed drum made from hollowed wood and animal skin), the Aduri (a gourd-resonated lute), and the Bangsi (a bamboo flute). These instruments are central to Garo musical performances associated with their festivals, particularly the Wangala harvest festival (celebrated in November to thank the sun-god Saljong for agricultural abundance) and the Sangrama festival. The Wangala is the most important Garo festival and its music is inseparable from the Dama drum, which leads the procession.",https://birisirimuseum.gov.bd/gallery/garo_instruments.jpg,https://en.banglapedia.org/index.php/Tribal_Cultural_Academy
Traditional Hunting & Fishing Equipment,Birisiri Upajatiya Cultural Academy Museum,Tool / Ethnographic Artifact,"Bamboo, iron, cotton cord",19th–20th century CE,"Durgapur area, Netrokona (Someshwari River region)",Museum Gallery — Everyday Life,Various sizes,Donated by community members,"Hunting bows and arrows, bamboo fish traps (polo), cast nets (jal), hand-line fishing equipment, and small animal traps representing the traditional subsistence practices of the indigenous communities of the Durgapur area. The Someshwari River and its tributaries, along with the forested foothills bordering Meghalaya, have sustained Garo, Hajong, and Koch communities through fishing and hunting alongside agriculture. These implements document the ecological knowledge that has sustained life in this region across generations.",https://birisirimuseum.gov.bd/gallery/hunting_fishing.jpg,https://en.banglapedia.org/index.php/Tribal_Cultural_Academy
Ethnic Pottery & Storage Vessels,Birisiri Upajatiya Cultural Academy Museum,Ceramic / Domestic Artifact,"Fired terracotta, natural clay",19th–20th century CE,"Durgapur area, Netrokona",Museum Gallery — Everyday Life,Various sizes,Donated by local pottery families,"Traditional pottery made by the indigenous communities of the Durgapur area, including water storage pots, cooking vessels, grain storage jars, and ritual bowls. Pottery-making in this region uses hand-building techniques (coil and paddle) rather than the potter's wheel, producing vessels with a characteristic surface texture. Some vessels bear incised geometric decorations applied with a pointed tool before firing. The pottery traditions of the Garo Hills foothills are distinct from the mainstream Bengali terracotta tradition.",https://birisirimuseum.gov.bd/gallery/ethnic_pottery.jpg,https://en.banglapedia.org/index.php/Tribal_Cultural_Academy
Research Publications & Field Documentation,Birisiri Upajatiya Cultural Academy Museum,Academic Publication / Document,"Printed paper, bound volumes",1977–present,"Tribal Cultural Academy, Birisiri, Durgapur, Netrokona",Library & Research Section,Various sizes,"Tribal Cultural Academy, Birisiri","A collection of research publications and field documentation produced by the Tribal Cultural Academy's Research Section — one of the four institutional sections (Culture, Research, Library, Museum) of the academy. Publications include monographs on Garo language and grammar, studies of Hajong oral literature, documentation of traditional agricultural practices, and cultural surveys of Koch, Banai, Hadi, and Mandai communities. The Research Section has been documenting the intangible cultural heritage of northern Bangladesh's indigenous peoples since the academy's founding in 1977.",https://birisirimuseum.gov.bd/gallery/publications.jpg,https://en.banglapedia.org/index.php/Tribal_Cultural_Academy
"Banai, Hadi & Mandai Community Artifacts",Birisiri Upajatiya Cultural Academy Museum,Ethnographic Artifact (mixed),"Wood, bamboo, cotton, metal",19th–20th century CE,"Northern Netrokona, Bangladesh",Museum Gallery — Diverse Ethnic Communities,Various sizes,Donated by community representatives,"Artifacts representing the smaller indigenous communities of the Netrokona region — the Banai, Hadi, and Mandai peoples — alongside the Garo, Hajong, and Koch. These communities maintain distinct languages, belief systems, and material cultures. The display includes weaving samples, personal ornaments, ritual objects, agricultural implements, and everyday utensils. The Tribal Cultural Academy was specifically founded to serve all ethnic groups of northern Bangladesh, and its museum collection reflects this inclusive mandate to document the full diversity of indigenous cultural heritage in the region.",https://birisirimuseum.gov.bd/gallery/banai_hadi.jpg,https://en.banglapedia.org/index.php/Tribal_Cultural_Academy
"Ancient Sanskrit & Bengali Manuscripts (9,000+ collection)",Comilla Rammala Museum,Manuscript / Literary Artifact,"Paper, palm leaf; iron-gall ink",1500–1900 CE (manuscript production period),Bengal (various scriptoria and scholarly households),Manuscript Section,Various sizes (bound volumes and single folios),Founded by Mahesh Chandra Bhattacharya (1912); donated by scholars over generations,"The Rammala Library and Museum's most important asset: a collection of approximately 9,000 rare Sanskrit, Bengali, and Prakrit manuscripts produced between 1500 and 1900 CE. The collection spans Vedantic scriptures, Puranas, Smritis, poetry, drama, grammar, philosophy, astronomy, Ayurvedic texts, economic treatises, and translations of sacred literature. Many manuscripts are illuminated with miniature paintings. Scholars have noted that rare books available here are not found even in Kolkata. The manuscript collection is one of the largest and most significant in Bangladesh and represents an irreplaceable repository of pre-modern Bengali intellectual life.",https://rammalamuseum.gov.bd/gallery/manuscripts.jpg,https://www.tbsnews.net/features/panorama/rammala-library-inside-bangladeshs-century-old-archive-books-rare-manuscripts
7th-Century Archaeological Coins,Comilla Rammala Museum,Coin / Numismatic Artifact,"Silver, copper",7th century CE (and other periods),Comilla region excavations,Museum Section — Numismatics,Various sizes,Donated and excavated finds,"A collection of ancient coins recovered from the Comilla region — including 7th-century specimens specifically cited in national encyclopedic references as among the museum's most important archaeological holdings. The Comilla region (ancient Samatata) was a major kingdom of early medieval Bengal, and its coins provide primary evidence for the economic history of southeast Bengal before the arrival of Sultanate power. The collection also includes later Sultanate-period and British colonial coins found in the region.",https://rammalamuseum.gov.bd/gallery/coins.jpg,https://www.nationsencyclopedia.com/Asia-and-Oceania/Bangladesh-LIBRARIES-AND-MUSEUMS.html
Ancient Pottery & Ceramic Vessels,Comilla Rammala Museum,Ceramic / Archaeological Artifact,"Fired terracotta, glazed earthenware",Medieval period (7th–15th century CE),Comilla region (excavation finds),Museum Section — Archaeology,Various sizes,Department of Archaeology transfers and donations,"Pottery and ceramic vessels from excavation sites in the Comilla region — representing the everyday material culture of the ancient and medieval population of Samatata (southeastern Bengal). The collection includes cooking vessels, storage pots, and decorated serving ware in forms ranging from simple utilitarian pieces to finely crafted examples with incised geometric decoration. These objects are particularly significant given the proximity of the major Buddhist site of Mainamati, where extensive ceramic sequences have been documented.",https://rammalamuseum.gov.bd/gallery/pottery.jpg,https://www.bssnews.net/news/331153
Stone Sculptures — Medieval Period,Comilla Rammala Museum,Sculpture / Religious Artifact,Stone,7th–12th century CE,Comilla region,Museum Section — Archaeology,Height 30–80 cm,Department of Archaeology and private donations,"Stone sculptures from the medieval period recovered from the Comilla region, representing the Hindu and Buddhist sculptural traditions of ancient Samatata. The region's artistic production was connected to both the Pala Buddhist tradition (centered at Mainamati/Lalmai) and the later Hindu Sena period. These stone sculptures join the museum's terracotta artifacts and coins as primary archaeological evidence for the sophisticated artistic culture of pre-Islamic southeastern Bengal.",https://rammalamuseum.gov.bd/gallery/sculptures.jpg,https://www.bssnews.net/gallery/stone_sculpture.jpg
"Rare Bengali Periodicals — Bangabasi, Hitabadi, Probasi",Comilla Rammala Museum,Rare Publication / Print Heritage,Printed paper,Late 19th – early 20th century CE (1880s–1930s),Calcutta / Bengal (published),Library & Museum Section — Rare Periodicals,Various sizes (bound volumes and single issues),Original collection of Mahesh Chandra Bhattacharya; preserved by successive librarians,"Rare original copies of landmark Bengali periodicals that are unavailable elsewhere in Bangladesh, including: Bangabasi (one of the most influential Bengali weekly newspapers, founded 1881); Hitabadi; Sanjibani; Sahitya Parishad Patrika (journal of the Bangiya Sahitya Parishad); Probasi (the prestigious literary journal founded by Ramananda Chattopadhyay, 1901); and Shanibarer Chithi. These periodicals were the primary vehicles for the Bengali cultural renaissance of the late 19th and early 20th centuries. Old copies of Sanskrit Aryaprabha are also preserved. The collection is described as irreplaceable for the study of Bengali language and culture.",https://rammalamuseum.gov.bd/gallery/periodicals.jpg,https://www.tbsnews.net/features/panorama/rammala-library-inside-bangladeshs-century-old-archive-books-rare-manuscripts
Comparative Religious Texts — Multi-Faith Collection,Comilla Rammala Museum,Manuscript & Book / Religious Studies,"Paper, printed and handwritten",Various periods (medieval to 20th century),Bengal and wider South Asia,Library Section — Comparative Religion,Various sizes,Collected by Mahesh Chandra Bhattacharya and successors,"An unparalleled multi-faith collection assembled by founder Mahesh Chandra Bhattacharya representing ancient and modern religions: Hindu, Muslim, Buddhist, Christian, Sikh, Jain, Jewish, Zoroastrian, Egyptian, Babylonian, and Assyrian religious texts. The collection includes both printed books and manuscripts. Mahesh Chandra's father was a Sanskrit scholar, and his ecumenical approach to religious knowledge shaped the Rammala collection's extraordinary breadth. This comparative religious collection is unique among Bangladeshi libraries and reflects a 19th-century Bengali intellectual ideal of universal scholarly inquiry across religious boundaries.",https://rammalamuseum.gov.bd/gallery/religious_texts.jpg,https://www.tbsnews.net/features/panorama/rammala-library-inside-bangladeshs-century-old-archive-books-rare-manuscripts
Founder's Personal Collection — Mahesh Chandra Bhattacharya Memorabilia,Comilla Rammala Museum,Historical Document / Biographical Artifact,"Paper, photographs, personal items",Late 19th – early 20th century CE,Comilla (Brahmanbaria District origin),Museum Section — Institutional History,Various sizes,Rammala Library institutional archive,"Objects and documents related to Mahesh Chandra Bhattacharya (born in Brahmanbaria district), the homeopath and philanthropist who founded the Rammala Library in 1912 in memory of his devout mother Rammala Devi. His father Ishwardas Tarkasiddhanta was a Sanskrit scholar, and Mahesh Chandra inherited a love of learning. The display includes his portrait, personal correspondence, documents from the founding of Ishwar Pathsala Tol (the Sanskrit school that became the library), and early donation records. Mahesh Chandra's vision of an open, free library serving all readers — religious, secular, rich, poor — is documented in his personal papers.",https://rammalamuseum.gov.bd/gallery/founder_items.jpg,https://www.researchgate.net/publication/382239279_Rammala_Library_in_Comilla_a_Collection_of_rare_Manuscripts
Ancient Coins — From 7th Century CE (Core Archaeological Collection),Comilla Rammala Museum,Coin / Archaeological Artifact,Silver and copper,7th century CE and later,Comilla / Samatata region,Museum Section — Numismatics,Various sizes,"Archaeological finds and donations, Comilla Heritage organization","The museum's core numismatic collection specifically cited in the Nations Encyclopedia reference to the museum: '7th-century archaeological finds'. These include coins from the ancient kingdom of Samatata, coins associated with the Harikela tradition of coastal southeast Bengal, and later Sultanate and Mughal period coins from the Comilla area. Together they trace the monetary history of one of Bangladesh's most historically significant districts, where the Mainamati Buddhist complex was a major center of civilization from the 7th to 12th centuries CE.",https://rammalamuseum.gov.bd/gallery/ancient_coins.jpg,https://www.nationsencyclopedia.com/Asia-and-Oceania/Bangladesh-LIBRARIES-AND-MUSEUMS.html
Iron Safe / Vault (Loha Tijori),Baliati Palace Museum,Furniture / Security Artifact,"Cast iron, steel locking mechanism",Late 19th century CE (c. 1880s–1900s),"Baliati Palace, Rang Mahal, Saturia, Manikganj",Zamindari Life Gallery,"Height ~80 cm, Width ~60 cm","Original palace inventory, Department of Archaeology","One of fifteen iron safes (tijori) preserved in the Rang Mahal museum, used by the Baliati zamindars to store cash, jewelry, land deeds, and other valuables. The safe is of heavy cast iron construction with a double-lock steel mechanism and decorative cast-iron handles on the sides. Such safes were imported from British manufacturers — likely from Calcutta agents — during the height of the zamindari system in the late 19th century. The Baliati zamindars, descended from salt merchant Gobinda Ram Shaha, accumulated enormous wealth through salt trade and land revenues, and these vaults held the tangible instruments of that wealth. The museum's collection of 15 vaults is one of the largest in-situ collections of zamindari safes in Bangladesh.",https://baliatipalacemuseum.gov.bd/gallery/iron_safe.jpg,https://www.thedailystar.net/news/news/baliati-palace-striking-19th-century-architecture-the-heart-manikganj-3027751
Gramophone with Horn Speaker,Baliati Palace Museum,Musical / Mechanical Instrument,"Brass horn, steel needle arm, wooden cabinet, shellac record",Early 20th century CE (c. 1905–1920),"Baliati Palace, Rang Mahal, Saturia, Manikganj",Zamindari Life Gallery,Cabinet: ~50 × 40 cm; Horn diameter ~40 cm,Original palace inventory,"A wind-up gramophone with a large flared brass horn, preserved from the zamindars' collection. The gramophone cabinet is of polished dark wood with a spring-wound motor; the horn is of heavy-gauge brass, now showing a natural patina of dark gold-green. Gramophone machines were among the most prestigious consumer goods in early 20th-century Bengal, and their ownership was a marker of elite status and Western cultural aspiration. The Baliati zamindars were known as progressive landlords who embraced modern technology and education — the family endowed Jagannath College in Dhaka. This gramophone would have played shellac 78 rpm records of Bengali classical music, film songs, and operatic performances for guests in the Rang Mahal (entertainment hall).",https://baliatipalacemuseum.gov.bd/gallery/gramophone.jpg,https://www.thedailystar.net/news/news/baliati-palace-striking-19th-century-architecture-the-heart-manikganj-3027751
Cash Box (Nakshi Baksho),Baliati Palace Museum,Domestic Artifact / Security Object,"Iron, brass fittings",Late 19th century CE,"Baliati Palace, Saturia, Manikganj",Zamindari Life Gallery,~30 × 20 × 15 cm,Original palace inventory,"A decorative iron cash box with brass fittings, used for storing daily-use cash and petty revenues by the zamindari household. The box has a hinged lid with a brass hasp lock and a brass ring handle on each end for carrying. The exterior is plain iron with a faint scrollwork pattern pressed into the lid panel. Such cash boxes were kept in the counting room (ganjipura) of zamindari establishments, used by the nayeb (estate manager) to handle daily transactions with tenants, workers, and traders. The Baliati estate was one of the most prosperous zamindari operations in Manikganj district, and objects like this cash box were central to its day-to-day financial management.",https://baliatipalacemuseum.gov.bd/gallery/cash_box.jpg,https://www.thedailystar.net/news/news/baliati-palace-striking-19th-century-architecture-the-heart-manikganj-3027751
Hurricane Paraffin Lamp (Hariken),Baliati Palace Museum,Domestic Artifact / Lighting,"Glass chimney, tin body, brass fittings, cotton wick",Late 19th – early 20th century CE,"Baliati Palace, Saturia, Manikganj",Zamindari Life Gallery,Height ~35 cm,Original palace inventory,"A hurricane paraffin lamp (hariken) in good condition, with its original glass chimney intact. The base is of pressed tin with a brass fuel reservoir and a wick-adjustment wheel. Hurricane lamps were the primary source of portable artificial lighting in Bengali households before the introduction of electricity, and remained in use in rural areas long after. The Baliati Palace complex would have required hundreds of such lamps to illuminate its over 200 rooms, corridors, ghats, and grounds. This example represents the everyday material culture of the palace during its active years in the late 19th and early 20th centuries, before the zamindari system was abolished by the East Bengal State Acquisition and Tenancy Act of 1950.",https://baliatipalacemuseum.gov.bd/gallery/hurricane_lamp.jpg,https://www.thedailystar.net/news/news/baliati-palace-striking-19th-century-architecture-the-heart-manikganj-3027751
Hanging Chandelier Lamp (Jhalar Bati),Baliati Palace Museum,Decorative Artifact / Lighting,"Brass, cut glass pendants",Late 19th century CE,"Baliati Palace, Rang Mahal ceiling, Saturia, Manikganj",Zamindari Life Gallery,"Height ~60 cm, Spread ~50 cm",Original palace inventory,"A multi-armed hanging chandelier (jhalar bati) from the Rang Mahal of the Baliati Palace, with brass arms and cut-glass pendant drops. The central column is of turned brass with a ceiling hook; six arms branch outward, each holding a glass oil font with a brass collar. The cut-glass drops refract the lamp light into prismatic sparkles, creating the festive ambiance expected of an entertainment hall (rong mahal) where the zamindars received guests, hosted musical performances, and celebrated festivals. Chandeliers of this type were manufactured in Calcutta by European firms and imported to zamindari establishments throughout Bengal in the late Victorian era. This example is original to the palace and has been in the museum collection since the Department of Archaeology's acquisition of the site in 1987.",https://baliatipalacemuseum.gov.bd/gallery/chandelier.jpg,https://mahfujalam.wordpress.com/2017/02/01/the-baliati-jamidarabari-an-unexplored-and-less-known-attractive-place-near-dhaka-bangladesh/
Marble-Top Dining Table,Baliati Palace Museum,Furniture,"Teak wood frame, Italian white marble top",Late 19th century CE (c. 1880s),"Baliati Palace, dining hall, Saturia, Manikganj",Zamindari Furniture Gallery,"~180 × 90 cm, Height 75 cm",Original palace inventory,"A large dining table with a teak wood frame and an Italian white marble top, from the main dining hall of the Baliati Palace. The teak frame is carved with decorative moldings on the apron and has eight turned legs joined by stretchers. The marble top is a single slab of pale white Carrara-type marble with faint grey veining, slightly chipped at one corner. Marble-top furniture was a hallmark of prosperous Bengali zamindari households in the late 19th century: marble was cool, easy to clean, and a conspicuous symbol of wealth and Western taste. This table would have been used by the zamindar family for formal meals and ceremonial feasts for guests. Its survival in reasonable condition makes it one of the most evocative pieces of furniture in the collection.",https://baliatipalacemuseum.gov.bd/gallery/marble_table.jpg,https://mahfujalam.wordpress.com/2017/02/01/the-baliati-jamidarabari-an-unexplored-and-less-known-attractive-place-near-dhaka-bangladesh/
Wooden Almirah (Cabinet) with Mirror,Baliati Palace Museum,Furniture,"Teak wood, beveled glass mirror, brass fittings",Late 19th century CE,"Baliati Palace, Andarmahal (inner quarters), Saturia, Manikganj",Zamindari Furniture Gallery,"Height ~200 cm, Width ~100 cm",Original palace inventory,"A tall teak wood almirah (wardrobe/cabinet) with a large central beveled glass mirror set into the door, from the Andarmahal (inner residential quarters) of the Baliati Palace. The almirah has two lower drawers, two cupboard sections with carved panel doors, and a central mirrored section flanked by narrow shelf cupboards. The brass fittings — hinges, drawer pulls, and keyhole escutcheons — are original and intact. Such almirahs were the primary clothing and linen storage furniture of elite Bengali households, and a large beveled mirror was a luxury item signifying prosperity. The Andarmahal was the private residential space of the zamindar's family — particularly the women — and furniture like this reflects the domestic comfort and taste of the zenana.",https://baliatipalacemuseum.gov.bd/gallery/almirah.jpg,https://mahfujalam.wordpress.com/2017/02/01/the-baliati-jamidarabari-an-unexplored-and-less-known-attractive-place-near-dhaka-bangladesh/
Carved Wooden Chair (English Rack Style),Baliati Palace Museum,Furniture,"Teak wood, cane seat",Late 19th century CE,"Baliati Palace, reception hall, Saturia, Manikganj",Zamindari Furniture Gallery,Height ~100 cm,Original palace inventory,"A high-backed carved teak armchair in the English Victorian style, with a cane seat and back insert. The chair is of the 'English rack' type — a style popular in colonial Bengal that combined Victorian furniture forms with local craftsmanship. The back is carved with an openwork design of scrolling foliage; the arms terminate in carved lion-paw grips. The legs are of the cabriole type. Such chairs were produced in large quantities by Calcutta furniture firms and by local carpenters trained in the colonial style, and were the standard reception hall seating of zamindari establishments throughout Bengal. The Baliati Palace had a large reception hall on the ground floor where the zamindar received petitioners, tenants, and distinguished visitors.",https://baliatipalacemuseum.gov.bd/gallery/wooden_chair.jpg,https://mahfujalam.wordpress.com/2017/02/01/the-baliati-jamidarabari-an-unexplored-and-less-known-attractive-place-near-dhaka-bangladesh/
Wall Mirror with Ornate Gilt Frame,Baliati Palace Museum,Decorative Artifact,"Gilt plaster frame, silvered glass",Late 19th century CE,"Baliati Palace, Rang Mahal, Saturia, Manikganj",Zamindari Life Gallery,~120 × 80 cm,Original palace inventory,"A large wall mirror with an elaborately molded and gilt plaster frame, from the Rang Mahal of the Baliati Palace. The frame is in the French Baroque revival style fashionable in British India in the 1870s–1890s, with scrolling acanthus leaves, cartouches, and garland motifs in high relief, all gilded with gold leaf. The mirror glass is original — slightly foxed at the edges with age — and shows the characteristic slight greenish tint of late 19th-century silvered glass. Large decorative mirrors were an essential element of the festive atmosphere of the rong mahal, multiplying the light of the chandeliers and creating an impression of grand space. The frame's gilding is partially worn but still impressive.",https://baliatipalacemuseum.gov.bd/gallery/wall_mirror.jpg,https://mahfujalam.wordpress.com/2017/02/01/the-baliati-jamidarabari-an-unexplored-and-less-known-attractive-place-near-dhaka-bangladesh/
Shiva Lingam (Stone),Baliati Palace Museum,Religious Artifact / Sculpture,Black stone (basalt),19th century CE (possibly earlier),"Baliati Palace private temple, Saturia, Manikganj",Religious Heritage Gallery,Height ~40 cm,Original palace temple inventory,"A black stone Shiva lingam from the private temple (thakur-bari) of the Baliati zamindars. The lingam is plain and aniconic — a smooth cylindrical column of black basalt — set in a circular yoni-pitha (ritual base) with a drainage spout. Daily worship of the Shiva lingam was central to the religious life of the zamindar household; a family priest (pujari) conducted morning and evening puja with offerings of milk, flowers, and bilwa leaves. The Baliati zamindars were Hindus of the Saha community, and the maintenance of a private temple was both a religious duty and a mark of social status. This lingam was likely the primary cult object of the family shrine for generations before the partition of 1947 and the abandonment of the palace.",https://baliatipalacemuseum.gov.bd/gallery/shiva_lingam.jpg,https://mahfujalam.wordpress.com/2017/02/01/the-baliati-jamidarabari-an-unexplored-and-less-known-attractive-place-near-dhaka-bangladesh/
Name Plate of the Zamindar (Brass),Baliati Palace Museum,Administrative Artifact,Engraved brass,Late 19th – early 20th century CE,"Baliati Palace main entrance, Saturia, Manikganj",Zamindari Life Gallery,~40 × 15 cm,Original palace inventory,"A rectangular brass name plate engraved with the zamindar's title and name in Bengali and English lettering, from the main entrance of one of the palace blocks. The plate is engraved in both Bengali script and Roman letters, reflecting the bilingual administrative culture of the colonial Bengal zamindari system. The British colonial government recognized zamindars with official titles and required them to maintain formal establishment markers. Name plates of this type were fixed to the gateposts or entrance pillars of zamindari offices and residences. This plate is in excellent condition, with all lettering clearly legible. It is a small but important document of the formal identity and official recognition of the Baliati zamindars under the colonial administration.",https://baliatipalacemuseum.gov.bd/gallery/name_plate.jpg,https://www.thedailystar.net/news/news/baliati-palace-striking-19th-century-architecture-the-heart-manikganj-3027751
Glass Chimney Collection (Hazak & Lamp Parts),Baliati Palace Museum,Domestic Artifact / Lighting,Blown glass,Late 19th – early 20th century CE,"Baliati Palace, Saturia, Manikganj",Zamindari Life Gallery,"Heights 20–35 cm, various diameters",Original palace inventory,"A collection of glass lamp chimneys of various sizes, from both hazak pressure lamps and standard kerosene lamps used throughout the Baliati Palace. The chimneys range from small clear-glass hurricane-lamp cylinders to the larger flared chimneys of hazak (pressure-mantle) lamps. Hazak lamps used a pressurized kerosene system to produce a much brighter, whiter light than simple wick lamps, and were used in the main reception halls and the Rang Mahal for formal occasions. The glass chimneys are fragile survivors — most have been broken over the decades — and their preservation in the museum collection illustrates the daily technological infrastructure that kept the palace illuminated before electricity reached rural Manikganj.",https://baliatipalacemuseum.gov.bd/gallery/glass_chimneys.jpg,https://mahfujalam.wordpress.com/2017/02/01/the-baliati-jamidarabari-an-unexplored-and-less-known-attractive-place-near-dhaka-bangladesh/
Brass Vase Collection (Decorative),Baliati Palace Museum,Decorative Artifact / Metalwork,Brass (engraved),Late 19th century CE,"Baliati Palace, reception rooms, Saturia, Manikganj",Zamindari Life Gallery,Heights 25–50 cm,Original palace inventory,"A set of decorative brass vases of varying sizes and forms, from the reception rooms of the Baliati Palace. The vases are of Indo-Persian form — tall necks, bulbous bodies, flared rims — and are engraved overall with floral arabesque patterns, geometric borders, and cartouches. Such vases were standard decorative objects in prosperous Bengali zamindari households, displayed on mantlepieces, console tables, and in window niches. They were used both as purely decorative objects and as flower vases for fresh flowers cut from the palace garden. The quality of the engraving varies, suggesting some were locally made in Manikganj or Dhaka while others may have been purchased in Calcutta.",https://baliatipalacemuseum.gov.bd/gallery/brass_vases.jpg,https://mahfujalam.wordpress.com/2017/02/01/the-baliati-jamidarabari-an-unexplored-and-less-known-attractive-place-near-dhaka-bangladesh/
Rifle Stand (Bonduk Rack),Baliati Palace Museum,Furniture / Military Artifact,Teak wood,Late 19th century CE,"Baliati Palace, guard room, Saturia, Manikganj",Military & Security Gallery,"Height ~150 cm, Width ~80 cm",Original palace inventory,"A freestanding teak wood rifle rack (bonduk stand) from the guard room of the Baliati Palace, designed to hold six rifles in upright slots. The rack has a broad base for stability, a central vertical column, and notched horizontal bars at top and bottom to receive and secure the rifle barrels and stocks. Zamindars of the 19th century were entitled to maintain armed retinues (lathials — stick fighters — and, for the wealthiest, armed guards with firearms) for the protection of their estates and persons. The rifle rack is evidence of the security apparatus of the Baliati zamindari establishment. The rifles themselves are no longer present, but the rack survives as evidence of the paramilitary aspect of large zamindari households.",https://baliatipalacemuseum.gov.bd/gallery/rifle_stand.jpg,https://mahfujalam.wordpress.com/2017/02/01/the-baliati-jamidarabari-an-unexplored-and-less-known-attractive-place-near-dhaka-bangladesh/
Wooden Bed (Khat) with Carved Headboard,Baliati Palace Museum,Furniture,"Teak wood, rope mesh base",Late 19th century CE,"Baliati Palace, Andarmahal, Saturia, Manikganj",Zamindari Furniture Gallery,~210 × 120 cm,Original palace inventory,"A large teak wood bed (khat) with an ornately carved headboard and footboard, from the private residential quarters (Andarmahal) of the Baliati Palace. The headboard is carved with a scrolling vine-and-flower design in high relief, surmounted by a central cartouche containing a lotus motif. The frame is mortise-and-tenon jointed with wooden pegs — no nails — demonstrating traditional Bengali joinery. The base is a rope mesh (jal) on which a cotton mattress would have been laid. The carving style combines Bengali folk decorative motifs with Victorian furniture conventions, a synthesis typical of the colonial-era Bengali elite's material culture. The bed is one of the most substantial pieces of furniture surviving from the palace's residential quarters.",https://baliatipalacemuseum.gov.bd/gallery/wooden_bed.jpg,https://mahfujalam.wordpress.com/2017/02/01/the-baliati-jamidarabari-an-unexplored-and-less-known-attractive-place-near-dhaka-bangladesh/
Wooden Pedestal / Column Stand (Padastambha),Baliati Palace Museum,Furniture / Decorative Artifact,"Teak wood, turned and carved",Late 19th century CE,"Baliati Palace, Rang Mahal, Saturia, Manikganj",Zamindari Furniture Gallery,"Height ~100 cm, Base ~30 × 30 cm",Original palace inventory,"A turned and carved teak wood pedestal (padastambha) used to display a vase, statue, or bust in the Rang Mahal of the Baliati Palace. The pedestal has a square base with beveled corners, a turned cylindrical column with decorative rings, and a square top platform. The form is derived from Victorian parlour pedestals but executed in local teak by Bengali craftsmen. Such pedestals were used throughout elite Bengali interiors to display decorative objects — brass vases, marble busts, potted plants, or religious images — at a dignified height. The teak has a warm reddish-brown color with age patina. This piece is of particularly fine quality, suggesting it held an important or cherished object in the entertainment hall.",https://baliatipalacemuseum.gov.bd/gallery/pedestal.jpg,https://mahfujalam.wordpress.com/2017/02/01/the-baliati-jamidarabari-an-unexplored-and-less-known-attractive-place-near-dhaka-bangladesh/
Wooden Cupboard / Almirah (Storage Cabinet),Baliati Palace Museum,Furniture,Teak wood with iron fittings,Late 19th century CE,"Baliati Palace, administrative block, Saturia, Manikganj",Zamindari Furniture Gallery,"Height ~180 cm, Width ~90 cm",Original palace inventory,"A large teak wood storage cupboard (almirah) from the administrative block of the Baliati Palace, used to store land records, legal documents, and estate papers. The cupboard has two full-height doors with recessed panels, secured by heavy iron drop-bolt hinges and a central iron padlock hasp. The interior is divided by adjustable shelves. This type of utilitarian storage furniture was essential to the functioning of a zamindari estate office, where the nayeb (manager) and gomasta (accountant) maintained voluminous records of land holdings, tenant registers, revenue receipts, court proceedings, and correspondence. The cupboard is of robust construction and has survived in structurally sound condition, though the iron fittings show significant rusting.",https://baliatipalacemuseum.gov.bd/gallery/storage_cupboard.jpg,https://mahfujalam.wordpress.com/2017/02/01/the-baliati-jamidarabari-an-unexplored-and-less-known-attractive-place-near-dhaka-bangladesh/
Ceremonial Seat / Throne Chair (Asanbari),Baliati Palace Museum,Furniture / Ceremonial Artifact,"Teak wood, gold-leaf gilding, velvet upholstery",Late 19th century CE,"Baliati Palace, audience hall, Saturia, Manikganj",Zamindari Life Gallery,Height ~130 cm (with back),Original palace inventory,"A ceremonial high-backed chair (asanbari or sacred seat) used by the zamindar during formal audiences, religious ceremonies, and official occasions. The chair is of teak with traces of gold-leaf gilding on the carved cresting rail and the carved arms. The seat and back were originally upholstered in red velvet, of which fragments remain. The cresting rail is carved with a central lotus flanked by scrolling vines — a design that blends Hindu decorative symbolism with Victorian furniture aesthetics. The zamindar's ceremonial seat was a charged object: it embodied his authority over the estate and his social rank. Tenants and petitioners would approach and address the zamindar seated in this chair, prostrating or bowing in the customary gesture of deference.",https://baliatipalacemuseum.gov.bd/gallery/throne_chair.jpg,https://mahfujalam.wordpress.com/2017/02/01/the-baliati-jamidarabari-an-unexplored-and-less-known-attractive-place-near-dhaka-bangladesh/
Stone Chaidani (Ritual Stone Seat / Plinth),Baliati Palace Museum,Religious Artifact,Stone (sandstone),19th century CE,"Baliati Palace private temple, Saturia, Manikganj",Religious Heritage Gallery,~60 × 60 × 30 cm,Original palace temple inventory,"A square stone platform (chaidani) from the private temple of the Baliati Palace, used as the ritual base on which the deity's image or the Shiva lingam was placed during daily worship. The top surface is smooth and slightly hollowed in the center from years of ritual washing (abhisheka). The sides are carved with simple lotus petal moldings in the Bengali folk style. Such platforms are essential elements of Hindu domestic shrine furniture, elevating the deity above the floor level to indicate its divine status and to allow ritual circumambulation (pradakshina). The chaidani from the Baliati family temple represents the private religious life of the zamindari household, which maintained daily rituals alongside its worldly activities.",https://baliatipalacemuseum.gov.bd/gallery/chaidani.jpg,https://mahfujalam.wordpress.com/2017/02/01/the-baliati-jamidarabari-an-unexplored-and-less-known-attractive-place-near-dhaka-bangladesh/
Corinthian Column Capital Fragment,Baliati Palace Museum,Architectural Fragment,Lime plaster over brick core,19th century CE (c. 1790–1893),"Baliati Palace south facade colonnade, Saturia, Manikganj",Architecture & Heritage Gallery,"Height ~60 cm, Width ~50 cm",Recovered during conservation works,"A plaster capital from one of the Corinthian columns that form the south facade colonnade of the Baliati Palace — the most architecturally distinctive feature of the complex. The Baliati Palace is celebrated for its rows of Corinthian columns on the south facade, which give it a Greek-Roman Revival character unique among Bengal's zamindari palaces. The capital is of plaster-over-brick construction, modeled with the characteristic Corinthian acanthus leaf design arranged in two tiers around a central bell (kalathos) with corner volutes. This example was detached during conservation work and preserved in the museum. It illustrates the high level of plasterwork craftsmanship employed by the builders of Baliati Palace and the zamindars' deliberate adoption of European Neoclassical architectural symbolism to project power and modernity.",https://baliatipalacemuseum.gov.bd/gallery/corinthian_capital.jpg,https://www.thedailystar.net/star-weekend/heritage/the-grandeur-baliati-1202239
Lion Gate Finial (Lion Sculpture Fragment),Baliati Palace Museum,Architectural Sculpture,Lime plaster over brick,19th century CE,"Baliati Palace lion gateway, Saturia, Manikganj",Architecture & Heritage Gallery,~50 × 40 × 35 cm,Recovered during gateway conservation,"A plaster lion sculpture fragment from one of the three identical lion-surmounted gateways (sher darwaza) that punctuate the enclosure walls of the Baliati Palace complex. Each gateway is crowned by a sculptural lion — a symbol of authority, power, and dynastic prestige adopted from both British colonial heraldry and the Indian royal tradition. This fragment preserves the head and upper body of one of the gateway lions, showing the mane rendered in stylized curling locks, the face frontal with an open mouth, and the eyes boldly modeled. The plaster surface retains traces of original white lime wash. The three gateway lions are among the most distinctive visual symbols of the Baliati Palace complex and are frequently photographed by visitors.",https://baliatipalacemuseum.gov.bd/gallery/lion_finial.jpg,https://nijhoom.com/baliati-palace/
Land Deed Document (Pattas / Revenue Record),Baliati Palace Museum,Document / Administrative Record,"Paper, ink",Late 19th – early 20th century CE,"Baliati Palace estate office, Saturia, Manikganj",Administrative Heritage Gallery,Various sizes (folded documents),Recovered from palace estate records,"A collection of land deed documents (pattas) and revenue records from the Baliati zamindari estate office, recording the terms of land tenure between the zamindar and his cultivating tenants (raiyats). The documents are in Bengali and English, handwritten in ink on heavy paper. They specify the boundaries of individual plots, the names of tenants, the annual rent (lagaan) payable, and the conditions of occupancy. Under the zamindari system, the zamindar was the intermediary between the British colonial government and the cultivating population, collecting land revenue from tenants and remitting a fixed sum (diwani) to the colonial administration. These records are primary sources for the agrarian and administrative history of Manikganj district.",https://baliatipalacemuseum.gov.bd/gallery/land_deed.jpg,https://www.thedailystar.net/star-weekend/heritage/the-grandeur-baliati-1202239
Photograph Collection — Baliati Zamindar Family,Baliati Palace Museum,Photograph / Historical Document,"Silver gelatin photographic prints, sepia toned",Late 19th – early 20th century CE,"Baliati, Saturia, Manikganj",Administrative Heritage Gallery,Various sizes (framed),Original palace collection / donated by family descendants,"A framed collection of formal portrait photographs of members of the Baliati zamindar family, taken at a Calcutta photographic studio in the late 19th and early 20th centuries. The photographs show the zamindars in formal attire — dhoti and shawl for men, silk sari and gold jewelry for women — posed in the studio conventions of the period, with painted backdrop and upholstered chair props. Photography arrived in Bengal in the 1840s, and by the 1880s formal studio portraiture was an established practice among elite Bengali families. These photographs are among the most direct visual documents of the Baliati family's identity and appearance, and constitute an irreplaceable record of the people whose material legacy is preserved in the museum.",https://baliatipalacemuseum.gov.bd/gallery/family_photos.jpg,https://www.thedailystar.net/star-weekend/heritage/the-grandeur-baliati-1202239
Dressing Table with Beveled Mirror,Baliati Palace Museum,Furniture,"Teak wood, beveled glass mirror, marble top",Late 19th century CE,"Baliati Palace, Andarmahal, Saturia, Manikganj",Zamindari Furniture Gallery,"~120 × 55 cm, Height ~170 cm with mirror",Original palace inventory,"A teak dressing table with a tilting beveled-glass mirror on a swivel frame and a small white marble top surface, from the women's quarters (Andarmahal) of the Baliati Palace. The lower section has two banks of three drawers each, with turned brass knob pulls. The mirror frame is carved with a simple scrollwork cresting. The marble top surface has two small drawers below it for storing toiletry items. This dressing table is an intimate artifact of the domestic life of the zamindar's household women — it was at objects like this that the zenana women prepared themselves for festivals, ceremonies, and family gatherings. Its survival in reasonable condition provides a tangible connection to the private, domestic dimension of Baliati Palace life.",https://baliatipalacemuseum.gov.bd/gallery/dressing_table.jpg,https://mahfujalam.wordpress.com/2017/02/01/the-baliati-jamidarabari-an-unexplored-and-less-known-attractive-place-near-dhaka-bangladesh/
Inscription Stone — Palace Inauguration (1893 CE),Baliati Palace Museum,Inscription / Historical Document,"Marble / stone slab, engraved",1893 CE (1300 Bengali year),"Baliati Palace main entrance, Saturia, Manikganj",Architecture & Heritage Gallery,~60 × 40 cm,Original palace architectural element,"An inscribed stone slab recording the inaugural ceremony of the Baliati Palace, held on the 1st of Boishakh, 1300 Bengali year — April 14, 1893 CE. The inscription is in Bengali script and records the auspicious date of the palace's formal opening, the name of the presiding zamindar, and possibly a dedicatory verse. This stone is the primary epigraphic evidence confirming the date of the palace's completion and formal inauguration. According to the inscription, the opening ceremony was held on Bengali New Year's Day (Pahela Boishakh) — a deliberate choice of the most auspicious day in the Bengali calendar, underscoring the zamindars' deep engagement with Bengali cultural tradition even as they adopted a European architectural vocabulary for their palace.",https://baliatipalacemuseum.gov.bd/gallery/inauguration_stone.jpg,https://www.thedailystar.net/star-weekend/heritage/the-grandeur-baliati-1202239
Scale Model of Baliati Palace Complex (1:100),Baliati Palace Museum,Educational Model / Architectural Replica,"Plaster, painted wood",Contemporary (2000s CE),Fabricated for museum display,Architecture & Heritage Gallery,~150 × 100 × 30 cm,Commissioned by Department of Archaeology,"A detailed 1:100 scale architectural model of the entire Baliati Palace complex as it exists today, showing all seven building blocks, the three lion-surmounted gateways, the enclosure walls, the large pond (dighi) to the north, the smaller pond to the south, and the layout of the 5.88-acre compound. The model is painted to show the white-plastered facades of the palace buildings with their rows of Corinthian columns on the south facade. It serves as the central orientation exhibit of the museum, helping visitors understand the spatial organization of the vast complex — over 200 rooms across seven buildings — before they begin their tour. The model also shows the Rang Mahal (museum building) within the context of the whole complex.",https://baliatipalacemuseum.gov.bd/gallery/palace_model.jpg,https://archaeology.dhaka.gov.bd/en/site/page/baliati-palace-museum
Hookah / Huqqa Set (Water Pipe),Baliati Palace Museum,Domestic Artifact / Social Object,"Silver-plated brass base, glass water vessel, cloth hose",Late 19th century CE,"Baliati Palace, men's reception hall, Saturia, Manikganj",Zamindari Life Gallery,Base height ~50 cm,Original palace inventory,"A complete hookah (huqqa) set — base, water vessel, and hose — from the men's reception hall (baithak-khana) of the Baliati Palace. The base is of silver-plated brass in an onion-domed form with engraved floral decoration; the water vessel is of deep blue glass; the long flexible hose is covered with woven cloth and terminates in a carved mouthpiece. Hookah smoking was a central social ritual of the Bengali zamindari elite — offering the hookah to a guest was an act of hospitality and social bonding, while the rank of the hookah (the quality and design of the base) was a visual indicator of status. Hookah sets of this quality were imported from Calcutta or manufactured by specialist metalworkers in Dhaka or Murshidabad.",https://baliatipalacemuseum.gov.bd/gallery/hookah.jpg,https://mahfujalam.wordpress.com/2017/02/01/the-baliati-jamidarabari-an-unexplored-and-less-known-attractive-place-near-dhaka-bangladesh/
Decorative Ceramic Dinner Set (Willow Pattern),Baliati Palace Museum,Ceramic / Domestic Artifact,English bone china (transfer-printed),Late 19th century CE,"Baliati Palace, dining hall, Saturia, Manikganj",Zamindari Life Gallery,Plates ~25 cm diameter,Original palace inventory,"A partial dinner service in the English Willow Pattern — the iconic blue-and-white transfer-printed chinaware design featuring a pagoda, willow tree, bridge, and birds. The surviving pieces include dinner plates, soup bowls, a serving dish, and a sauce boat. English Willow Pattern pottery was the most widely exported British ceramic design to India and was a status symbol in prosperous Bengali households from the mid-19th century onward. The Baliati zamindars, like other elite Bengali families of the period, maintained a parallel cultural life that combined traditional Hindu rituals and Bengali customs with the adoption of British material culture. Using English china at the formal dining table was a deliberate performance of cosmopolitan taste.",https://baliatipalacemuseum.gov.bd/gallery/willow_china.jpg,https://mahfujalam.wordpress.com/2017/02/01/the-baliati-jamidarabari-an-unexplored-and-less-known-attractive-place-near-dhaka-bangladesh/
Brass Water Vessel (Kalash) — Ceremonial,Baliati Palace Museum,Religious / Ceremonial Artifact,Brass (engraved),Late 19th century CE,"Baliati Palace private temple, Saturia, Manikganj",Religious Heritage Gallery,Height ~35 cm,Original palace temple inventory,"A ceremonial brass water vessel (kalash) from the private temple of the Baliati zamindars, used for ritual purification and abhisheka (anointing of the deity). The kalash has a globular body, a narrow neck, a flared rim, and a small decorative spout. The surface is engraved with auspicious motifs — lotus flowers, the swastika symbol, and bands of geometric patterns. A kalash filled with sacred water and topped with a mango-leaf spray and a coconut is the standard auspicious symbol (mangal-kalash) of Hindu ritual, placed at the entrance of homes and temples during festivals and ceremonies. This vessel, engraved with particular care, was likely used at important family festivals including Durga Puja, Diwali, and the annual Shiva puja.",https://baliatipalacemuseum.gov.bd/gallery/brass_kalash.jpg,https://mahfujalam.wordpress.com/2017/02/01/the-baliati-jamidarabari-an-unexplored-and-less-known-attractive-place-near-dhaka-bangladesh/
Map and Survey Records — Baliati Estate (British Colonial),Baliati Palace Museum,Document / Cartographic Record,"Printed paper, hand-annotated",1870s–1940s CE,"Survey of Bengal records, Manikganj",Administrative Heritage Gallery,Various sizes,Bangladesh National Archives transfer,"A collection of Survey of Bengal cadastral maps and zamindari settlement records for the Baliati estate from the British colonial period. The maps show the layout of the palace compound, the surrounding village of Baliati, the course of the Gazikhali river (now dried up), the estate's agricultural lands, and the locations of tenant homesteads. Revenue settlement records document the extent of the estate's landholdings, the annual assessed land revenue, and the names of principal tenants. Under the Permanent Settlement of 1793, the Baliati zamindars were assessed a fixed annual revenue; these records document the administration of that system over nearly a century. The records are primary sources for the agrarian history of Manikganj and for understanding the territorial extent of one of the district's most important zamindari estates.",https://baliatipalacemuseum.gov.bd/gallery/estate_map.jpg,https://www.thedailystar.net/star-weekend/heritage/the-grandeur-baliati-1202239
Foundation Inscription of Bagha Mosque,Bagha Museum,Inscription / Epigraphic Record,Black stone (replica; original in Karachi Museum),1523–24 CE (930 AH),"Bagha Mosque, Bagha Upazila, Rajshahi",Inscription & Epigraphy Gallery,~60 × 40 cm,"Department of Archaeology, Bangladesh","A high-quality cast replica of the original foundation inscription of the Bagha Mosque, which records its construction by Sultan Nasiruddin Nusrat Shah, son of Alauddin Hussain Shah, founder of the Husain Shahi dynasty, in the year 930 AH (1523–24 CE). The original stone inscription was once fixed over the central archway of the mosque and is now held in Karachi. The text is in Arabic and Persian, written in a fine naskh calligraphic hand, recording the name of the patron sultan and the date of construction. This inscription is the primary historical document confirming the mosque's date and royal patronage, making it the most important epigraphic artifact associated with the Bagha complex.",https://baghamuseum.gov.bd/gallery/inscription1.jpg,https://en.banglapedia.org/index.php/Bagha_Mosque
Terracotta Floral Panel from Bagha Mosque (Exterior),Bagha Museum,Architectural Fragment / Terracotta,Fired terracotta,1523–24 CE (Husain Shahi Sultanate),"Bagha Mosque exterior wall, Bagha",Sultanate Architecture Gallery,~40 × 35 cm,Recovered during conservation by Department of Archaeology,"A detached terracotta panel from the exterior wall of the Bagha Mosque, bearing an exquisitely executed floral arabesque design. The pattern consists of interlocking vine scrolls producing stylized lotus flowers and leaf forms in the Persian-inspired decorative vocabulary that characterizes the entire surface ornamentation of the mosque. Bagha Mosque is renowned as one of the most elaborately decorated terracotta monuments of the Bengal Sultanate, its entire exterior wall surface covered with such panels. The design reflects the synthesis of Persian, Central Asian, and indigenous Bengali decorative traditions that flourished under the Husain Shahi sultans.",https://baghamuseum.gov.bd/gallery/terracotta_floral.jpg,https://en.banglapedia.org/index.php/Bagha_Mosque
Terracotta Mihrab Panel with Calligraphic Border,Bagha Museum,Architectural Fragment / Terracotta,Fired terracotta,1523–24 CE (Husain Shahi Sultanate),"Bagha Mosque interior mihrab, Bagha",Sultanate Architecture Gallery,~50 × 45 cm,Recovered during restoration works,"A terracotta panel recovered from the area of one of the four decorated mihrabs (prayer niches) of the Bagha Mosque. The mihrabs of the Bagha Mosque are considered the finest examples of Islamic terracotta ornamentation in Bengal. This panel bears a border of Arabic calligraphic inscription in naskh script — likely a Quranic verse — surrounding an inner field of dense floral arabesque. The depth of the relief carving is exceptional, with the calligraphic letters fully undercut to stand clear of the background. The four mihrabs of the mosque represent the pinnacle of the Bengal Sultanate terracotta tradition.",https://baghamuseum.gov.bd/gallery/mihrab_panel.jpg,https://en.banglapedia.org/index.php/Bagha_Mosque
Terracotta Geometric Jali Panel,Bagha Museum,Architectural Fragment / Terracotta,Fired terracotta,1523–24 CE (Husain Shahi Sultanate),"Bagha Mosque window screen, Bagha",Sultanate Architecture Gallery,~35 × 30 cm,Recovered during conservation,"A terracotta jali (perforated screen) panel from one of the screened window openings on the north and south sides of the Bagha Mosque. The pattern is composed of intersecting circles and diagonal bands forming an elegant geometric lattice, described in the architectural literature as one of the most refined window-screen designs of the Sultanate period. Such jali panels served both a practical function (admitting light and air while maintaining privacy) and a decorative one, casting intricate shadow patterns on the interior floor. The precision of the brick-and-terracotta craftsmanship required to produce such a panel is remarkable.",https://baghamuseum.gov.bd/gallery/jali_panel.jpg,https://en.banglapedia.org/index.php/Bagha_Mosque
Coin of Sultan Nusrat Shah (Gold Tanka),Bagha Museum,Coin / Numismatic Artifact,Gold,1519–1532 CE (reign of Nusrat Shah),Rajshahi region (excavation find),Coins & Currency Gallery,"Diameter ~22 mm, Weight ~10.8 g",Transferred from Rajshahi District Archaeological Office,"A gold tanka (dinar) struck by Sultan Nasiruddin Nusrat Shah at the Bengal Sultanate mint, recovered from the Rajshahi region. One side bears the sultan's name and titles in elegant Arabic naskh script; the reverse bears the Islamic kalima (declaration of faith) and the mint name. Nusrat Shah was the son and successor of the great Alauddin Hussain Shah and the patron of the Bagha Mosque — making his coins directly associated with the monument whose history the museum documents. Gold tankas of this period are rare survivors, as most were melted down in later centuries. This example is in excellent preservation with fully legible inscriptions.",https://baghamuseum.gov.bd/gallery/nusrat_coin.jpg,https://en.banglapedia.org/index.php/Bagha_Mosque
Coin of Alauddin Hussain Shah (Silver Tanka),Bagha Museum,Coin / Numismatic Artifact,Silver,1494–1519 CE (reign of Hussain Shah),Bagha area (hoard find),Coins & Currency Gallery,Diameter ~20 mm,"Excavation find, transferred from Department of Archaeology","A silver tanka of Sultan Alauddin Hussain Shah — founder of the Husain Shahi dynasty and father of Nusrat Shah, the builder of Bagha Mosque. The coin was part of a small hoard discovered near the Bagha Mosque complex. Alauddin Hussain Shah is celebrated as the greatest ruler of the Bengal Sultanate, whose reign (1494–1519) is considered the golden age of independent medieval Bengal. He patronized Bengali literature and expanded the sultanate to its greatest extent. His coins are among the most beautifully inscribed of the entire Sultanate series. This example bears his full royal titles in flowing naskh calligraphy.",https://baghamuseum.gov.bd/gallery/hussain_shah_coin.jpg,https://en.banglapedia.org/index.php/Hussain_Shahi_dynasty
Terracotta Brick with Stamped Inscription,Bagha Museum,Building Material / Epigraphic Artifact,Fired terracotta brick,16th century CE,"Bagha Mosque compound, Bagha",Sultanate Architecture Gallery,~28 × 14 × 7 cm,Recovered during mosque conservation works,"A large fired brick from the Bagha Mosque construction bearing a stamped inscription on its face — a rare example of inscribed bricks from the Bengal Sultanate period. The inscription is in Arabic and appears to be a devotional phrase or the brickmaker's mark. Stamped bricks of this type provided both structural integrity and documentary evidence in Sultanate-period construction. The brick's large size (larger than modern standard bricks) is characteristic of 16th-century Bengal construction. Its buff-orange color and dense firing reflect the high-quality kilns operating in the Rajshahi region during this period, taking advantage of local alluvial clay deposits.",N/A,https://en.banglapedia.org/index.php/Bagha_Mosque
Stone Pillar Segment from Mosque Plinth,Bagha Museum,Architectural Element / Stone,Repurposed stone (likely recycled from earlier Hindu/Buddhist structure),Original: pre-Islamic; reused 1523 CE,"Bagha Mosque plinth, Bagha",Sultanate Architecture Gallery,"Height ~90 cm, Diameter ~20 cm",Department of Archaeology conservation,"A stone pillar segment from the plinth of the Bagha Mosque — one of the stone structural elements that distinguish the mosque's construction. As stone was not locally available in the Bengal delta, the Sultan brought or reused stone for the mosque's plinth, lintels, and pillars. This segment shows evidence of earlier Hindu or Buddhist carving on one face, partially smoothed over, indicating the common Sultanate-period practice of reusing material from earlier religious structures. The stone is a dark grey basalt, likely transported from the Rajmahal hills. Such repurposed architectural elements are significant evidence of the cultural transitions of medieval Bengal.",https://baghamuseum.gov.bd/gallery/stone_pillar.jpg,https://en.banglapedia.org/index.php/Bagha_Mosque
Terracotta Corner Tower Fragment with Moulded Bands,Bagha Museum,Architectural Fragment / Terracotta,Fired terracotta,1523–24 CE,"Bagha Mosque octagonal corner tower, Bagha",Sultanate Architecture Gallery,~30 × 25 cm (curved),Recovered during conservation works,"A curved terracotta fragment from one of the four octagonal corner towers (burj) of the Bagha Mosque. The towers are divided into sections by moulded horizontal bands and topped with polygonal solid cupolas. This fragment preserves two of the moulded bands in their original condition, with a decorated frieze of stylized foliage between them. The towers served both a structural function (buttressing the mosque walls) and a visual one (creating a sense of height and monumentality). This fragment is important because it preserves the original surface texture and coloration of the terracotta before weathering, providing a reference for conservation work.",https://baghamuseum.gov.bd/gallery/tower_fragment.jpg,https://en.banglapedia.org/index.php/Bagha_Mosque
Bronze Oil Lamp (Chirag) — Sultanate Period,Bagha Museum,Domestic Artifact / Religious Object,Bronze (copper alloy),15th–16th century CE,Bagha region excavation,Islamic Heritage Gallery,"Height 12 cm, Width 18 cm","Excavation find, Bagha Upazila","A cast bronze oil lamp (chirag) of the type used in mosques and homes throughout the Bengal Sultanate period. The lamp has a shallow, oval reservoir for oil, a short spout for the wick, a handle, and a low pedestal base. The surface is plain but finely cast, with a smooth patina of dark bronze-green. Such lamps were the primary source of interior illumination in mosques, used to light the mihrabs, the prayer hall, and the approaches to the mosque for evening (Isha) and predawn (Fajr) prayers. The lamp was recovered from an excavation in the Bagha Upazila near the mosque compound, likely from a domestic or religious context contemporaneous with the mosque's active use.",https://baghamuseum.gov.bd/gallery/bronze_lamp.jpg,https://baghamuseum.gov.bd
Glazed Ceramic Bowl — Blue-and-White (Chinese Import),Bagha Museum,Ceramic / Trade Artifact,Glazed porcelain (Chinese import),15th–16th century CE (Ming Dynasty),Bagha region excavation,Trade & Material Culture Gallery,Diameter ~22 cm,Excavation find,"A blue-and-white glazed ceramic bowl of Chinese Ming Dynasty manufacture, recovered from an excavation in the Bagha area. The exterior bears a simple design of lotus flowers and scrolling vines in cobalt blue under a clear glaze. Chinese porcelain was imported in large quantities into Bengal during the Sultanate period, both for the use of the royal court and for the wealthy merchant class. The Husain Shahi dynasty maintained extensive trade contacts with China, and Chinese porcelain has been found at multiple Sultanate-period sites in Bangladesh. This bowl is evidence of Bagha's role as a trading center on the Padma river during the 15th–16th centuries.",https://baghamuseum.gov.bd/gallery/chinese_bowl.jpg,https://baghamuseum.gov.bd
Iron Sword — Bengal Sultanate Period,Bagha Museum,Weapon / Military Artifact,Iron / Steel,15th–16th century CE,Bagha region,Military Heritage Gallery,Length ~85 cm,Transferred from local collection,"A straight, double-edged iron sword of the type carried by Bengal Sultanate infantry and cavalry. The blade is of medium width with a central ridge, tapering to a point. The hilt is simple, with a crossguard and a pommel of cast iron. Though the surface shows significant oxidation and pitting from centuries of burial, the basic form and proportions of the sword are intact. Such swords were the standard sidearm of Sultanate-period soldiers in Bengal, carried alongside spears and shields. This example likely belonged to a soldier or minor official associated with the Bagha administrative center, which served as a regional headquarters under the Husain Shahi sultans.",https://baghamuseum.gov.bd/gallery/iron_sword.jpg,https://baghamuseum.gov.bd
Copper Plate — Land Grant Document,Bagha Museum,Inscription / Legal Document,Copper,16th century CE,Bagha Upazila region,Inscription & Epigraphy Gallery,~25 × 15 cm,Donated by local landholder family,"A copper plate bearing an inscribed land grant (tamrapatra) recording the donation of agricultural land to a religious institution — likely a mosque or a dargah (Sufi shrine) — in the Bagha area. The text is in Persian, the administrative language of the Bengal Sultanate, written in a clear nasta'liq hand. Copper plate land grants are among the most important primary sources for the administrative and social history of medieval Bengal. This example records the boundaries of the donated land, the name of the donor (a local official), the recipient institution, and the date. It provides direct evidence of the patronage networks that supported the religious life of the Bagha region under the Sultanate.",https://baghamuseum.gov.bd/gallery/copper_plate.jpg,https://baghamuseum.gov.bd
Terracotta Water Pot (Kalshi) — Medieval Period,Bagha Museum,Ceramic / Domestic Artifact,Fired terracotta,15th–16th century CE,Bagha Upazila excavation,Everyday Life Gallery,Height ~35 cm,Excavation find,"A large terracotta water storage pot (kalshi) recovered from an excavation in the Bagha area, dating to the Sultanate period. The pot has a globular body, a narrow neck, a flared rim, and two small handles. The surface is plain, with only a decorative band of incised geometric patterns below the shoulder. Such pots were the ubiquitous household water storage vessels of rural Bengal, used to carry and store water from the rivers, ponds, and wells that sustained life in the delta. The form of the Bengali kalshi has remained remarkably consistent for thousands of years; this example is identifiable as Sultanate-period by its clay composition and stratigraphic context.",https://baghamuseum.gov.bd/gallery/kalshi.jpg,https://baghamuseum.gov.bd
Carved Stone Mihrab Fragment,Bagha Museum,Architectural Fragment / Stone,Stone (grey basalt),16th century CE,Bagha Mosque precinct,Sultanate Architecture Gallery,~45 × 38 cm,Recovered during conservation,"A carved stone fragment from the area of one of the mosque's mihrabs or from a secondary structure within the mosque compound. Unlike the terracotta elements that dominate the mosque's decoration, this fragment is cut from stone, making it an unusual survival. The surface bears a carved arabesque pattern of intertwining vines and palmette leaves in a style closely related to the terracotta decoration. The use of stone alongside terracotta in the Bagha Mosque reflects the Sultanate builders' effort to import the most durable materials available for the most important decorative elements of this royal foundation.",https://baghamuseum.gov.bd/gallery/stone_mihrab.jpg,https://en.banglapedia.org/index.php/Bagha_Mosque
Coins of Ghiyasuddin Mahmud Shah (Last Husain Shahi Sultan),Bagha Museum,Coin / Numismatic Artifact,Silver,1532–1538 CE,Rajshahi area (hoard find),Coins & Currency Gallery,Diameter ~19 mm,Excavation find,"Silver tankas of Ghiyasuddin Mahmud Shah — the last ruler of the Husain Shahi dynasty, whose reign ended with the Sher Shah Suri conquest of Bengal in 1538. These coins represent the final chapter of the independent Bengal Sultanate, the dynasty that built the Bagha Mosque. After Mahmud Shah's defeat, Bengal came under the rule of the Suri and then Mughal empires, bringing to an end the century of independent Husain Shahi rule that had presided over a golden age of Bengali literature, architecture, and trade. The coins are inscribed with the sultan's name and titles in Arabic naskh. Their recovery near Bagha connects them directly to the administrative history of the region.",https://baghamuseum.gov.bd/gallery/mahmud_shah_coin.jpg,https://baghamuseum.gov.bd
Glass Bangle Fragments — Sultanate Period,Bagha Museum,Personal Ornament / Domestic Artifact,Glass (colored),15th–16th century CE,Bagha Upazila excavation,Everyday Life Gallery,Fragments 2–5 cm,Excavation find,"A collection of glass bangle fragments recovered from a Sultanate-period deposit in the Bagha Upazila. The fragments are in green, blue, and amber glass, some with applied thread decoration. Glass bangles have been worn by women in Bengal for thousands of years and are produced by specialist artisans using a flame-winding technique. These fragments represent both domestic life and long-distance trade: fine glass was imported from West Asia and also manufactured locally. The range of colors and techniques visible in these fragments indicates that women of the Bagha area in the Sultanate period had access to both imported luxury glass and local products.",https://baghamuseum.gov.bd/gallery/glass_bangles.jpg,https://baghamuseum.gov.bd
Handwritten Quran — 17th Century,Bagha Museum,Manuscript / Religious Artifact,"Paper, iron-gall ink, leather binding",17th century CE (Mughal period),Bagha area mosque collection,Islamic Heritage Gallery,"~28 × 20 cm, 420 pages",Donated by local mosque committee,"A complete handwritten Quran manuscript donated by a local mosque, written in a clear and practiced naskh hand on heavy paper. The manuscript is bound in a worn brown leather cover with a tooled flap (miqlab). The opening pages bear a simple illuminated heading in gold and blue marking the beginning of Surah Al-Fatiha. The manuscript dates to the Mughal period and was likely produced in Bengal, as indicated by the paper type and binding style. It was preserved in a local mosque in Bagha for several centuries before being donated to the museum. Quran manuscripts from this region are important documents of the Islamic scholarly and scribal culture of rural Bengal during the 17th century.",https://baghamuseum.gov.bd/gallery/quran_ms.jpg,https://baghamuseum.gov.bd
Terracotta Dome Fragment with Surface Plaster,Bagha Museum,Architectural Fragment / Terracotta,Fired brick with lime plaster,1523–24 CE; collapsed 1897,Bagha Mosque original dome (collapsed in 1897 earthquake),Sultanate Architecture Gallery,~40 × 35 cm (curved),"Recovered during dome reconstruction, Department of Archaeology","A curved terracotta brick fragment from one of the ten original domes of the Bagha Mosque, which collapsed in the great earthquake of 1897 that devastated the region. The fragment retains traces of the original white lime plaster on its inner face — the plaster that would have formed the interior dome surface visible to worshippers. The outer face shows the characteristic small fired bricks used in Sultanate dome construction. When the Department of Archaeology reconstructed the domes in the 20th century, fragments of the original domes were preserved. This piece is therefore a direct physical remnant of the 500-year-old original structure that worshippers saw when the mosque was first completed in 1524.",https://baghamuseum.gov.bd/gallery/dome_fragment.jpg,https://en.banglapedia.org/index.php/Bagha_Mosque
Iron Lock and Key — Sultanate / Mughal Period,Bagha Museum,Domestic Artifact / Metalwork,Iron,16th–17th century CE,Bagha area,Everyday Life Gallery,Lock: 12 × 8 cm; Key: 15 cm,Donated by local family,"A heavy iron padlock and its key from the Sultanate or early Mughal period. The lock is of the 'shutter' type, in which a spring mechanism is released by the key. The surface is rough with forge marks and age oxidation. Such locks were used to secure the doors of mosques, granaries, treasure rooms, and merchant storehouses. The key has a long stem with a decorative loop handle and a simple bit. The Bagha area was an active trading center on the Padma river during the 16th–17th centuries, and locks of this type would have secured the storehouses of the merchants and the treasury of the local administrator. This artifact represents the everyday material culture of the prosperous trading town that once existed at Bagha.",https://baghamuseum.gov.bd/gallery/iron_lock.jpg,https://baghamuseum.gov.bd
Silver Earrings — Medieval Bengali Style,Bagha Museum,Personal Ornament / Jewelry,Silver,15th–16th century CE,Bagha Upazila excavation,Everyday Life Gallery,Diameter ~4 cm each,Excavation find,"A pair of silver earrings recovered from a Sultanate-period deposit in the Bagha area. The earrings are of the large loop type (baali) characteristic of medieval Bengali jewelry, with a granulated surface decoration of small silver spheres arranged in geometric patterns. Silver jewelry was worn by women of all social classes in medieval Bengal; gold was reserved for the wealthy. These earrings are of good quality, indicating they belonged to a moderately prosperous household. Jewelry finds from excavations are important evidence for understanding the personal adornment practices, material prosperity, and trade networks of medieval Bengali communities.",https://baghamuseum.gov.bd/gallery/silver_earrings.jpg,https://baghamuseum.gov.bd
Photograph Archive — Bagha Mosque Conservation (1900s–1980s),Bagha Museum,Photograph / Historical Document,Black and white photographic prints,1903–1985 CE,Bagha Mosque site,Site Documentation Gallery,Various sizes,Department of Archaeology archives,"A collection of twenty archival photographs documenting the Bagha Mosque before, during, and after the major conservation campaigns of the 20th century. The earliest photographs (c. 1903–1910) show the mosque with collapsed domes following the 1897 earthquake — roofless, with vegetation growing from the walls. Later photographs (1950s–1970s) show the Department of Archaeology's dome reconstruction project in progress. The most recent images (1980s) show the restored mosque. Together, the photographs constitute an invaluable visual history of conservation practice in Bangladesh and of the physical transformation of one of the country's most important monuments. They are also essential documents for scholarly study of the mosque's original form.",https://baghamuseum.gov.bd/gallery/conservation_photos.jpg,https://baghamuseum.gov.bd
Silk Fabric Sample — Rajshahi Mulberry Silk,Bagha Museum,Textile / Heritage Craft,Mulberry silk (Bombyx mori),19th–20th century CE,Rajshahi District,Heritage Craft Gallery,~50 × 50 cm framed,Donated by Rajshahi Silk Industry,"A framed sample of Rajshahi mulberry silk — the golden-yellow, lustrous fabric for which the Rajshahi region has been famous since at least the Mughal period. Rajshahi District is the heart of Bangladesh's silk industry, based on the cultivation of the mulberry tree (Morus alba) whose leaves feed the silkworm (Bombyx mori). The silk produced here has a distinctive golden sheen and exceptional softness. The sample shows both a plain-woven (plain silk) and a woven-pattern (jamdani-style) section. The silk industry of Rajshahi was at its peak during the 18th–19th centuries under zamindari patronage, and the region is still the primary producer of silk in Bangladesh.",https://baghamuseum.gov.bd/gallery/silk_sample.jpg,https://baghamuseum.gov.bd
Traditional Fishing Net Weight (Mach Dhari Pathor),Bagha Museum,Fishing Equipment / Folk Artifact,"Stone, fired clay",19th–20th century CE,"Padma River, Bagha Ghat",Everyday Life Gallery,Weights 5–15 cm,Donated by local fishing community,"A collection of stone and clay net sinkers (weights) used by fishermen on the Padma River at Bagha Ghat. The sinkers are of various shapes — spherical, discoid, and conical — with a groove or hole for attaching to the edge of a fishing net. They were used to sink the net to the desired depth when cast. Bagha was historically a significant trading and fishing settlement on the Padma, and fishing communities have lived along the riverbank here for centuries. These humble objects represent the material culture of the fishing communities whose labor sustained the local economy long before and after the great mosque was built.",N/A,https://baghamuseum.gov.bd
Frieze Panel — Stylized Lotus and Chain Motif,Bagha Museum,Architectural Fragment / Terracotta,Fired terracotta,1523–24 CE (Husain Shahi Sultanate),"Bagha Mosque exterior frieze, Bagha",Sultanate Architecture Gallery,~60 × 15 cm,Recovered during conservation,"A long, narrow terracotta frieze panel from the exterior wall of the Bagha Mosque, bearing a repeating design of stylized lotus flowers connected by a chain of circular links — a classic decorative border motif of the Bengal Sultanate. This motif runs as a horizontal band separating the main decorative panels on the mosque's outer wall and appears at the cornice level. The lotus (padma) is a symbol common to both Hindu and Buddhist art that was freely adopted into the Islamic decorative vocabulary of Bengal, representing the fertile, flower-rich landscape of the delta. The chain motif derives from Persian architectural decoration. The seamless blending of these traditions is the defining characteristic of Bengal Sultanate ornament.",https://baghamuseum.gov.bd/gallery/lotus_frieze.jpg,https://en.banglapedia.org/index.php/Bagha_Mosque
Dargah Lamp Stand (Mishra) — Sufi Shrine,Bagha Museum,Religious Artifact / Metalwork,Bronze / Brass,17th–18th century CE,"Dargah of Sufi saints, Bagha compound",Islamic Heritage Gallery,Height ~45 cm,"Donated by dargah committee, Bagha","A tall brass lamp stand (mishra or shama-dan) used in the dargah (Sufi shrine) located within the Bagha mosque compound. The Bagha compound contains the graves of several saints who preached Islam in the region, and these shrines have been active pilgrimage sites for centuries. The lamp stand has a broad round base for stability, a slender fluted column, and a flat top plate with a central spike for holding a candle or oil lamp. The surface is engraved with geometric floral patterns in the Persian-Mughal decorative style. Such lamp stands were central to dargah ritual, illuminating the shrines during night prayers and on the anniversary celebrations (urs) of the buried saints.",https://baghamuseum.gov.bd/gallery/dargah_lamp.jpg,https://baghamuseum.gov.bd
Map and Survey Records — Bagha Upazila (Colonial Period),Bagha Museum,Document / Cartographic Record,Printed paper,1850s–1920s CE (British colonial period),"Survey of India records, Rajshahi",Site Documentation Gallery,Various sizes,Bangladesh National Archives transfer,"A collection of Survey of India cadastral maps and revenue survey records for the Bagha area from the British colonial period. The maps show the layout of the Bagha Mosque compound, the adjacent Dighi (tank), the surrounding agricultural lands, and the settlement pattern of Bagha village in the 19th–early 20th centuries. Colonial survey records are essential tools for understanding how the landscape around the mosque has changed over time and for tracing the ownership and management history of the protected monument. The records also document the names of local landholders and the extent of the mosque's waqf (endowment) land.",https://baghamuseum.gov.bd/gallery/colonial_map.jpg,https://baghamuseum.gov.bd
Brick Pavement Section from Mosque Forecourt,Bagha Museum,Architectural Fragment / Brick,"Fired brick, lime mortar",1523–24 CE,Bagha Mosque forecourt (excavation),Sultanate Architecture Gallery,~60 × 40 cm section,"Excavation, Department of Archaeology","A lifted section of original brick pavement from the forecourt (sahn) in front of the Bagha Mosque, recovered during an archaeological excavation of the compound. The bricks are large (Sultanate-period standard) and laid in a herringbone pattern using white lime mortar. The underside retains the original mortar bed. Such pavement sections provide direct evidence of the original ground level, the construction technique, and the spatial organization of the mosque complex as designed in 1523. The forecourt pavement was used by worshippers performing ablutions at the mosque's tank before entering for prayer, and by the community gathering for Eid prayers on the open ground.",https://baghamuseum.gov.bd/gallery/brick_pavement.jpg,https://baghamuseum.gov.bd
Ceramic Lota (Ritual Water Vessel),Bagha Museum,Ceramic / Religious Artifact,Fired and glazed earthenware,16th–17th century CE,Bagha Upazila excavation,Islamic Heritage Gallery,Height ~20 cm,Excavation find,"A small glazed earthenware lota (ritual water vessel) used for wudu (ritual ablution before prayer). The vessel has a globular body, a short spout, a narrow neck, and a small handle. It is glazed in a pale green monochrome glaze consistent with local Bengal Sultanate / early Mughal ceramic production. The lota is among the most personal of Islamic religious objects, used daily for purification before the five prayers. Its recovery from the Bagha area connects it directly to the religious life of the community that worshipped at the Bagha Mosque. The green glaze is iron-based and shows the technical capabilities of local potters in the 16th–17th centuries.",https://baghamuseum.gov.bd/gallery/lota.jpg,https://baghamuseum.gov.bd
Scale Model of Bagha Mosque (1:50),Bagha Museum,Educational Model / Architectural Replica,"Plaster of Paris, painted",2015 CE (contemporary reconstruction),Fabricated for museum opening,Site Documentation Gallery,~100 × 60 × 40 cm,Commissioned by Department of Archaeology for museum inauguration,"A detailed 1:50 scale architectural model of the Bagha Mosque as it appeared at its completion in 1523–24 CE, before the collapse of the original domes in 1897. The model was commissioned by the Department of Archaeology for the museum's inauguration in May 2015 and is based on architectural survey data, historical descriptions, and comparison with contemporary Sultanate mosques. It shows all ten original domes, the four octagonal corner towers, the five eastern doorways, the two lateral screened openings, the surrounding brick-walled compound, the main southern gateway, and the large Dighi (tank) to the east. The model serves as the central educational exhibit of the museum, helping visitors understand the original design before centuries of weathering and the 1897 earthquake changed the monument's appearance.",https://baghamuseum.gov.bd/gallery/mosque_model.jpg,https://baghamuseum.gov.bd
Hawker Hunter FGA.9,Bangladesh Air Force Museum,Fighter Aircraft,"Aluminium alloy, steel",1950s–1971 (acquired 1971),"Tejgaon Air Base, Dhaka",Outdoor Display,Wingspan: 10.26 m; Length: 13.98 m,Bangladesh Air Force,"The Hawker Hunter is a subsonic British jet fighter-bomber that was the primary combat aircraft of the Bangladesh Air Force during the Liberation War of 1971. Bangladesh inherited several Hunter jets from the Pakistan Air Force. It played a significant role in air operations during the nine-month war, providing close air support and interdiction missions. The aircraft on display outside the museum is painted in the original BAF livery of the war period and remains one of the most iconic exhibits.",https://upload.wikimedia.org/wikipedia/commons/4/41/BAF_Museum_Dhaka_Bangladesh_2008.jpg,https://bafmuseum.com.bd
de Havilland Vampire T.55,Bangladesh Air Force Museum,Jet Trainer / Fighter,Aluminium alloy,1950s–1970s,Dhaka,Outdoor Display,Wingspan: 11.58 m; Length: 9.37 m,Bangladesh Air Force,The de Havilland Vampire T.55 was a twin-boom British jet trainer and light fighter used by the Pakistan Air Force before independence. Bangladesh inherited a few Vampires after 1971. This early jet aircraft was used for pilot training and some combat roles during the early period of the Bangladesh Air Force. The twin-boom design is unusual and immediately recognisable. The aircraft on display retains its original markings and provides visitors with a close-up view of early jet aviation history in Bangladesh.,https://upload.wikimedia.org/wikipedia/commons/4/41/BAF_Museum_Dhaka_Bangladesh_2008.jpg,https://bafmuseum.com.bd
North American T-6 Texan (Harvard),Bangladesh Air Force Museum,Trainer Aircraft,Aluminium alloy,1940s–1970s,Dhaka,Outdoor Display,Wingspan: 12.80 m; Length: 8.99 m,Bangladesh Air Force,"The North American T-6 Texan, known as the Harvard in Commonwealth service, was one of the most widely used trainer aircraft of the Second World War. Pakistan Air Force and later Bangladesh Air Force used the Harvard for ab initio and basic flying training. The radial piston engine provides a distinctive sound. This propeller-driven aircraft trained generations of pilots who later flew jet aircraft during the Bangladesh Liberation War of 1971. The museum specimen demonstrates the evolution of military aviation from propeller to jet technology.",,https://bafmuseum.com.bd
MiG-21 MF 'Fishbed',Bangladesh Air Force Museum,Fighter Aircraft (Supersonic),"Aluminium alloy, titanium",1970s–1990s (BAF service),Dhaka,Outdoor Display / Gallery 2,Wingspan: 7.15 m; Length: 15.76 m,Bangladesh Air Force,"The Mikoyan-Gurevich MiG-21 is a Soviet supersonic jet fighter that formed the backbone of the Bangladesh Air Force from the 1970s onward. Bangladesh acquired MiG-21s from the Soviet Union after independence, making it the first supersonic fighter in BAF service. The delta-wing design enables speeds exceeding Mach 2. This aircraft was the primary air defence fighter of Bangladesh for over two decades and participated in numerous training exercises. The museum specimen is displayed with its original BAF roundel and carries historical significance as Bangladesh's first supersonic interceptor.",https://upload.wikimedia.org/wikipedia/commons/4/41/BAF_Museum_Dhaka_Bangladesh_2008.jpg,https://bafmuseum.com.bd
Shenyang F-6 (MiG-19 Copy),Bangladesh Air Force Museum,Fighter Aircraft (Transonic),Aluminium alloy,1970s–1980s (BAF service),Dhaka,Outdoor Display,Wingspan: 9.00 m; Length: 14.64 m,Bangladesh Air Force,"The Shenyang F-6 is a Chinese-built copy of the Soviet MiG-19, the world's first production supersonic fighter. Bangladesh acquired F-6s from China in the mid-1970s as part of bilateral defence cooperation. The twin-engine aircraft was capable of supersonic flight and was equipped with 23mm cannon and air-to-air missiles. It served alongside MiG-21s in the Bangladesh Air Force for over a decade. The museum display includes original livery and weapons pylons. It represents the China–Bangladesh defence relationship that has been a cornerstone of BAF equipment procurement.",,https://bafmuseum.com.bd
Aermacchi MB-339A,Bangladesh Air Force Museum,Jet Trainer / Light Attack,Aluminium alloy,1980s–2000s (BAF service),Dhaka,Gallery 2,Wingspan: 10.86 m; Length: 10.97 m,Bangladesh Air Force,"The Aermacchi MB-339A is an Italian subsonic jet trainer and light attack aircraft acquired by Bangladesh from Italy in the 1980s. It was used for advanced pilot training and could also carry weapons for light ground-attack missions. The MB-339 gave BAF pilots the transition training needed before flying the MiG-21. Known for its reliability and ease of maintenance, the MB-339 served for over two decades. This museum example still wears its original red-and-white training livery, which has become iconic in BAF history.",,https://bafmuseum.com.bd
Cessna T-37 'Tweet',Bangladesh Air Force Museum,Jet Trainer,Aluminium alloy,1970s–1990s (BAF service),Dhaka,Gallery 2,Wingspan: 10.30 m; Length: 8.92 m,Bangladesh Air Force,The Cessna T-37 Twin Tweet is an American side-by-side seat jet trainer used for primary jet pilot training. Bangladesh received T-37s under US Military Assistance Program in the early years of independence. It was the first jet many BAF pilots flew after completing piston-engine training. The T-37's ease of handling and forgiving flight characteristics made it an ideal first-jet trainer. This museum specimen represents the US–Bangladesh early defence cooperation and the beginning of BAF's jet training programme.,,https://bafmuseum.com.bd
Mil Mi-8 'Hip' Transport Helicopter,Bangladesh Air Force Museum,Transport Helicopter,"Steel, aluminium alloy",1970s–2000s (BAF service),Dhaka,Outdoor Display / Helicopter Pad,Rotor diameter: 21.29 m; Length: 18.42 m,Bangladesh Air Force,"The Mil Mi-8 is a Soviet twin-turbine transport helicopter widely regarded as one of the most successful rotary-wing aircraft ever built. The BAF acquired Mi-8s from the Soviet Union in the late 1970s for troop transport, logistical support, and search-and-rescue operations. The helicopter can carry up to 24 passengers or 3,000 kg of cargo. The BAF Mi-8 fleet participated in flood relief operations across Bangladesh — a country frequently affected by catastrophic flooding — making it an aircraft with both military and humanitarian significance. The museum example is displayed with its distinctive BAF green and grey camouflage.",,https://bafmuseum.com.bd
Bell 212 (UH-1N Twin Huey),Bangladesh Air Force Museum,Utility Helicopter,"Steel, aluminium alloy",1980s–2000s (BAF service),Dhaka,Outdoor Display,Rotor diameter: 14.69 m; Length: 12.92 m,Bangladesh Air Force,"The Bell 212 is a twin-engine development of the famous Bell UH-1 Huey, the iconic helicopter of the Vietnam War era. Bangladesh acquired Bell 212s for utility transport, VIP movement, and disaster relief operations. The aircraft is powered by a Pratt & Whitney Canada PT6T-3B Twin Pac engine. The BAF Bell 212 fleet served with distinction in numerous domestic relief operations and UN peacekeeping missions. This museum example is displayed on the outdoor platform, giving visitors the opportunity to see the scale of a utility helicopter up close.",,https://bafmuseum.com.bd
Fouga CM.170 Magister,Bangladesh Air Force Museum,Jet Trainer / Light Attack,Aluminium alloy,1960s–1970s (PAF/BAF service),Dhaka,Gallery 1,Wingspan: 12.15 m; Length: 10.06 m,Bangladesh Air Force / Inherited from PAF,"The Fouga CM.170 Magister is a French twin-jet trainer with a distinctive V-tail (butterfly tail) configuration. Pakistan Air Force operated the Magister for advanced jet training, and a small number were used by the nascent Bangladesh Air Force in 1971. Some accounts suggest that Magisters were used during the Liberation War in ground-attack roles against Pakistani forces. The unusual V-tail design makes it immediately recognisable and distinctive among the museum's aircraft collection. This aircraft represents the French contribution to Pakistani and Bangladeshi aviation history.",,https://bafmuseum.com.bd
Bangladesh Air Force Roundel and Flag Display,Bangladesh Air Force Museum,Heraldic / Institutional Symbol,"Painted metal, fabric",1972 (adopted),Dhaka,Gallery 1 — Founding of BAF,,,"The official roundel and flag of the Bangladesh Air Force, adopted in 1972 after independence. The BAF roundel consists of concentric circles in the colours of the Bangladesh national flag — green and red — with the red circle at the centre representing the rising sun of the new nation. The BAF flag is dark blue (the traditional colour of air forces) with the national emblem at its centre. This heraldic display is the first exhibit visitors encounter and establishes the institutional identity of the Air Force.",,https://bafmuseum.com.bd
Flying Suit and Helmet of Wing Commander M. Hamidullah Khan,Bangladesh Air Force Museum,Personal Military Memorabilia,Nylon flight suit; fibreglass helmet; leather gloves,1971 CE (Liberation War),Dhaka (Tejgaon Air Base),Gallery 3 — Liberation War Gallery,,,"The flying suit, helmet, and personal effects of Wing Commander M. Hamidullah Khan, one of the founding officers of the Bangladesh Air Force who defected from Pakistan Air Force during the 1971 Liberation War. The olive-green flight suit retains its original patches and rank insignia. The fibreglass flying helmet has the BAF emblem painted on the front, likely added after liberation. These garments represent the courage of the Bengali military personnel who risked their lives to join the resistance. Similar to the Bir Shreshtha Matiur Rahman collection in the Bangladesh National Museum, these personal effects humanise the abstract story of national liberation.",,https://bafmuseum.com.bd
Uniforms — Liberation War Officers Collection,Bangladesh Air Force Museum,Military Uniform Collection,Khaki cotton; wool; metal insignia,1971 CE (Liberation War),Bangladesh,Gallery 3 — Liberation War Gallery,,,"A collection of military uniforms worn by officers of the Bangladesh Air Force (Mukti Bahini air wing) during the Liberation War of 1971. The collection includes a khaki bush jacket with rank insignia, a field cap, and a belt with holster. These uniforms were often improvised from available materials in the early months of the war, before standardised supply chains were established. The insignia represent the early provisional rank system of the liberation forces. Together they document the material conditions of those who fought for Bangladesh's independence from Pakistan.",,https://bafmuseum.com.bd
Air-to-Air Missile Display (PL-2 / Atoll),Bangladesh Air Force Museum,Weapon / Ordnance,"Steel, aluminium alloy",1970s–1980s (BAF service),Dhaka,Gallery 4 — Weapons Gallery,Length: 2.83 m; Diameter: 127 mm,Bangladesh Air Force,"A display of air-to-air missiles used by the Bangladesh Air Force on its MiG-21 and F-6 aircraft. The PL-2 (Pili-2) is a Chinese-built copy of the Soviet Atoll (K-13) missile, which was itself derived from the American AIM-9 Sidewinder infrared-guided missile. The display includes a cut-away section showing the internal components: the infrared seeker head, propulsion section, and warhead. The missiles are mounted on standard pylons as they would appear on an aircraft's wings. This exhibit explains the development of beyond-visual-range air combat capabilities in the BAF.",,https://bafmuseum.com.bd
De-commissioned Jet Engine — Rolls-Royce Avon,Bangladesh Air Force Museum,Aero Engine,"Steel, titanium alloys",1950s–1970s (Hawker Hunter era),Dhaka (BAF engineering base),Gallery 5 — Technology and Engineering,Length: ~3.2 m; Diameter: ~0.9 m,Bangladesh Air Force,"A decommissioned Rolls-Royce Avon turbojet engine, the powerplant of the Hawker Hunter fighter-bomber used by the Bangladesh Air Force. The engine is displayed on a maintenance stand with the casing removed on one side to reveal the internal structure: the compressor stages, combustion chambers, and turbine blades. Labels identify each major component. The Avon produced approximately 10,000 lbs of thrust and gave the Hunter its performance. This exhibit explains the principles of jet propulsion and the engineering challenges of maintaining complex military hardware in a developing nation's air force.",,https://bafmuseum.com.bd
Air Defence Radar Equipment (YLC-6 Type),Bangladesh Air Force Museum,Electronic / Communication Equipment,"Steel, electronic components",1980s–2000s (BAF service),Dhaka,Gallery 5 — Technology and Engineering,,China National Electronics Import & Export Corporation (donated on decommission),"A decommissioned Chinese-made YLC-6 two-dimensional long-range air surveillance radar system, of the type used by the Bangladesh Air Force for early warning and air traffic control. The display includes the antenna array, the radar control console, and a large illuminated tactical display screen showing simulated aircraft tracks. The YLC-6 operated in the L-band and had a detection range of approximately 350 km. This exhibit explains the role of radar in modern air defence, the concept of threat detection, and how Bangladesh built its integrated air defence network with Chinese assistance.",,https://bafmuseum.com.bd
Ejection Seat — Martin-Baker Mk.4,Bangladesh Air Force Museum,Aviation Safety Equipment,"Steel, aluminium, nylon harness",1960s–1980s (BAF Hunter era),Dhaka,Gallery 5 — Technology and Engineering,Height: ~1.2 m,Bangladesh Air Force,"A Martin-Baker Mk.4 ejection seat of the type fitted to the Hawker Hunter fighter-bomber. The seat is displayed in a glass case with its survival equipment: the parachute pack, personal survival kit, and harness. An instructional panel explains the ejection sequence — from pulling the handle to rocket seat activation, canopy separation, and automatic parachute deployment. Martin-Baker ejection seats have saved thousands of lives worldwide; the plaque lists the number of recorded saves. For BAF Hunter pilots, this seat was their last line of survival if an aircraft became uncontrollable.",,https://bafmuseum.com.bd
Pilot's Flying Log Book — 1971 Liberation War,Bangladesh Air Force Museum,Document / Personal Record,"Leather cover, paper pages; ink entries",1971 CE (Liberation War),Bangladesh,Gallery 3 — Liberation War Gallery,Standard RAF-type log book format,Donated by serving officer's family,"A leather-bound pilot's flying log book belonging to a Bangladesh Air Force officer who flew combat missions during the 1971 Liberation War. The log records each flight in neat tabular entries: date, aircraft type, engine type, duration, and remarks. The remarks columns from August–December 1971 record sorties including strafing runs, bombing missions, and delivery flights. The handwriting is careful and precise — the professional record of a man flying dangerous missions in an improvised air force during a national struggle for survival. The log is displayed open to the December 1971 entries from the final days of the war.",,https://bafmuseum.com.bd
Photographs — Bangladesh Air Force Formation 1971,Bangladesh Air Force Museum,Archival Photographs,"Silver gelatin prints, black-and-white",1971 CE (Liberation War),"Dhaka / India (Dimapur, Agartala)",Gallery 3 — Liberation War Gallery,Approx. 30 × 40 cm each (framed),Bangladesh Air Force Archives,A framed collection of original black-and-white photographs documenting the formation of the Bangladesh Air Force in 1971. The photographs show: the first group of Bengali pilots and ground crew who defected from Pakistan Air Force; Group Captain A.K. Khandker (first BAF commander) addressing officers; the first flight operations from forward air bases in India near the Bangladesh border; and the liberation of Dhaka in December 1971 with BAF aircraft overflying the city. These images are among the most historically important documents of the founding of the national air force.,,https://bafmuseum.com.bd
Air Force Officer's Dress Sword,Bangladesh Air Force Museum,Weapon / Ceremonial,Steel blade; brass hilt; leather scabbard,Post-1971 (Bangladesh standard pattern),Dhaka,Gallery 1 — Founding of BAF,Blade length: 76 cm; Total: 89 cm,,"The ceremonial dress sword of a Bangladesh Air Force officer, of the pattern adopted after independence in 1971. The blade is straight, double-edged steel with the BAF crest etched near the ricasso. The hilt is brass with a lion-head pommel, and the grip is bound in silver wire. The scabbard is black leather with brass fittings. The dress sword is worn by commissioned officers on ceremonial occasions including parades, formal dinners, and investitures. The design follows Commonwealth Air Force tradition while incorporating distinctly Bangladeshi national symbols.",,https://bafmuseum.com.bd
Bangladesh Biman Airlines DC-3 Dakota,Bangladesh Air Force Museum,Transport / Civil Aviation Heritage,Aluminium alloy,1940s–1970s,Dhaka,Outdoor Display,Wingspan: 28.96 m; Length: 19.66 m,Donated by Bangladesh Biman Airlines,"A Douglas DC-3 Dakota transport aircraft, donated by Bangladesh Biman Airlines and displayed at the museum as a representative of early civil and military aviation in the region. The DC-3 was used in both military and civilian capacities throughout South Asia from the 1940s. This aircraft in particular was used on early domestic routes by Biman Bangladesh Airlines after the airline's founding in 1972. The DC-3's robust construction, simple systems, and ability to operate from unpaved airstrips made it ideal for Bangladesh's early post-independence aviation infrastructure. The aircraft is displayed in Biman livery and represents the close relationship between military and civil aviation in Bangladesh's early years.",,https://bafmuseum.com.bd
Anti-Aircraft Gun — Bofors 40mm L/60,Bangladesh Air Force Museum,Anti-Aircraft Artillery,"Steel, alloy steel",WWII era — 1971 (used in Liberation War),Bangladesh (various positions),Outdoor Artillery Display,"Gun length: 2.99 m; Weight: 1,981 kg",Bangladesh Army / Air Force,"A Swedish-designed Bofors 40mm L/60 light anti-aircraft gun of the type used in the 1971 Liberation War. This rapid-firing automatic cannon was the most widely used light anti-aircraft weapon of the Second World War and remained in service with many nations for decades. During the Liberation War, Pakistani forces used Bofors guns to defend air bases and key installations against Indian Air Force and the nascent BAF attack aircraft. This museum example is displayed in firing position, showing the gunner's seat, sighting system, and ammunition feed. The gun represents the ground-based air defence dimension of the 1971 conflict.",,https://bafmuseum.com.bd
Communication Radio — AN/PRC-25 Field Radio,Bangladesh Air Force Museum,Communication Equipment,"Metal housing, electronic components",1960s–1970s (Liberation War era),Bangladesh (forward air control positions),Gallery 3 — Liberation War Gallery,Dimensions: 25 × 11 × 35 cm,Donated by veteran officer,"An American AN/PRC-25 VHF frequency-modulated infantry radio used by Forward Air Controllers (FACs) during the 1971 Liberation War. Forward air controllers were army officers posted with ground forces who directed air strikes by radio, providing targeting information to attacking aircraft. The PRC-25 operates on FM frequencies in the 30–75.95 MHz band and has a range of approximately 5–8 km. This example was used to coordinate Hawker Hunter close air support strikes during the liberation campaign. The radio is displayed with its original carrying harness, handset, and antenna, alongside a photograph of a FAC team at work.",,https://bafmuseum.com.bd
Scale Model Collection — BAF Aircraft Fleet (1971–2000),Bangladesh Air Force Museum,Scale Models / Diorama,"Resin, plastic, metal",1971–2000,Dhaka (model workshop),Gallery 2 — Aircraft Gallery,Various scales (1:48 and 1:72),BAF Model Workshop,"A cabinet display of precision scale models of every aircraft type that served in the Bangladesh Air Force from its founding in 1971 to the turn of the millennium. The collection includes: Hawker Hunter FGA.9, de Havilland Vampire, MiG-21 MF, Shenyang F-6, Cessna T-37, Aermacchi MB-339, Fouga Magister, Mil Mi-8, Bell 212, and An-24 transport. Each model is detailed to 1:48 or 1:72 scale and painted in the exact livery worn during BAF service, including the national roundel, serial numbers, and tactical markings. The accompanying labels give the service dates, primary roles, and key technical specifications of each aircraft.",,https://bafmuseum.com.bd
Antonov An-24 Transport Aircraft,Bangladesh Air Force Museum,Transport Aircraft,Aluminium alloy,1970s–1990s (BAF service),Dhaka,Outdoor Display,Wingspan: 29.20 m; Length: 23.53 m,Bangladesh Air Force,"The Antonov An-24 is a Soviet twin-turboprop short-haul transport and passenger aircraft used by the Bangladesh Air Force for VIP transport, logistics, and military airlift. Bangladesh acquired An-24s from the Soviet Union in the early years after independence. The aircraft can carry up to 50 passengers or equivalent cargo and operates from unpaved runways — a critical requirement for Bangladesh's limited airfield infrastructure in the 1970s. The An-24 served both military and quasi-civilian government transport roles. This museum example is one of the best-preserved Soviet-era transport aircraft in Bangladesh and represents the Soviet Union's significant contribution to BAF's early capability.",,https://bafmuseum.com.bd
Medals Display — Liberation War and Service Awards,Bangladesh Air Force Museum,Orders / Decorations / Medals,"Gold, silver, bronze; enamel; ribbon",1971–present,Dhaka,Gallery 1 — Founding of BAF,,Bangladesh Air Force,"A display case of medals awarded to Bangladesh Air Force officers and airmen, including: the Bir Uttom (second highest gallantry award) awarded to pilots who flew combat missions in 1971; the Bangladesh Muktijoddha Padak (Liberation War Medal); service medals for UN peacekeeping deployments in Cambodia, Somalia, and Sierra Leone; and long service awards. The medals are displayed on black velvet with printed labels identifying the recipient, date of award, and the action or service for which the decoration was given. This display humanises the institutional history of the BAF through the individual stories of its members' distinguished service.",,https://bafmuseum.com.bd
Parachute and Survival Equipment Display,Bangladesh Air Force Museum,Aviation Safety / Survival Equipment,"Nylon, silk, leather, metal hardware",1970s–1990s,Dhaka (BAF Store),Gallery 5 — Technology and Engineering,,Bangladesh Air Force,"A comprehensive display of parachute and aircrew survival equipment used by BAF pilots. The exhibit includes a back-type pilot parachute (the type used in non-ejection-seat aircraft), a seat-type parachute harness, and a personal survival pack containing: first-aid kit, waterproof matches, compass, signalling mirror, emergency rations, water purification tablets, and a survival knife. An instructional panel explains how to correctly don and operate a parachute and the correct emergency landing procedure. The equipment reflects the serious operational planning that underlies peacetime military aviation, preparing for the possibility of an aircraft emergency.",,https://bafmuseum.com.bd
BAF Museum Main Hall Diorama — Liberation War Air Operations,Bangladesh Air Force Museum,Diorama / Interpretive Display,"Painted fibreboard, resin aircraft models, lighting",1971 CE (Liberation War),Dhaka,Gallery 3 — Liberation War Gallery,Approximately 3 × 2 m,Bangladesh Air Force Museum curatorial team,"A large three-dimensional diorama depicting the air operations of the Bangladesh Air Force and the Indian Air Force during the December 1971 war. The diorama shows a map of Bangladesh with forward air bases, target locations, and attack routes rendered in three dimensions. Miniature aircraft on wire supports represent BAF and IAF sorties. Red stars on the map indicate Pakistani installations that were struck. An audio commentary (looped) narrates the sequence of air operations from the beginning of the Indian Air Force's air campaign on 3 December 1971 to the fall of Dhaka on 16 December. This is one of the most popular exhibits in the museum, particularly for school children.",,https://bafmuseum.com.bd
Crash Remains — Pakistani Aircraft (1971),Bangladesh Air Force Museum,War Relics / Wreckage,"Aluminium alloy, steel (battle-damaged)",December 1971,"Various locations, Bangladesh",Gallery 3 — Liberation War Gallery,Fragments and components,Recovered by Bangladesh Air Force and Army,"Wreckage fragments and recovered components from Pakistani Air Force aircraft shot down or destroyed during the 1971 Liberation War. The display includes: a section of wing skin with bullet holes, an instrument panel recovered from a crashed Sabre jet, and a partially intact engine cowling. Labels identify the aircraft type, the location where wreckage was found, and the engagement in which the aircraft was lost. These physical remains of destroyed enemy aircraft are among the most viscerally powerful exhibits in the museum, tangible evidence of the air battles that contributed to Bangladesh's liberation.",,https://bafmuseum.com.bd
Visitor's Book — 1977 to Present,Bangladesh Air Force Museum,Archival / Institutional Record,"Leather-bound volume, acid-free paper",1977–present (museum opening),"Bangladesh Air Force Museum, Dhaka",Museum Office / Display Case,,,"The official visitor's book of the Bangladesh Air Force Museum, maintained since the museum's opening in 1977. The book contains signatures, comments, and messages from notable visitors including Heads of State, foreign dignitaries, senior military officers, veterans of the 1971 Liberation War, and ordinary Bangladeshi citizens. Selected pages from the book are displayed in a glass case, including entries from early visitors in 1977, entries from Liberation War veterans, and comments from international guests. The visitor's book is a social history of the museum and of Bangladesh's engagement with its own military heritage.",,https://bafmuseum.com.bd
Nakshi Kantha — Embroidered Quilt,Children's Museum (Shishu Academy),Textile / Folk Art,"Cotton cloth, colored thread",Early 20th century (c. 1920s),Jamalpur District,Folk Art Gallery,150 × 120 cm,Donated by private collector,"A traditional nakshi kantha (embroidered quilt) made from layers of old sari cloth stitched together with colorful thread. The surface is covered with intricate patterns depicting rural life, birds, flowers, and geometric motifs. Nakshi kanthas are a quintessential Bengali folk art, traditionally made by women in rural homes. This example comes from Jamalpur district, a region renowned for the finest kantha work. The central panel shows a tree of life flanked by peacocks and surrounded by a border of lotus flowers.",,https://shishuacademy.gov.bd
Traditional Wooden Puppet (Putool),Children's Museum (Shishu Academy),Performing Arts / Toy,"Wood, cotton cloth, paint",Mid 20th century,Sylhet,Children's Heritage Gallery,Height ~45 cm,Donated by folk artisan family,"A hand-carved wooden puppet (putool) used in traditional Bengali puppet theatre (putool nach). The figure represents a village maiden in a red sari with painted features and articulated limbs controlled by strings. Puppet theatre has been a beloved form of entertainment and moral storytelling for children in Bangladesh for centuries, conveying folk tales and epics like the Ramayana. This puppet originates from Sylhet, where a distinct style of puppetry flourished.",https://shishuacademy.gov.bd/gallery/puppet1.jpg,https://shishuacademy.gov.bd
Clay Doll of Rajshahi (Mati Putul),Children's Museum (Shishu Academy),Toy / Folk Craft,"Fired clay, natural pigments",c. 1950s–1960s,Rajshahi,Folk Art Gallery,Height ~20 cm,Donated by folk crafts council,"A painted clay doll (mati putul) from Rajshahi, depicting a woman carrying a water pot on her head. Made from fine alluvial clay, fired in a traditional kiln, and painted with natural mineral pigments in red, white, and black. Clay dolls have been made in Bangladesh for thousands of years and remain a vital folk industry. The Rajshahi style is distinguished by its elongated proportions and geometric facial features. Such dolls were traditionally sold at rural fairs and used both as toys and as household decorations.",,https://shishuacademy.gov.bd
Hand-painted Rickshaw Panel,Children's Museum (Shishu Academy),Decorative Art / Urban Folk Art,"Metal sheet, enamel paint",1980s CE,Dhaka,Urban Heritage Gallery,60 × 40 cm,Donated by Dhaka City Corporation,"A hand-painted decorative panel from the back of a Dhaka rickshaw, depicting a Bengali landscape scene: a river with boats, coconut palms, and a village at sunset. Rickshaw art is a uniquely Bangladeshi form of urban folk painting, developed in Dhaka from the 1940s onward. Each panel is individually painted by specialized artists using bright enamel paints on sheet metal. These vivid images — combining nature scenes, film stars, tigers, and national symbols — have become a defining visual identity of Bangladesh's capital.",https://shishuacademy.gov.bd/gallery/rickshaw1.jpg,https://shishuacademy.gov.bd
Manuscript of Bengali Nursery Rhymes (Chhara Sangkalan),Children's Museum (Shishu Academy),Manuscript / Literary Artifact,"Paper, ink",c. 1940s,Dhaka,Literary Heritage Section,A4 bound volume,Donated by Language Movement Archives,"A handwritten compilation of traditional Bengali nursery rhymes and children's songs (chhara), collected and transcribed in the 1940s. The manuscript includes over 50 traditional rhymes including verses about seasons, animals, rivers, and village life. Many of these rhymes are attributed to anonymous rural poets and have been passed down orally for generations. The collection was assembled by a Dhaka schoolteacher as part of an effort to preserve children's oral literature during the tumultuous years of the Partition. It represents an irreplaceable document of Bengal's intangible cultural heritage.",,https://shishuacademy.gov.bd
Bronze Bell from Historic Madrasa,Children's Museum (Shishu Academy),Instrument / Educational Artifact,Bronze,18th century CE,Sonargaon,Educational Heritage Gallery,"Diameter 28 cm, Height 22 cm",Acquired from Sonargaon Museum transfer,"A bronze bell used in one of the historic madrasas of Sonargaon, the ancient medieval capital of Bengal. The bell was rung to mark the times of prayer, lessons, and meals. It bears a simple engraved inscription in Arabic giving the name of the institution. Educational bells are rare survivors from pre-modern Bengal's institutional life. Sonargaon was the seat of learning and governance in medieval Bengal, and this bell is a tangible remnant of its scholarly institutions.",,https://shishuacademy.gov.bd
Alphabet Chart in Bengali Script (Bornomala),Children's Museum (Shishu Academy),Educational Material / Print,Lithograph on paper,c. 1920s,Kolkata / Dhaka,Educational Heritage Gallery,45 × 60 cm,Donated by Bangla Academy,"A printed Bengali alphabet chart (bornomala) produced for primary school classrooms in the early 20th century. The chart displays the full set of Bengali vowels (swar) and consonants (byanjan) with accompanying illustrations for each letter — a fish for 'mach', a bird for 'pakhi', a hand for 'hath'. The illustrations are drawn in a charming folk-art style and printed by lithography. Such charts were the first introduction to literacy for generations of Bengali children and represent the early development of educational print culture in Bengal.",https://shishuacademy.gov.bd/gallery/alphabet1.jpg,https://shishuacademy.gov.bd
Traditional Patachitra (Scroll Painting),Children's Museum (Shishu Academy),Painting / Folk Art,Natural pigments on handmade paper,c. 1960s,Narsingdi,Folk Art Gallery,200 × 35 cm (scroll),Donated by Patua artist family,"A patachitra (narrative scroll painting) from Narsingdi, depicting the story of the demon king Ravana and Lord Rama in a sequence of illustrated panels. Made by a patua (scroll painter) using natural pigments derived from plants and minerals on handmade paper. The patua traditionally traveled from village to village unrolling the scroll while singing the story depicted. Patachitra is one of Bangladesh's oldest living art traditions, combining visual art with oral performance. The colors are vivid — red, yellow, green, and black — and the style is highly stylized with flat perspective.",,https://shishuacademy.gov.bd
Children's Game Set — Ludo and Shataranj (Chess),Children's Museum (Shishu Academy),Game / Toy,"Wood, lacquer paint",c. 1950s,Dhaka,Children's Heritage Gallery,,Donated by private collector,"A set of traditional indoor games including a hand-painted ludo board and a carved wooden chess (shataranj) set. The ludo board is decorated with folk motifs in bright colors; the chess pieces are carved in the traditional South Asian style with elephant, horse, and foot-soldier pieces. These games represent the intellectual and recreational culture of Bengali children across social classes. Chess (shataranj) came to Bengal through the Mughal period and became deeply embedded in urban household culture, while ludo developed from ancient Indian games of chance.",,https://shishuacademy.gov.bd
Eid Card Collection (Historical),Children's Museum (Shishu Academy),Paper Ephemera / Cultural Artifact,"Printed paper, hand-painted card",1960s–1970s CE,Dhaka,Cultural Heritage Section,Various sizes,Donated by Shishu Academy archives,"A framed collection of twelve historical Eid greeting cards from the 1960s and 1970s, representing the evolution of festive card design in Bangladesh. The cards combine Islamic calligraphy with Bengali folk motifs — flowers, birds, and rural scenes. Several are hand-painted by commercial artists; others are lithographs. The exchange of Eid cards became a beloved cultural practice in Bengali Muslim homes after the 1950s, blending religious celebration with artistic expression. The collection documents a vanishing tradition as digital communication has replaced paper cards.",,https://shishuacademy.gov.bd
Model of a Traditional Bengali Village (Diorama),Children's Museum (Shishu Academy),Diorama / Educational Model,"Clay, bamboo, wood, painted paper",1975 CE,Dhaka,Natural History and Culture Section,100 × 80 × 40 cm,Constructed by Shishu Academy staff,"A detailed scale model depicting a traditional Bengali village (gram): bamboo-walled thatched houses, a pond with lotus flowers, rice fields, a banyan tree, a mosque, a school, and miniature figures of villagers going about their daily activities. Made by Shishu Academy craftspeople using clay, bamboo, and painted paper. The model was created as an educational tool to help urban children understand rural life. It captures the ecological and social structure of a typical village in the Bengal delta — the homestead (bari), the courtyard (uthan), the vegetable garden (bagicha), and the community well.",https://shishuacademy.gov.bd/gallery/village1.jpg,https://shishuacademy.gov.bd
First Edition of Abol Tabol by Sukumar Ray,Children's Museum (Shishu Academy),Book / Literary Artifact,"Printed paper, cloth binding",1923 CE (first edition),Kolkata,Literary Heritage Section,25 × 18 cm,Acquired from private collection,"A rare first edition copy of Abol Tabol (Nonsense Rhymes) by Sukumar Ray (1887–1923), the most celebrated work of Bengali children's literature. Published in 1923, the year of Ray's death, Abol Tabol is a collection of absurdist poems illustrated by the author himself, combining wordplay, surreal imagery, and sharp social satire. The book created an entirely new genre of children's literature in Bengali and remains the most read and memorized collection of verse by Bengali children worldwide. This copy is in remarkably good condition, with the original cloth binding and all illustrations intact.",,https://shishuacademy.gov.bd
Terracotta Horse from Bisnupur Tradition,Children's Museum (Shishu Academy),Toy / Folk Craft,"Fired terracotta, natural pigments",c. 1940s–1950s,Rajshahi / Chapai Nawabganj,Folk Art Gallery,"Height 18 cm, Length 22 cm",Donated by folk arts board,"A hand-modeled terracotta horse with rider, made in the tradition of the Bisnupur ceramic toys of Bengal. The horse is painted in red and white with geometric decorations. Such terracotta horses were offered at village shrines and sold at rural fairs as toys and votive objects. They are among the most ancient forms of Bengali folk art, with parallels stretching back to the Harappan civilization. The modeling is bold and simplified, capturing the essence of movement in a few expressive forms. The rider carries a sword and wears a peaked hat, possibly representing a folk hero.",,https://shishuacademy.gov.bd
Bamboo Flute (Bashi) Collection,Children's Museum (Shishu Academy),Musical Instrument / Folk Craft,Bamboo,Various (20th century),Sylhet / Chittagong Hill Tracts,Music and Performance Gallery,Lengths 20–60 cm,Donated by musicians and folk artists,"A display of ten traditional bamboo flutes (bashi) of varying sizes, from different regions of Bangladesh. The bashi is the most iconic instrument of Bengali folk music, associated with the legendary flute-player Lord Krishna and with the baul (wandering mystic) musical tradition. Each flute is hand-crafted from a single bamboo internode, with finger holes bored by a heated iron rod. The examples here come from Sylhet and the Chittagong Hill Tracts, where distinct local playing styles have developed. Several are decorated with carved geometric patterns or wrapped with colored thread.",https://shishuacademy.gov.bd/gallery/bashi1.jpg,https://shishuacademy.gov.bd
Photograph Archive — Children's Language Movement 1952,Children's Museum (Shishu Academy),Photograph / Historical Document,Black and white photographic prints,1952 CE,Dhaka,Liberation and Language Heritage Section,Various sizes,Donated by Press Institute of Bangladesh,"A collection of twelve black and white photographic prints documenting the participation of school children in the Bengali Language Movement protests of February 1952. The photographs show young students marching in Dhaka, gathering near Dhaka Medical College, and participating in memorial ceremonies. Children were among the most active participants in the Language Movement, and their courage contributed to making Bengali an official language of Pakistan in 1956. These photographs are among the most important documentary records of children's role in Bangladesh's political history.",,https://shishuacademy.gov.bd
Illustrated Story Book — Thakurmar Jhuli (Grandmother's Bag of Tales),Children's Museum (Shishu Academy),Book / Literary Artifact,"Printed paper, illustrated",1907 CE (first edition facsimile),Kolkata,Literary Heritage Section,,Donated by literary archives,"A facsimile reproduction of the first edition of Thakurmar Jhuli (1907) by Dakshinaranjan Mitra Majumder — the most important collection of Bengali fairy tales and folk stories. The book contains stories of princes and princesses, demons (rakshas), magical birds, and enchanted forests drawn from the oral storytelling tradition of rural Bengal. The original illustrations in this edition are woodcuts in the folk style. Thakurmar Jhuli has been the primary source of magical folk narratives for Bengali children for over a century and was later made into an iconic animated film.",,https://shishuacademy.gov.bd
Hand-woven Muslin Sample (Dhakai Muslin),Children's Museum (Shishu Academy),Textile / Heritage Craft,Handwoven cotton (Phuti karpas variety),c. 1950s (last surviving generation),Dhaka (Demra/Rupganj),Heritage Craft Gallery,30 × 30 cm sample framed,"Donated by master weaver family, Rupganj","A framed sample of authentic Dhakai muslin — the legendary woven cotton so fine it was called 'woven air' (bafta hawa) by Mughal emperors and 'running water' (rogan pani) by European traders. This sample, woven in the 1950s by one of the last master weavers of the tradition, demonstrates the extraordinary fineness: a full sari of this fabric, 6 meters long, could be folded into a matchbox. The muslin is woven from the thread of Phuti karpas cotton grown only in a narrow strip of land along the Meghna river. The tradition was nearly destroyed by colonial policies and the advent of machine textiles.",https://shishuacademy.gov.bd/gallery/muslin1.jpg,https://shishuacademy.gov.bd
Baul Singer's Ektara and Dotara,Children's Museum (Shishu Academy),Musical Instrument / Religious Folk Art,"Gourd, bamboo, metal string, animal skin",c. 1960s,Kushtia / Meherpur,Music and Performance Gallery,,"Donated by Lalon Academy, Kushtia","An ektara (one-string drone lute) and a dotara (two-string melody lute) belonging to a baul singer from the Kushtia region — the heartland of the baul tradition associated with the mystic poet Lalon Shah (1774–1890). The ektara consists of a dried gourd resonator with a bamboo neck and a single metal string, played by squeezing the bamboo to change pitch. The dotara is a more complex plucked lute with two wire strings and a wooden body. These instruments are inseparable from baul philosophy, which sees music as the path to the divine. The baul tradition of Bangladesh and West Bengal was inscribed on UNESCO's Intangible Cultural Heritage list in 2008.",,https://shishuacademy.gov.bd
Children's Drawing — Liberation War Series (1971),Children's Museum (Shishu Academy),Drawing / Historical Document,Crayon and pencil on paper,1972 CE,Dhaka,Liberation and Language Heritage Section,"A4 paper, various",Donated by children's war memorial project,"A collection of fifteen drawings made by Dhaka schoolchildren in 1972, one year after independence, depicting their memories and imaginings of the 1971 Liberation War. The drawings show Pakistani soldiers, freedom fighters (muktijoddha), burning villages, the national flag, and portraits of Bangabandhu Sheikh Mujibur Rahman. Made with crayons and pencils, the works are raw and deeply moving documents of how children processed the trauma and triumph of the war. They were collected as part of an early Shishu Academy project to document children's responses to independence.",https://shishuacademy.gov.bd/gallery/drawing1971.jpg,https://shishuacademy.gov.bd
Brass Hookah (Huqqa) with Children's Motifs,Children's Museum (Shishu Academy),Decorative Art / Domestic Object,"Brass, glass",Late 19th century,Dhaka,Heritage Craft Gallery,Height ~60 cm,Donated by old Dhaka family,"A tall brass hookah (huqqa) decorated with engraved scenes of children at play — flying kites, spinning tops, swimming in ponds, and catching fish. While hookahs were adult objects, this example is unusual in that its decorative program is entirely devoted to childhood scenes. The engraving is of the highest quality, with each scene framed in floral cartouches in the Mughal decorative tradition. The glass water vessel at the base is original, preserved intact. This object illustrates how childhood was conceptualized and depicted in late 19th-century Bengali decorative arts.",,https://shishuacademy.gov.bd
Model Boat — Traditional Fishing Vessel (Dingi),Children's Museum (Shishu Academy),Ethnographic Model / Maritime Heritage,"Wood, bamboo, cotton sail",c. 1960s,Barisal / Noakhali,Natural History and Culture Section,Length 60 cm,Donated by Barisal district administration,"A detailed scale model of a traditional dingi fishing boat used in the rivers and coastal waters of southern Bangladesh. The model shows the flat-bottomed hull, the small covered cabin, the single mast with a cotton sail, and fishing nets coiled at the stern. River boats (nauka) are central to the culture and economy of Bangladesh, where thousands of rivers create the arterial system of a nation. The model was made by a master boatbuilder from Barisal and represents the craft knowledge of boat-building communities that has sustained life on the Bengal delta for millennia.",,https://shishuacademy.gov.bd
Hand-embroidered Schoolbag (Pothi Bag),Children's Museum (Shishu Academy),Textile / Folk Craft,"Jute cloth, cotton thread embroidery",c. 1940s,Comilla,Folk Art Gallery,30 × 25 cm,Donated by Comilla Cooperative archives,"A hand-embroidered jute schoolbag (pothi bag) made by a rural woman for her child to carry books to school. The bag is embroidered with a scene of a schoolhouse, trees, children playing, and the Bengali letters 'ba' for 'boi' (book). Made from locally grown jute cloth with cotton thread embroidery in red and green. Such bags were a labor of love, each one unique, representing the aspirations of rural families for their children's education. Jute — Bangladesh's golden fiber — forms the material base of this humble but touching artifact.",https://shishuacademy.gov.bd/gallery/schoolbag1.jpg,https://shishuacademy.gov.bd
Poster — International Children's Day (1974),Children's Museum (Shishu Academy),Poster / Graphic Art,Lithograph on paper,1974 CE,Dhaka,Cultural Heritage Section,50 × 35 cm,Shishu Academy archive,"A original offset lithograph poster produced by Children's Museum (Shishu Academy) for International Children's Day 1974 — the second year of Bangladesh's independent existence as a nation. The poster shows a group of children of different backgrounds playing together under a rainbow, with the Bengali text 'Amader shishu, amader asha' (Our children, our hope). Designed by a prominent Dhaka graphic artist, the poster represents the early nation's aspirations for children as the foundation of the new Bangladesh. It is among the earliest graphic design artifacts in the Shishu Academy's collection.",,https://shishuacademy.gov.bd
Traditional Kite Collection (Ghuri),Children's Museum (Shishu Academy),Toy / Folk Craft,"Bamboo, tissue paper, cotton string",Various (20th century),Dhaka / Comilla,Children's Heritage Gallery,Various sizes,Donated by kite-flying enthusiasts,"A collection of twelve traditional Bengali kites (ghuri) in various shapes and sizes — diamond kites, bird-shaped kites, and the large 'pataug' display kite. Made from split bamboo frames covered with colored tissue paper, decorated with cut-paper patterns. Kite-flying (ghuri ura) is one of the most beloved seasonal pastimes in Bangladesh, particularly during the winter months and at the Sakrain festival in Old Dhaka. The competitive sport of kite-fighting (ghuri kata) — cutting opponents' strings with glass-coated 'manja' thread — has been a defining feature of Dhaka's cultural life for centuries.",https://shishuacademy.gov.bd/gallery/kite1.jpg,https://shishuacademy.gov.bd
Certificate of the First National Children's Literature Award (1976),Children's Museum (Shishu Academy),Document / Award,"Calligraphy on parchment, gold seal",1976 CE,Dhaka,Literary Heritage Section,A3 size framed,Shishu Academy institutional archive,"The original certificate awarded at the first Children's Museum (Shishu Academy) National Children's Literature Award ceremony in 1976, presented to a pioneering author of Bengali children's fiction. The certificate is hand-calligraphed in Bengali on cream parchment with gold borders and bears the official seal of Children's Museum (Shishu Academy) and the signature of the cultural minister. The establishment of a national children's literature prize in 1976 — just five years after independence — reflected the new nation's commitment to building a distinct cultural identity for its youngest citizens. The award continues to be presented annually.",,https://shishuacademy.gov.bd
Dingi Boat,Bangabandhu Boat Museum,Traditional Watercraft / Boat Model or Specimen,,,Collected from riverine communities of Bangladesh,Main Gallery – Boat Collection Hall,,,"The Dingi is one of the most common and traditional small boats of Bangladesh, used widely across rivers and canals for everyday transport, fishing, and household use. A small, narrow, flat-bottomed rowboat typically made of wood, it is found throughout riverine Bangladesh. Explicitly named in the CholoZai source listing the museum's collection.",,https://en.wikipedia.org/wiki/Bangabandhu_Boat_Museum
Ekmalai Boat,Bangabandhu Boat Museum,Traditional Watercraft / Boat Model or Specimen,,,Collected from riverine communities,Main Gallery – Boat Collection Hall,,,The Ekmalai is a traditional Bangladeshi boat type preserved and displayed in the museum. Listed among the boat types in the museum's collection in the CholoZai source. Specific details about its use and origin region are not stated in the available sources.,,https://vromonguide.com/place/bangabandhu-boat-museum-barguna 
Pansi Boat,Bangabandhu Boat Museum,Traditional Watercraft / Boat Model or Specimen,,,Collected from riverine communities,Main Gallery – Boat Collection Hall,,,"The Pansi is a traditional Bangladeshi sailing and rowing boat with a distinctive long, narrow hull. It is historically used for transport of goods and passengers along rivers in southern Bangladesh, including the Barisal and coastal regions. Listed among the boat types in the museum's collection.",,https://dailycountrytodaybd.com/bn/story/it-was-a-symbol-of-tradition-:-south-asia%27s-first-boat-museum-demolished-by-bnp-activists-in-barguna 
Gayna Boat,Bangabandhu Boat Museum,Traditional Watercraft / Boat Model or Specimen,,,Collected from riverine communities,Main Gallery – Boat Collection Hall,,,"The Gayna (also Gaina) is a traditional decorated Bangladeshi boat, often associated with ceremonial or festive use. Listed among the named boat types in the museum's collection in the CholoZai source. Specific regional details not stated in available sources.",,
Keraya Boat,Bangabandhu Boat Museum,Traditional Watercraft / Boat Model or Specimen,,,Collected from riverine communities,Main Gallery – Boat Collection Hall,,,The Keraya is a traditional Bangladeshi boat type included in the museum's collection. Listed by name in the CholoZai source among the variety of boats displayed. No further details are available in the cited sources.,,
Kosha Boat,Bangabandhu Boat Museum,Traditional Watercraft / Boat Model or Specimen,,,Collected from riverine communities,Main Gallery – Boat Collection Hall,,,"The Kosha is a traditional narrow, wooden fishing and transport boat used in Bangladesh's riverine waterways. Listed among the named boat types in the museum's collection. Also known as a dugout-style craft in some regions.",,
Konda Boat,Bangabandhu Boat Museum,Traditional Watercraft / Boat Model or Specimen,,,Collected from riverine communities,Main Gallery – Boat Collection Hall,,,The Konda is a traditional Bangladeshi boat type included in the museum's collection. Listed by name in the CholoZai source. No further details available in the cited sources.,,
Ghasi Boat,Bangabandhu Boat Museum,Traditional Watercraft / Boat Model or Specimen,,,Collected from riverine communities,Main Gallery – Boat Collection Hall,,,The Ghasi is a traditional Bangladeshi boat type preserved and displayed in the museum. Listed among the named boat types in the CholoZai source. Specific regional or use details are not stated in the available sources.,,
Sampan Boat,Bangabandhu Boat Museum,Traditional Watercraft / Boat Model or Specimen,,,Collected from coastal and riverine communities,Main Gallery – Boat Collection Hall,,,"The Sampan is a flat-bottomed wooden boat widely used along the rivers and coastal areas of Bangladesh and Southeast Asia. It is used for fishing, transport, and daily life along waterways. Listed in the museum's collection by name in the CholoZai source (listed twice in the original source text, suggesting possibly multiple variants or regional types of Sampan were displayed).",,
Lambapadi Boat,Bangabandhu Boat Museum,Traditional Watercraft / Boat Model or Specimen,,,Collected from riverine communities,Main Gallery – Boat Collection Hall,,,"The Lambapadi is a traditional Bangladeshi boat type included in the museum's collection. Listed by name in the CholoZai source. 'Lamba' in Bengali means long, suggesting a long-hulled vessel design. No further details are available in the cited sources.",,
Kathami / Export Boat,Bangabandhu Boat Museum,Traditional Watercraft / Boat Model or Specimen,,,Collected from riverine communities,Main Gallery – Boat Collection Hall,,,"The Kathami, also called 'Export' boat, is a traditional Bangladeshi boat type included in the museum's collection. The CholoZai source lists it as 'Kathami or Export', indicating these are local names for the same vessel type. No further details are stated in the available sources.",,
Bachari Boat,Bangabandhu Boat Museum,Traditional Watercraft / Boat Model or Specimen,,,Collected and documented,Main Gallery – Boat Collection Hall,,,"The Bachari is a traditional Bangladeshi boat type preserved and displayed in the museum. Listed among the named boat types in the CholoZai source. TripMonarch also mentions the goal of preserving 'extinct Bahari shaped boats', suggesting Bachari/Bahari may be among the extinct types documented in the museum.",,
Patam Boat,Bangabandhu Boat Museum,Traditional Watercraft / Boat Model or Specimen,,,Collected from riverine communities,Main Gallery – Boat Collection Hall,,,The Patam is a traditional Bangladeshi boat type included in the museum's collection. Listed by name in the CholoZai source. No further details on its region of use or status are stated in the available sources.,,
Baich Boat (Racing Boat),Bangabandhu Boat Museum,Traditional Watercraft / Racing Boat,,,Collected from cultural/sporting traditions,Main Gallery – Boat Collection Hall,,,"The Baich boat is the traditional Bangladeshi racing boat, used in the famous Naukabai (boat race) festivals, which are an integral part of Bengali culture and heritage. Boat races (Naukabai) have historically been associated with Bangabandhu Sheikh Mujibur Rahman and Bengali cultural identity, making this a symbolically significant exhibit. Listed among the named boat types in the CholoZai source.",,
Bangabandhu and Liberation War Corner,Bangabandhu Boat Museum,Thematic Exhibition Section / Documentary Display,,2020-2025,Established 31 December 2020 within the museum complex,Museum Interior – Dedicated Corner / Section,,,"A dedicated section within the museum documenting the connection between Bangabandhu Sheikh Mujibur Rahman, the Bangladesh Liberation War, and the cultural/historical significance of boats to Bangladesh. The museum was named in honor of Mujib Year (birth centenary of Bangabandhu). Explicitly mentioned in Wikipedia as a facility inside the museum complex.",,
Boat Research Center,Bangabandhu Boat Museum,Research / Documentation Facility,,2020-2025,Established 31 December 2020 within the museum complex,Museum Interior – Research Wing,,,"A research center within the museum complex dedicated to the study and documentation of traditional Bangladeshi boats. The museum aimed to preserve portraits, information, and specimens of boats from different regions of Bangladesh. Explicitly mentioned in Wikipedia as a facility of the museum.",,
Modern Library,Bangabandhu Boat Museum,Library / Documentation Facility,,2020-2025,Established 31 December 2020 within the museum complex,Museum Interior – Library Wing,,,"A modern library within the museum complex, aimed at housing books, research materials, and documentation related to Bangladesh's boat heritage and riverine history. Explicitly mentioned in Wikipedia as a facility of the museum.",,
Children's Recreation Center,Bangabandhu Boat Museum,Recreational / Educational Facility,,2020-2025,Established 31 December 2020 within the museum complex,Museum Interior – Children's Section,,,"A children's recreation and entertainment center within the museum complex, aimed at making the museum accessible and engaging for younger visitors. Explicitly mentioned in Wikipedia as a facility of the museum.",,
Food Court,Bangabandhu Boat Museum,Visitor Facility,,2020-2025,Established 31 December 2020 within the museum complex,Museum Interior – Food Court Area,,,"A food court facility within the museum complex, designed to make the museum a self-contained visitor destination. Explicitly mentioned in Wikipedia as a facility of the museum.",,
Tārā,Mainamati Museum,Bronze Sculpture,Bronze,c. 8th–10th century CE,"Mainamati, Comilla",Main Gallery,,Excavation (Mainamati Sites),"A bronze image of the goddess Tārā, one of the most revered female Bodhisattvas in Vajrayana Buddhism. Tārā is the compassionate saviour deity and her form is found in multiple variants at Mainamati. This piece is part of the rich bronze collection of the museum.",https://drive.google.com/file/d/1FqjzTnet4r7RW9KRI1ccwfqQUF3r8RdB/view?usp=drive_link,https://mainamati.archaeology.gov.bd/pages/photo-galleries/%E0%A6%A4%E0%A6%BE%E0%A6%B0%E0%A6%BE-69da225e8e1b33330b309dfd
Avalokiteśvara,Mainamati Museum,Bronze Sculpture,Bronze,c. 7th–10th century CE,"Mainamati, Comilla",Main Gallery,,Excavation (Mainamati Sites),"A bronze image of Avalokiteśvara (Lokeśvara), the Bodhisattva of infinite compassion — one of the most frequently depicted deities in the Mainamati bronze corpus. A colossal example was found at Ānanda Vihāra, and a large bronze head near Kutila Mura.",https://drive.google.com/file/d/1CVbSOh04jcZqKAdeSWUFbQ8oI8kg7FCx/view?usp=drive_link,https://mainamati.archaeology.gov.bd/pages/photo-galleries/%E0%A6%85%E0%A6%AC%E0%A6%B2%E0%A7%8B%E0%A6%95%E0%A6%BF%E0%A6%A4%E0%A7%87%E0%A6%B6%E0%A7%8D%E0%A6%AC%E0%A6%B0-%E0%A6%AE%E0%A7%9F%E0%A6%A8%E0%A6%BE%E0%A6%AE%E0%A6%A4%E0%A6%BF-%E0%A6%9C%E0%A6%BE%E0%A6%A6%E0%A7%81%E0%A6%98%E0%A6%B0-15a6bf-6922dbf281fc96cef9ebbff1 
Manasā,Mainamati Museum,Stone Sculpture,Black Basalt,c. 9th–11th century CE,"Mainamati, Comilla",Main Gallery,,Excavation (Mainamati Sites),"Manasā, the Bengali folk goddess of serpents, depicted surrounded by cobras. She is one of the most distinctive deities found in the Mainamati region, reflecting the syncretic blend of Buddhist and Hindu folk worship characteristic of early medieval southeast Bengal.",https://drive.google.com/file/d/1AK4xulVvYc9uye8ofrjYrr2oRDS4UOwa/view?usp=drive_link,https://mainamati.archaeology.gov.bd/pages/photo-galleries/%E0%A6%AE%E0%A6%A8%E0%A6%B8%E0%A6%BE-%E0%A6%AE%E0%A7%9F%E0%A6%A8%E0%A6%BE%E0%A6%AE%E0%A6%A4%E0%A6%BF-%E0%A6%9C%E0%A6%BE%E0%A6%A6%E0%A7%81%E0%A6%98%E0%A6%B0-5d1a23-6922d8e081fc96cef9eaf858
Naṭarāja (Dancing Śiva),Mainamati Museum,Stone Sculpture,Black Basalt,c. 10th–12th century CE,"Mainamati, Comilla",Main Gallery,,Excavation (Mainamati Sites),"Naṭarāja — Śiva as the Lord of Dance — depicted in his cosmic Āṇanda Tāṇḍava dance posture. This multi-armed form of Śiva symbolises the eternal cycles of creation, preservation and destruction. Found at Mainamati-Lalmai ridge, it reflects Brahmanical influence alongside Buddhist art.",https://drive.google.com/file/d/1LJ6LqHD46q4USIGuNg6onC7O6lYPjzFx/view?usp=drive_link,https://mainamati.archaeology.gov.bd/pages/photo-galleries/%E0%A6%A8%E0%A6%9F%E0%A6%B0%E0%A6%BE%E0%A6%9C-%E0%A6%AE%E0%A7%9F%E0%A6%A8%E0%A6%BE%E0%A6%AE%E0%A6%A4%E0%A6%BF-%E0%A6%9C%E0%A6%BE%E0%A6%A6%E0%A7%81%E0%A6%98%E0%A6%B0-ea5d66-6922db9d81fc96cef9ebae53
Umā-Maheśvara,Mainamati Museum,Stone Sculpture,Black Basalt,c. 10th–12th century CE,"Mainamati, Comilla",Main Gallery,,Excavation (Mainamati Sites),Umā-Maheśvara — Śiva and his consort Pārvatī (Umā) depicted together seated on Mount Kailāsa in a scene of divine domestic bliss. Reflects the Brahmanical patronage coexisting with Buddhism at Mainamati.,https://drive.google.com/file/d/1N-RF-zd_I6mcyff8ILPVd-6c-ZKSE1Uv/view?usp=drive_link,https://mainamati.archaeology.gov.bd/pages/photo-galleries/%E0%A6%89%E0%A6%AE%E0%A6%BE-%E0%A6%AE%E0%A6%B9%E0%A7%87%E0%A6%B6%E0%A7%8D%E0%A6%AC%E0%A6%B0-%E0%A6%AE%E0%A7%9F%E0%A6%A8%E0%A6%BE%E0%A6%AE%E0%A6%A4%E0%A6%BF-%E0%A6%9C%E0%A6%BE%E0%A6%A6%E0%A7%81%E0%A6%98%E0%A6%B0-fa76dd-6922dce781fc96cef9ebefb2 
Pārvatī (Standing),Mainamati Museum,Stone Sculpture,Black Basalt,c. 9th–11th century CE,"Mainamati, Comilla",Main Gallery,,Excavation (Mainamati Sites),"A standing image of Pārvatī, the Hindu goddess and consort of Śiva, depicted in elegant tribhaṅga posture with her characteristic attributes. Reflects the Hindu sculptural tradition that flourished alongside Buddhism in the Mainamati region.",https://drive.google.com/file/d/1wEwyF7x5ec_eX9-1KbUELQ5kgB5b9c7u/view?usp=sharing,https://mainamati.archaeology.gov.bd/pages/photo-galleries/%E0%A6%AA%E0%A6%BE%E0%A6%B0%E0%A7%8D%E0%A6%AC%E0%A6%A4%E0%A7%80-69da1dc7fe563065d4e978f3
Vajrasattva (Colossal Bronze),Mainamati Museum,Bronze Sculpture,Bronze,c. 9th–early 10th century CE,"Bhoja Vihāra, Mainamati, Comilla",Main Gallery,1.10 m high (seated),Excavation — Bhoja Vihāra (Candra Dynasty),The magnificent colossal bronze Vajrasattva — 1.10 m high in seated position — considered one of the finest examples of bronze casting from the Indian subcontinent. Vajrasattva represents all five Tathāgatas simultaneously. Found at Bhoja Vihāra; the donor was clearly a very wealthy merchant or royal dignitary of the Candra dynasty.,https://drive.google.com/file/d/1Gh49KIjhB2w2p6tirpXEpL4iMObYwRNu/view?usp=sharing,https://mainamati.archaeology.gov.bd/pages/photo-galleries/%E0%A6%AC%E0%A6%9C%E0%A7%8D%E0%A6%B0%E0%A6%B8%E0%A6%A4%E0%A7%8D%E0%A6%A4%E0%A7%8D%E0%A6%AC-%E0%A6%AE%E0%A7%9F%E0%A6%A8%E0%A6%BE%E0%A6%AE%E0%A6%A4%E0%A6%BF-%E0%A6%9C%E0%A6%BE%E0%A6%A6%E0%A7%81%E0%A6%98%E0%A6%B0-7e1486-6922daf881fc96cef9eb834a
Cāmuṇḍā,Mainamati Museum,Stone Sculpture,Black Basalt,c. 9th–11th century CE,"Mainamati, Comilla",Main Gallery,,Excavation (Mainamati Sites),"Cāmuṇḍā, the fierce goddess and one of the Saptamātrkā (seven mother goddesses), depicted in her terrifying emaciated form dancing on a corpse. Her presence at Mainamati reflects the Tantric traditions of early medieval southeast Bengal.",https://drive.google.com/file/d/1qgJgmZmUc0eMkgriTcRuoefg-ybu5k1l/view?usp=sharing,https://mainamati.archaeology.gov.bd/pages/photo-galleries/%E0%A6%9A%E0%A6%BE%E0%A6%AE%E0%A7%81%E0%A6%A3%E0%A7%8D%E0%A6%A1%E0%A6%BE-%E0%A6%AE%E0%A7%9F%E0%A6%A8%E0%A6%BE%E0%A6%AE%E0%A6%A4%E0%A6%BF-%E0%A6%9C%E0%A6%BE%E0%A6%A6%E0%A7%81%E0%A6%98%E0%A6%B0-21a8f9-6922db7781fc96cef9eba724
Navagraha (Nine Planets Panel),Mainamati Museum,Stone Sculpture,Black Basalt,c. 10th–12th century CE,"Mainamati, Comilla",Main Gallery,,Excavation (Mainamati Sites),"A Navagraha panel depicting the nine planetary deities: Sūrya, Candra, Maṅgala, Budha, Bṛhaspati, Śukra, Śani, Rāhu and Ketu. Such panels were placed above temple doorways as protective devices in the Hindu/Brahmanical tradition of medieval Bengal.",https://drive.google.com/file/d/1AKspPf9_hblStz7cfNx1ubB6JtRR3J8S/view?usp=sharing,https://mainamati.archaeology.gov.bd/pages/photo-galleries/%E0%A6%A8%E0%A6%AC%E0%A6%97%E0%A7%8D%E0%A6%B0%E0%A6%B9-%E0%A6%AE%E0%A7%9F%E0%A6%A8%E0%A6%BE%E0%A6%AE%E0%A6%A4%E0%A6%BF-%E0%A6%9C%E0%A6%BE%E0%A6%A6%E0%A7%81%E0%A6%98%E0%A6%B0-f9a828-6922dbad81fc96cef9ebb2bd
Weighing Scales & Weights (Balance & Measures),Mainamati Museum,Archaeological Instrument,Bronze / Metal,c. 8th–12th century CE,"Salban Vihāra, Mainamati, Comilla",Main Gallery,Various sizes,Excavation — Salban Vihāra,A collection of weighing instruments and standardised weights (bāṭkhārā) recovered from Mainamati excavations. These attest to active trade and commerce at Mainamati-Devaparvata. The presence of standardised weights confirms the town's role as a major riverine trade port on the banks of the Kṣirodā river.,https://drive.google.com/file/d/1zECT5ALbnSurc8EYMlpfv_e4E4oR4Emy/view?usp=drive_link,https://mainamati.archaeology.gov.bd/pages/photo-galleries/%E0%A6%93%E0%A6%9C%E0%A6%A8-%E0%A6%AE%E0%A6%BE%E0%A6%AA%E0%A6%BE%E0%A6%B0-%E0%A6%AF%E0%A6%A8%E0%A7%8D%E0%A6%A4%E0%A7%8D%E0%A6%B0-%E0%A6%93-%E0%A6%AC%E0%A6%BE%E0%A6%9F%E0%A6%96%E0%A6%BE%E0%A6%B0%E0%A6%BE-%E0%A6%93%E0%A6%9C%E0%A6%A8-%E0%A6%AE%E0%A7%9F%E0%A6%A8%E0%A6%BE%E0%A6%AE%E0%A6%A4%E0%A6%BF-%E0%A6%9C%E0%A6%BE%E0%A6%A6%E0%A7%81%E0%A6%98%E0%A6%B0-241d45-6922dcd281fc96cef9ebea90
"Stucco Akṣobhya (Buddha, In Situ)",Mainamati Museum,Stucco Sculpture,Lime Stucco,c. 7th–8th century CE,"Itakhola Mura Vihāra, Mainamati, Comilla",Main Gallery,Life-size,Excavation — Itakhola Mura Vihāra (Khadga Dynasty),"The most striking discovery of Itakhola Mura Vihāra — a stucco figure of Buddha Akṣobhya preserved in situ. Stucco figures were common in Gandhāra art but rare in Bengal, making this exceptional. Akṣobhya is the 'Unshakeable' Dhyāni Buddha of the eastern direction.",https://drive.google.com/file/d/1c7Odg890cxlqirzqMeA6U1LlYWUxro2r/view?usp=sharing,https://www.academia.edu/37690133/Mainamati
"Standing Buddha (Life-size, Sandstone)",Mainamati Museum,Stone Sculpture,Sandstone,c. 7th century CE,"Rupban Mura Vihāra, Mainamati, Comilla",Main Gallery,2.15 m high,"Excavation — Rupban Mura (Khadga Dynasty, Balabhatta)","A life-size standing sandstone image of the Buddha discovered from a chamber of the temple at Rupban Mura Vihāra. Standing 2.15 m high, it is one of the most impressive stone sculptures from Mainamati. Rupban Mura Vihāra is considered the earliest of the excavated monasteries at Mainamati.",https://drive.google.com/file/d/14l1epKCYDQGdqsIUErb6ygxy2q8Zc59N/view?usp=sharing,https://www.academia.edu/37690133/Mainamati
Colossal Bronze Buddha (Museum Entrance),Mainamati Museum,Bronze Sculpture,Bronze,c. 7th–8th century CE,"Mainamati, Comilla",Entrance Hall,Colossal,Excavation — Mainamati Sites (Khadga/Deva Dynasty),A colossal seated bronze Buddha displayed to the left of the museum entrance — the first major piece visitors encounter. A key highlight of the museum's collection representing the early Tantric Buddhist artistic tradition of southeast Bengal. Dated to the 7th century CE.,,https://www.academia.edu/37690133/Mainamati
Mahāpratisarā (Metal Image),Mainamati Museum,Metal Sculpture,Bronze,c. 7th–8th century CE,"Rupban Mura Vihāra, Mainamati, Comilla",Main Gallery,,Excavation — Rupban Mura (Khadga Dynasty),Mahāpratisarā — 'the great amulet' — a multi-armed Buddhist protective goddess. This metal image from Rupban Mura is one of the important protective deity images from Mainamati. She is worshipped for warding off misfortune and danger.,https://drive.google.com/file/d/13jVKYSYHyU6UXv-MyUAmJpUD2JAE4L-l/view?usp=sharing,https://www.academia.edu/37690133/Mainamati
Colossal Bronze Avalokiteśvara (Ānanda Vihāra),Mainamati Museum,Bronze Sculpture,Bronze,c. late 7th–8th century CE,"Ānanda Vihāra, Mainamati, Comilla",Main Gallery,Colossal,"Excavation — Ānanda Vihāra (Deva Dynasty, Śrī Ānanda Deva)","A colossal bronze Avalokiteśvara recovered from Ānanda Vihāra — the largest Buddhist monastery in Mainamati (195 m a side), built by Śrī Ānanda Deva, third ruler of the Deva dynasty. One of the most important bronze sculptures from the entire Mainamati corpus.",https://drive.google.com/file/d/1kslQXXD0K896wC8Wc-2C0Lx7p8l34jI5/view?usp=sharing,https://www.academia.edu/37690133/Mainamati
"Bronze Avalokiteśvara Head (Large, Kutila Mura)",Mainamati Museum,Bronze Sculpture,Bronze,c. 10th century CE,"Kutila Mura, Mainamati, Comilla",Main Gallery,Life-size head,Excavation — Kutila Mura (Candra Dynasty),A large life-size bronze head of Avalokiteśvara collected near Kutila Mura. Its identification is based on the miniature figure of Amitābha on its exquisitely ornamented crown. Dated to around the 10th century CE — one of the most impressive bronzes from Mainamati.,https://drive.google.com/file/d/1QWeSv2nfc-MVuCVXeQXfGAyNBoav3lYl/view?usp=sharing,https://www.academia.edu/37690133/Mainamati
Bronze Votive Stupa (with Four Female Deities),Mainamati Museum,Bronze Stupa,Bronze,c. 8th–9th century CE,"Salban Vihāra, Mainamati, Comilla",Main Gallery,,Excavation — Salban Vihāra (Deva Dynasty),"A remarkable bronze votive stupa found during excavations at Salban Vihāra, with four female deities on four sides each seated under a shrine placed against the drum of the stupa. A unique example of votive Buddhist metalwork from medieval southeast Bengal.",,https://www.academia.edu/37690133/Mainamati
Terracotta Sealings (Śrī Bhavadeva Mahāvihāra),Mainamati Museum,Terracotta Sealing,Baked Clay,c. 8th century CE,"Salban Vihāra, Mainamati, Comilla",Main Gallery,"Avg. 9"" x 8""–12""","Excavation — Salban Vihāra (Deva Dynasty, Śrī Bhavadeva)",Terracotta sealings bearing the inscription: 'Śrī-Bhavadeva Mahā Vihāra-Ārya-Bhikṣu-Saṃghasya' — 'of the order of the noble monks of the monastic establishment of Śrī Bhavadeva.' These confirm King Bhavadeva of the Deva dynasty as patron of Salban Vihāra.,,https://mainamati.archaeology.gov.bd
Copper Plate Grants (Collection of Seven),Mainamati Museum,Inscription,Copper,c. 7th–12th century CE,"Salban Vihāra, Mainamati, Comilla",Main Gallery,Varies per plate,"Excavation — Salban Vihāra (Khadga, Rata, Deva, Candra Dynasties)",Seven copper plate inscriptions from Salban Vihāra representing multiple dynasties. Key plates: Kailan copper plate of Śrīdhāranarāta (c. 665–675 CE); copper plate of Rajputra Balabhaṭṭa (c. 715–730 CE); Asiatic Society copper plate of Bhavadeva (c. 815–840 CE); Pascimbhāgh copper plate of Śrīcandra (c. 925–975 CE). Primary sources for the history of southeast Bengal.,,https://mainamati.archaeology.gov.bd
Gold & Silver Coins (~350 pieces),Mainamati Museum,Numismatic Collection,Gold / Silver,c. 7th–12th century CE,"Multiple Sites, Mainamati, Comilla",Main Gallery,Various denominations,"Excavation — Multiple Sites (Khadga, Harikela-Paṭṭikera, Candra Dynasties)","Approximately 350 gold and silver coins recovered from Mainamati sites, primarily from Salban Vihāra. Includes Gupta imitation gold coins, Harikela-Paṭṭikera type silver coins from Rupban Mura, and Pāṭṭikera style silver coins from Itakhola Mura. Provide crucial evidence for dating the sites and the prosperity of Mainamati as a trade centre.",https://drive.google.com/file/d/1-r5b_tTO_vJok7KqqQLQf_LxseHI3wDY/view?usp=sharing,https://www.researchgate.net/publication/394049820_A_Glimpse_on_Charpatra_Mura_and_Artifacts_of_Mainamati
Terracotta Plaques (Large Collection),Mainamati Museum,Terracotta,Baked Clay,c. 7th–12th century CE,"Salban Vihāra / Bhoja Vihāra, Mainamati, Comilla",Main Gallery,"Avg. 9"" x 8""–12""",Excavation — Salban Vihāra & Bhoja Vihāra,"Hundreds of terracotta plaques recovered from Salban Vihāra and Bhoja Vihāra depicting Buddhist, Hindu and secular subjects. Bhoja Vihāra's central temple was 'profusely decorated' with such plaques. They represent one of the richest terracotta collections from medieval Bengal.",https://drive.google.com/file/d/1T93gE2ovWBfACBzxN505S0p8BbLyBrtW/view?usp=sharing,https://www.academia.edu/37690133/Mainamati
Clay Votive Stupas & Seals (Kutila Mura),Mainamati Museum,Seals / Votive Objects,Terracotta / Clay,c. 7th–9th century CE,"Kutila Mura, Mainamati, Comilla",Main Gallery,Miniature,Excavation — Kutila Mura (Khadga/Deva Dynasty),"Innumerable tiny terracotta and clay votive stupas, seals and sealings enshrined within the eight box-chambers of the Dharmacakra-shaped foundation of the central stupa at Kutila Mura. Together with fine Buddhist sculptures in soft grey shale, these represent a unique and rare ritual deposit.",https://drive.google.com/file/d/1JqfAfqGsOV4NSSHTI5uu_yEZARE2wwO8/view?usp=sharing,https://www.academia.edu/37690133/Mainamati
Buddhist Sculptures in Soft Grey Shale (Kutila Mura),Mainamati Museum,Stone Sculpture,Soft Grey Shale,c. 7th–9th century CE,"Kutila Mura, Mainamati, Comilla",Main Gallery,Various,Excavation — Kutila Mura (Khadga/Deva Dynasty),"A class of fine Buddhist sculptures in soft grey shale found within the stupa chambers of Kutila Mura. Distinguished by the use of softer grey shale rather than the black basalt typical of the Pāla period, suggesting an earlier regional tradition. Includes an Avalokiteśvara seated on a principal lotus with attendants.",,https://mainamati.archaeology.gov.bd
Copper Plate Inscription (Itakhola Mura),Mainamati Museum,Inscription,Copper,c. 7th–8th century CE,"Itakhola Mura Vihāra, Mainamati, Comilla",Main Gallery,,Excavation — Itakhola Mura (Khadga Dynasty),"A copper plate inscription recovered from Itakhola Mura Vihāra — one of the two earliest monasteries at Mainamati, built by Khadga King Balabhaṭṭa. An important epigraphic record for the early history of southeast Bengal.",,https://mainamati.archaeology.gov.bd
"Bronze Votive Images — Amitābha, Akṣobhya & Gaṇeśa",Mainamati Museum,Bronze Sculpture,Bronze,c. 7th–8th century CE,"Itakhola Mura Vihāra, Mainamati, Comilla",Main Gallery,Miniature (6 pieces),Excavation — Itakhola Mura (Khadga Dynasty),"Six bronze votive images recovered from Itakhola Mura Vihāra: images of Amitābha, Akṣobhya and Gaṇeśa. The Buddhist images bear a stamped Buddhist creed on their back — a distinctive feature. Gaṇeśa's presence alongside Buddhist deities reflects religious syncretism at Mainamati.",,https://mainamati.archaeology.gov.bd
"Amitābha (Bhoja Vihāra, Medium Bronze)",Mainamati Museum,Bronze Sculpture,Soft Shell / Bronze,c. 8th–9th century CE,"Bhoja Vihāra, Mainamati, Comilla",Main Gallery,Medium-size,Excavation — Bhoja Vihāra (Deva Dynasty),"A medium-size soft-shell image of Amitābha, the 'Infinite Light' Dhyāni Buddha of the western direction, found at Bhoja Vihāra. Amitābha was among the most popular Dhyāni Buddhas in medieval Bangladesh, depicted in dhyāna mudrā (meditation posture).",https://drive.google.com/file/d/180FA08oqcr3-x8HpFmxd-YthpI5Jy1Si/view?usp=sharing,https://www.academia.edu/37690133/Mainamati
"Akṣobhya (Bhoja Vihāra, Medium Bronze)",Mainamati Museum,Bronze Sculpture,Soft Shell / Bronze,c. 8th–9th century CE,"Bhoja Vihāra, Mainamati, Comilla",Main Gallery,Medium-size,Excavation — Bhoja Vihāra (Deva Dynasty),"A medium-size soft-shell image of Akṣobhya ('the Imperturbable'), the blue Dhyāni Buddha of the eastern direction, found at Bhoja Vihāra. Along with Amitābha, Akṣobhya was one of the most popular Dhyāni Buddhas at Mainamati.",https://drive.google.com/file/d/1sydEWpgndYTfuXWSIZM1wES6r3nuxZF3/view?usp=sharing,https://www.academia.edu/37690133/Mainamati
Harikela-Paṭṭikera Silver Coins,Mainamati Museum,Numismatic,Silver,c. 8th–10th century CE,"Bhoja Vihāra / Rupban Mura, Mainamati, Comilla",Main Gallery,Coin (various),Excavation — Multiple Sites (Harikela-Paṭṭikera Kingdom),"Harikela-Paṭṭikera type silver coins found at multiple Mainamati sites including Bhoja Vihāra and Rupban Mura. Pāṭṭikera (modern Paitkara, Comilla) was an important administrative seat that eventually formed a separate kingdom with ties to Pagan (Bagan) and Arakan of Myanmar.",https://drive.google.com/file/d/1gd10HDsdDfvul5GwbvrEkGFFum8OCSHx/view?usp=sharing,https://www.researchgate.net/publication/394049820_A_Glimpse_on_Charpatra_Mura_and_Artifacts_of_Mainamati
Large Bronze Bell,Mainamati Museum,Bronze Object,Bronze,c. 8th–12th century CE,"Rupbankanyā Mura, Mainamati, Comilla",Main Gallery,Weight 370 kg,Excavation — Rupbankanyā Mura,A massive bronze bell weighing 370 kg — one of the museum's most dramatic exhibits. Bronze bells were used in Buddhist religious ceremonies. The museum also holds a separate giant bronze object weighing approximately 500 kg. These bells attest to the sophisticated metal-casting technology of medieval Mainamati.,https://drive.google.com/file/d/19WO0HE0fXqHZRUbp0acuLurgyLENz6Vh/view?usp=sharing,https://www.academia.edu/37690133/Mainamati
"Nandī (Śiva's Bull, Black Stone)",Mainamati Museum,Stone Sculpture,Black Basalt,c. 9th–11th century CE,"Mainamati, Comilla",Main Gallery,,Excavation — Mainamati Sites (Candra Dynasty),"A black stone sculpture of Nandī, the sacred bull and vehicle (vāhana) of Lord Śiva. This Brahmanical sculpture is one of several Hindu pieces in the Mainamati collection, reflecting the multi-religious nature of medieval southeast Bengal where Charpatra Mura was the only purely Brahmanical site.",,https://mainamati.archaeology.gov.bd
Burmese Manuscript on Palm Leaves,Mainamati Museum,Manuscript,Palm Leaf,Medieval (post 12th century CE),"Mainamati, Comilla",Main Gallery,,Collected — Post-Pāla Period,"An ancient manuscript written on palm leaves in the Burmese script, attesting to the cultural and religious connections between Mainamati-Pāṭṭikera and Myanmar (Pagan and Arakan). Reflects the wider cultural network through which the art idiom of Mainamati spread to Myanmar and Java.",,https://mainamati.archaeology.gov.bd
Iron Objects & Tools,Mainamati Museum,Archaeological Find,Iron,c. 7th–12th century CE,"Multiple Sites, Mainamati, Comilla",Main Gallery,Various,Excavation — Multiple Sites,"A collection of iron objects — tools and implements — recovered from Mainamati excavations, demonstrating the iron-working technology of medieval inhabitants. Iron objects include agricultural and craft tools that sustained the economic activities supporting the monasteries.",,https://mainamati.archaeology.gov.bd
Clay Toys (Various),Mainamati Museum,Archaeological Find,Terracotta / Clay,c. 7th–12th century CE,"Multiple Sites, Mainamati, Comilla",Main Gallery,Small / Miniature,Excavation — Multiple Sites,"A variety of clay toys — animals, figurines and objects — recovered from Mainamati excavations. These secular objects provide evidence of daily life and material culture of the lay population that supported the Buddhist monastic complex at Mainamati-Devaparvata.",,https://mainamati.archaeology.gov.bd
Pottery Collection (Various Types),Mainamati Museum,Pottery,Fired Clay,c. 7th–12th century CE,"Multiple Sites, Mainamati, Comilla",Main Gallery,Various,Excavation — Multiple Sites,A large pottery collection including Common Light Gray Ware recovered from the Mainamati excavations. Changes in pottery type help archaeologists distinguish the two major historic phases of Mainamati (6th–13th century CE). Increase in Common Light Gray Ware marks the second historic phase associated with the Candra dynasty.,,https://mainamati.archaeology.gov.bd
Miniature Bronze Buddha Images (Collection),Mainamati Museum,Bronze Sculpture,Bronze,c. 7th–11th century CE,"Multiple Sites, Mainamati, Comilla",Main Gallery,Miniature (150+ pieces),Excavation — Multiple Sites (Khadga/Deva/Candra Dynasties),"Over 150 miniature bronze Buddha images recovered mostly from the monastic cells and votive deposits at Mainamati — the largest such collection from medieval Bengal. These were used for personal devotion and as votive offerings. They represent the Tantric Buddhist pantheon: Dhyāni Buddhas, Bodhisattvas and Tārās.",,https://mainamati.archaeology.gov.bd
Semi-precious Stone Beads,Mainamati Museum,Ornamental Object,Semi-precious Stone,c. 7th–12th century CE,"Ānanda Vihāra / Multiple Sites, Comilla",Main Gallery,Various,Excavation — Ānanda Vihāra & Other Sites,"A collection of semi-precious stone beads including carnelian and agate recovered from Ānanda Vihāra and other Mainamati sites. These beads attest to trade contacts and the material wealth of the monastery patrons, reflecting long-distance trade networks linking Mainamati to wider South and Southeast Asia.",,https://mainamati.archaeology.gov.bd
"Padmapāṇi / Bodhisattva (Standing Bronze, Salban Vihāra)",Mainamati Museum,Bronze Sculpture,Bronze,c. 8th–10th century CE,"Salban Vihāra, Mainamati, Comilla",Main Gallery,,Excavation — Salban Vihāra (Khadga/Deva Dynasty),"A standing bronze Bodhisattva Padmapāṇi ('lotus-bearer'), a form of Avalokiteśvara holding a lotus. One of the many bronzes recovered from Salban Vihāra's 115 monastic cells and surrounding excavations. It is identified in the museum as 'Bodhisattva Padmapāṇi, Salban Vihāra.'",https://drive.google.com/file/d/1RfIMgVLyTAagzz8rKqPrsGQ1_AKVDDjk/view?usp=sharing,https://mainamati.archaeology.gov.bd
"Lokottara Buddha Statues (Stone, Multiple)",Mainamati Museum,Stone Sculpture,Stone,c. 7th–11th century CE,"Multiple Sites, Mainamati, Comilla",Main Gallery,Various,Excavation — Multiple Sites,Various types of standing Lokottara ('supramundane') Buddha statues in stone. Lokottara Buddha images represent the transcendent aspect of the Buddha beyond his human manifestation — a key concept in Mahāyāna and Vajrayāna Buddhism. Multiple examples are on display in the museum.,,https://mainamati.archaeology.gov.bd
Trivikrama Viṣṇu (Stone),Mainamati Museum,Stone Sculpture,Stone,c. 9th–11th century CE,"Mainamati, Comilla",Main Gallery,,Excavation — Mainamati Sites (Candra Dynasty),"A stone image of Viṣṇu in his Trivikrama form — the three-strides dwarf avatāra (Vāmana) — depicting his cosmic stride that covered earth, sky and heaven. This Vaiṣṇava sculptural subject reflects the Hindu traditions coexisting with Buddhism at Mainamati during the Candra period.",,https://mainamati.archaeology.gov.bd
Mahiṣamardinī Durgā (Stone),Mainamati Museum,Stone Sculpture,Stone,c. 9th–11th century CE,"Mainamati, Comilla",Main Gallery,,Excavation — Mainamati Sites (Candra Dynasty),A stone image of Durgā slaying the buffalo demon Mahiṣāsura — the most iconic form of the goddess Durgā in Hindu iconography. Reflects the multi-religious character of Mainamati where Buddhist and Hindu (Śākta) traditions coexisted during the Candra period.,,https://mainamati.archaeology.gov.bd
Mārīcī (Stone),Mainamati Museum,Stone Sculpture,Stone,c. 8th–10th century CE,"Mainamati, Comilla",Main Gallery,,Excavation — Mainamati Sites (Deva/Candra Dynasty),"A stone image of Mārīcī, the Buddhist goddess of dawn and light, depicted with multiple arms. Mārīcī was a popular goddess in Tantric Buddhism of medieval Bengal. Images of this goddess are found at both Mainamati and other major Buddhist sites of Bangladesh.",,https://mainamati.archaeology.gov.bd
Mañjuśrī (Stone),Mainamati Museum,Stone Sculpture,Stone,c. 8th–10th century CE,"Mainamati, Comilla",Main Gallery,,Excavation — Mainamati Sites (Deva/Candra Dynasty),"A stone image of Mañjuśrī, the Bodhisattva of wisdom, holding his characteristic sword (to cut through ignorance) and the Prajñāpāramitā text. The seated form of this deity is also known as Mañjuvara. Mañjuśrī was one of the key Bodhisattvas worshipped at Mainamati.",,https://mainamati.archaeology.gov.bd
Woodwork Patterns / Wooden Artifacts,Mainamati Museum,Wooden Object,Wood,c. 7th–12th century CE,"Mainamati, Comilla",Main Gallery,Various,Excavation — Mainamati Sites,"Preserved woodwork patterns and wooden artifacts recovered from Mainamati excavations. Given the humid delta climate of Bengal, wooden objects rarely survive in the archaeological record, making these fragments particularly rare and valuable.",,https://mainamati.archaeology.gov.bd
Gupta Imitation Gold Coins (5 pieces),Mainamati Museum,Numismatic,Gold,c. 6th–7th century CE,"Rupban Mura Vihāra, Mainamati, Comilla",Main Gallery,Coin (5 pieces),Excavation — Rupban Mura (Pre-Khadga / Early Period),Five Gupta imitation gold coins recovered from Rupban Mura Vihāra — among the earliest datable objects from Mainamati. These coins suggest the site's origins in the late Gupta or immediately post-Gupta period (6th–7th century CE) and confirm the first historic phase of Mainamati.,,https://mainamati.archaeology.gov.bd
Pāṭṭikera Style Silver Coin (Itakhola Mura),Mainamati Museum,Numismatic,Silver,c. 8th century CE,"Itakhola Mura Vihāra, Mainamati, Comilla",Main Gallery,,Excavation — Itakhola Mura (Harikela-Paṭṭikera Kingdom),A Pāṭṭikera style silver coin salvaged from Itakhola Mura Vihāra. The name Pāṭṭikera appears in coin legends from the 8th century CE levels of Salban Vihāra and also in the Cambridge University Manuscript of Aṣṭasāhasrikā Prajñāpāramitā (copied in 1015 CE). Pāṭṭikera eventually formed a separate kingdom.,,https://mainamati.archaeology.gov.bd
Nagraja,Mainamati Museum,Hindu sculpture,Black Basalt,9th-11th century,"Nārāyanpur, Barurā Police Station, Comilla District",Main Gallery,68.5 × 36 cm,"Collection — Nārāyanpur, Barurā, Comilla (Dept. of Archaeology, Bangladesh)","Nārāyanpur, Barurā Police Station, Comilla District",,https://www.researchgate.net/publication/354986765_Iconography_of_the_Narayanpur_Nagaraja_Preserved_in_the_Mainamati_Museum
Snake and Mongoose Terracotta Plaque,Mainamati Museum,Teracotta plaque,Baked Clay,8th century CE,"Salban Vihāra, Mainamati, Comilla",Main Gallery,,Excavation — Salban Vihāra (Deva Dynasty),"A terracotta relief plaque from Salban Vihāra depicting a snake and mongoose in combat — a motif of profound symbolic significance in South Asian iconography. The snake–mongoose combat symbolises the eternal conflict between earth and the underworld, life and death, and is a common auspicious subject on Buddhist and Hindu decorative plaques. This piece is part of the rich terracotta assemblage recovered from Salban Vihāra's central temple, which was 'profusely decorated' with such plaques. The terracotta modelling is characteristically bold and vigorous, typical of 8th century CE Samatata workmanship. Source: ResearchGate, Double-bodied lion and related Salban Vihāra terracotta series (fig. 307670905); Dept. of Archaeology, Bangladesh.",,https://www.researchgate.net/figure/Double-bodied-lion-8-th-Century-CE-Salabana-Vihara-Mainamati-Museum-Bangladesh_fig5_307670905
Double-Bodied Lion (Vyāla / Śārdūla),Mainamati Museum,Stone Sculpture,Stone (Buff Sandstone),8th century CE,,,,,"A remarkable architectural sculpture of a double-bodied lion (dvimukha vyāla or śārdūla) — a single leonine head with two bodies extending in opposite directions — carved from buff sandstone at Salban Vihāra. Such double-bodied mythical creatures served as decorative and apotropaic (protective) elements on Buddhist temple architecture, typically placed at corners of temple bases or friezes. The image demonstrates the sophisticated stone-carving tradition at Mainamati alongside its more celebrated bronze corpus. The motif of the vyāla — a rearing composite leonine beast — is widespread in South Asian temple architecture from the Gupta period onwards. Source: ResearchGate fig. 307670905; 'Double-bodied lion, 8th Century CE, Salabana Vihara, Mainamati Museum, Bangladesh.'",https://www.researchgate.net/figure/Double-bodied-lion-8-th-Century-CE-Salabana-Vihara-Mainamati-Museum-Bangladesh_fig5_307670905,
Stone Sculptures Display (Four Deities Pane,Mainamati Museum,Stone Sculpture,Black Basalt ,,,,,,"A display group of four important stone deity sculptures mounted in the main gallery against a magenta-red velvet backing (image: mainamati3.webp). From left to right: (1) a multi-armed standing deity with attendants — possibly Viṣṇu or a Bodhisattva, found likely at Mainamati-Lalmai; (2) a standing deity with globe and serpent attributes, from Gujrābar, Artisha, Comilla (per museum label, 8th–10th century CE); (3) a multi-armed standing deity with rich jewellery and attendant figures, also from Gujrābar, Artisha, Comilla; (4) a dancing deity figure — possibly Naṭarāja or Heruka. The museum label for the second figure reads 'Gujrābar, Artisha, Comilla' and dates it to the Pāla period. This display showcases the full range of Buddhist and Brahmanical sculptural production from the greater Comilla-Samatata region. Source: Museum display photograph; Dept. of Archaeology, Bangladesh.",,
Cyclostyle Duplicating Machine,Bangabandhu Memorial Museum,Political Instrument / Communication Equipment,,Post-1981 ,"32 Dhanmondi, Dhaka",Ground Floor,,,"A stencil duplicating machine used by Bangabandhu after 7 March 1971 to send messages to party leaders, newspapers, and the people of Bangladesh during the non-cooperation movement.",Bangabandhu_Waiving_Flag_on_23_March_1971_at_Dhanmondi_32.jpg,https://unb.com.bd/category/Lifestyle/bangabandhu-memorial-museum-witness-to-history-and-tragedy/56035
Telephone Set (Independence Declaration),Bangabandhu Memorial Museum,Communication Equipment / Historical Relic,,Post-1981,"32 Dhanmondi, Dhaka",Ground Floor,,,"The telephone set located on the south side of the personal library, near the door. Bangabandhu used this phone to announce the freedom of the Bengali nation; the declaration was transmitted via wireless, telephone and telegram across Bangladesh.",bangabandhu-memorial.jpg,https://unb.com.bd/category/Lifestyle/bangabandhu-memorial-museum-witness-to-history-and-tragedy/56035
Bullet-Pierced Books (Library Collection),Bangabandhu Memorial Museum,Books / Historical Relics / Evidence Artifacts,,Post-1981,"32 Dhanmondi, Dhaka",Ground Floor,,,"A collection of books of famous writers and novelists kept by Bangabandhu in his personal library. The books bear visible bullet holes from the attack on the house during the night of 25 March 1971, serving as physical evidence of the violence.",bed-room-of-mujibue-rahman.jpg,https://unb.com.bd/category/Lifestyle/bangabandhu-memorial-museum-witness-to-history-and-tragedy/56035
Portrait Gallery of Assassinated Family Members,Bangabandhu Memorial Museum,Photographic / Archival Display,,Post-1994 ,"32 Dhanmondi, Dhaka",Ground Floor,,,Framed portraits displayed on the eastern and western walls of the ground-floor corridor depicting the deceased family members of Bangabandhu along with guests who were killed in the house on 15 August 1975.,Deputy_Secretary_Biegun_Tours_the_Bangabandhu_Memorial_Museum_(50505169757).png,https://unb.com.bd/category/Lifestyle/bangabandhu-memorial-museum-witness-to-history-and-tragedy/56035
Dressing Table (Bangabandhu's Bedroom),Bangabandhu Memorial Museum,Furniture / Historical Relic,,Post-1981,"32 Dhanmondi, Dhaka",Second Floor,,,The original dressing table from Bangabandhu and Begum Mujib's bedroom on the second floor. The furniture still displays blood-spots and bullet marks from the assassination of 15 August 1975.,DSC_0376.max-2000x2000_LHHWngr.jpg,https://unb.com.bd/category/Lifestyle/bangabandhu-memorial-museum-witness-to-history-and-tragedy/56035
Desk Table (Bangabandhu's Bedroom),Bangabandhu Memorial Museum,Furniture / Historical Relic,,Post-1981,"32 Dhanmondi, Dhaka",Second Floor,,,"Original desk table from Bangabandhu's bedroom on the second floor, bearing bullet marks and blood-spots from the assassination of 15 August 1975.",DSC_0387.max-2000x2000_5rF5oCO.jpg,https://unb.com.bd/category/Lifestyle/bangabandhu-memorial-museum-witness-to-history-and-tragedy/56035
Reading Table (Bangabandhu's Bedroom),Bangabandhu Memorial Museum,Furniture / Historical Relic,,Post-1981,"32 Dhanmondi, Dhaka",Second Floor,,,"Original reading table from Bangabandhu's bedroom, displaying physical evidence of the 15 August 1975 assassination through bullet marks and blood-spots.",DSC_0423.max-2000x2000_7Ty2cg8.jpg,https://unb.com.bd/category/Lifestyle/bangabandhu-memorial-museum-witness-to-history-and-tragedy/56035
Betel Vase (Bangabandhu's Bedroom),Bangabandhu Memorial Museum,Personal Effect / Decorative Object,,Post-1981,"32 Dhanmondi, Dhaka",Second Floor,,,A betel (paan) vase that was part of the personal effects in Bangabandhu's bedroom. Preserved as a personal relic bearing blood-spots and bullet damage from the 1975 assassination.,DSC_0442.max-2000x2000_9BagXdS.jpg,https://unb.com.bd/category/Lifestyle/bangabandhu-memorial-museum-witness-to-history-and-tragedy/56035
Letter to Bangamata,Bangabandhu Memorial Museum,Document / Personal Correspondence,,Post-1981,"32 Dhanmondi, Dhaka",Second Floor,,,"A preserved letter addressed to Bangamata (Sheikh Fazilatunnesa Mujib), kept in Bangabandhu's bedroom on the second floor. One of the personal documents recovered after the family regained the house.",DSC_0443.max-2000x2000_GUIbG7Z.jpg,https://unb.com.bd/category/Lifestyle/bangabandhu-memorial-museum-witness-to-history-and-tragedy/56035
Dining Table,Bangabandhu Memorial Museum,Furniture / Historical Relic,,Post-1981,"32 Dhanmondi, Dhaka",Second Floor,,,The original dining table placed near the entrance of the family dining room on the first floor. Bangabandhu and his family members used it for meals. Bangamata served food to Bangabandhu and guests at this table.,DSC_0450.max-2000x2000_ZUpKReu.jpg,https://unb.com.bd/category/Lifestyle/bangabandhu-memorial-museum-witness-to-history-and-tragedy/56035
Jugs (Dining Set),Bangabandhu Memorial Museum,Household Item / Personal Effect,,Post-1981,"32 Dhanmondi, Dhaka",Second Floor,,,Original dining jugs used by Bangabandhu and family members at the dining table in the family meeting room. Part of the preserved dining accessories.,DSC_0452.max-2000x2000_qB2m9o7.jpg,https://unb.com.bd/category/Lifestyle/bangabandhu-memorial-museum-witness-to-history-and-tragedy/56035
Glasses (Dining Set),Bangabandhu Memorial Museum,Household Item / Personal Effect,,Post-1981,"32 Dhanmondi, Dhaka",Second Floor,,,"Original drinking glasses from Bangabandhu's family dining set, displayed in the family meeting room on the second floor.",DSC_0453.max-2000x2000_ASuQyXJ.jpg,https://unb.com.bd/category/Lifestyle/bangabandhu-memorial-museum-witness-to-history-and-tragedy/56035
Plates (Dining Set),Bangabandhu Memorial Museum,Household Item / Personal Effect,,Post-1981,"32 Dhanmondi, Dhaka",Second Floor,,,"Original dining plates from Bangabandhu's household used at family meals, now displayed on the dining table in the family meeting room.",DSC_0454.max-2000x2000_GCg5akm.jpg,https://unb.com.bd/category/Lifestyle/bangabandhu-memorial-museum-witness-to-history-and-tragedy/56035
Teacups (Dining Set),Bangabandhu Memorial Museum,Household Item / Personal Effect,,Post-1981,"32 Dhanmondi, Dhaka",Second Floor,,,"Original teacups from Bangabandhu's household, part of the preserved dining accessories displayed in the family meeting and dining room on the second floor.",DSC_0486.max-2000x2000_NvcSVRU (1).jpg,https://unb.com.bd/category/Lifestyle/bangabandhu-memorial-museum-witness-to-history-and-tragedy/56035
Spoons (Dining Set),Bangabandhu Memorial Museum,Household Item / Personal Effect,,Post-1981,"32 Dhanmondi, Dhaka",Second Floor,,,"Original spoons from Bangabandhu's family dining set, displayed among the regular dining accessories in the family meeting room.",DSC_0486.max-2000x2000_NvcSVRU.jpg,https://unb.com.bd/category/Lifestyle/bangabandhu-memorial-museum-witness-to-history-and-tragedy/56035
Knives (Dining Set),Bangabandhu Memorial Museum,Household Item / Personal Effect,,Post-1981,"32 Dhanmondi, Dhaka",Second Floor,,,"Original cutlery knives from Bangabandhu's family dining set, displayed alongside other regular dining accessories in the family meeting room.",DSC_0490.max-2000x2000_hGA3j9W (1).jpg,https://unb.com.bd/category/Lifestyle/bangabandhu-memorial-museum-witness-to-history-and-tragedy/56035
Begum Mujib's Handmade Pickle Jar,Bangabandhu Memorial Museum,Personal Effect / Household Item,,Post-1981,"32 Dhanmondi, Dhaka",Second Floor,,,"A handmade pickle jar belonging to Bangamata Sheikh Fazilatunnesa Mujib, displayed in the family dining and meeting room on the second floor as a personal relic of Bangabandhu's wife.",DSC_0490.max-2000x2000_hGA3j9W.jpg,https://unb.com.bd/category/Lifestyle/bangabandhu-memorial-museum-witness-to-history-and-tragedy/56035
Sheikh Russell's Bicycle (No. 1),Bangabandhu Memorial Museum,Personal Effect / Children's Item,,Post-1981,"32 Dhanmondi, Dhaka",Second Floor,,,"One of Sheikh Russell's two favourite bicycles (youngest son of Bangabandhu, born 18 October 1964, killed 15 August 1975), displayed in the family dining and meeting room.",DSC_0500.max-2000x2000_0V0phBI.jpg,https://unb.com.bd/category/Lifestyle/bangabandhu-memorial-museum-witness-to-history-and-tragedy/56035
Sheikh Russell's Bicycle (No. 2),Bangabandhu Memorial Museum,Personal Effect / Children's Item,,Post-1981,"32 Dhanmondi, Dhaka",Second Floor,,,"The second of Sheikh Russell's two favourite bicycles displayed in the family dining and meeting room, a personal relic of Bangabandhu's youngest son.",DSC_0515.max-2000x2000_YBBeB89.jpg,https://unb.com.bd/category/Lifestyle/bangabandhu-memorial-museum-witness-to-history-and-tragedy/56035
Coke Bottle,Bangabandhu Memorial Museum,Household Item / Personal Effect,,Post-1981,"32 Dhanmondi, Dhaka",Second Floor,,,"An original Coca-Cola bottle displayed in the family dining and meeting room, one of the personal items preserved from Bangabandhu's household.",DSC_0516.max-2000x2000_YLTIykW.jpg,https://unb.com.bd/category/Lifestyle/bangabandhu-memorial-museum-witness-to-history-and-tragedy/56035
Tin Containing Raw Rice,Bangabandhu Memorial Museum,Household Item / Personal Effect,,Post-1981,"32 Dhanmondi, Dhaka",Second Floor,,,"A tin container with raw rice, preserved as a household item from Bangabandhu's family kitchen and dining area, displayed in the family meeting room.",items-used-by-mujibur.jpg,https://unb.com.bd/category/Lifestyle/bangabandhu-memorial-museum-witness-to-history-and-tragedy/56035
Television Set – Citizen Brand,Bangabandhu Memorial Museum,Household Appliance / Personal Effect,,Post-1981,"32 Dhanmondi, Dhaka",Second Floor,,,"An old Citizen brand television with a dark body, standing in the southeast corner of the family meeting room on the second floor. Bangabandhu used to sit here and watch TV with family members. Bullet marks are visible in the room.",Secretary_Kerry_is_Looking_at_Evidence_From_a_Trial_for_an_Attack_in_Dhaka_(28692594183).jpg,https://unb.com.bd/category/Lifestyle/bangabandhu-memorial-museum-witness-to-history-and-tragedy/56035
Sheikh Russell's Ball,Bangabandhu Memorial Museum,Personal Effect / Children's Toy,,Post-1981,"32 Dhanmondi, Dhaka",Second Floor,,,"A ball belonging to Sheikh Russell (youngest son of Bangabandhu), one of his childhood playing items preserved and displayed in the museum.",Secretary_Kerry_Looks_at_a_Family's_Kitchen_in_Dhaka_(29313291775).jpg,https://unb.com.bd/category/Lifestyle/bangabandhu-memorial-museum-witness-to-history-and-tragedy/56035https://en.wikipedia.org/wiki/Bangabandhu_Memorial_Museum 
Sheikh Russell's Hockey Stick,Bangabandhu Memorial Museum,Personal Effect / Sports Equipment / Children's Item,,Post-1981,"32 Dhanmondi, Dhaka",Second Floor,,,"A hockey stick used by Sheikh Russell, preserved as a childhood relic of Bangabandhu's youngest son, displayed in the museum.",Secretary_Kerry_Looks_at_Stairs_Where_a_Founder_was_Gunned_Down_in_Dhaka_(28692593883).jpg,https://unb.com.bd/category/Lifestyle/bangabandhu-memorial-museum-witness-to-history-and-tragedy/56035
Sheikh Russell's Cricket Bat,Bangabandhu Memorial Museum,Personal Effect / Sports Equipment / Children's Item,,Post-1981,"32 Dhanmondi, Dhaka",Second Floor,,,"A cricket bat belonging to Sheikh Russell, one of his sporting items preserved and displayed in the museum.",Secretary_Kerry_Looks_at_Those_Killed_in_an_Attack_in_Dhaka_(28692591753).jpg,https://unb.com.bd/category/Lifestyle/bangabandhu-memorial-museum-witness-to-history-and-tragedy/56035
Sheikh Russell's Helmet,Bangabandhu Memorial Museum,Personal Effect / Children's Item,,Post-1981,"32 Dhanmondi, Dhaka",Second Floor,,,"A helmet belonging to Sheikh Russell, preserved and displayed in the museum as part of his personal belongings.",,https://unb.com.bd/category/Lifestyle/bangabandhu-memorial-museum-witness-to-history-and-tragedy/56035
Sheikh Russell's Aquarium,Bangabandhu Memorial Museum,Personal Effect / Household Item,,Post-1981,"32 Dhanmondi, Dhaka",Second Floor ,,,"An aquarium belonging to Sheikh Russell, one of the possessions of Bangabandhu's youngest son preserved and displayed in the museum.",,https://en.wikipedia.org/wiki/Bangabandhu_Memorial_Museum
Sheikh Russell's Toys,Bangabandhu Memorial Museum,Personal Effect / Children's Toys,,Post-1981,"32 Dhanmondi, Dhaka",Second Floor ,,,"Various childhood toys belonging to Sheikh Russell, preserved and displayed in the museum along with his other possessions.",,https://en.wikipedia.org/wiki/Bangabandhu_Memorial_Museum
Sheikh Russell's Watches,Bangabandhu Memorial Museum,Personal Effect / Timepiece,,Post-1981,"32 Dhanmondi, Dhaka",Second Floor ,,,"Watches belonging to Sheikh Russell, preserved and displayed in the museum as part of his personal effects.",,https://en.wikipedia.org/wiki/Bangabandhu_Memorial_Museum
Tobacco Pipe of Bangabandhu,Bangabandhu Memorial Museum,Personal Effect / Smoking Accessory,,Post-1981; transferred August 2022,"32 Dhanmondi, Dhaka",Ground Floor ,,,"Bangabandhu Sheikh Mujibur Rahman's iconic tobacco pipe, one of his most recognized personal accessories. Originally displayed in the museum; later handed over to the Bangladesh National Museum by the Bangabandhu Memorial Trust in August 2022 with PM Sheikh Hasina's approval.",,https://www.thedailystar.net/news/bangladesh/news/iconic-items-used-bangabandhu-given-natl-museum-3094526
Mujib Coat (Iconic Black Coat),Bangabandhu Memorial Museum,Personal Clothing / National Symbol,,Post-1981; transferred August 2022,"32 Dhanmondi, Dhaka / Family possession",,,,"The iconic black sleeveless jacket (Mujib coat) worn by Sheikh Mujibur Rahman, which became a symbol of his identity and the Bangladeshi independence movement. Transferred to the Bangladesh National Museum by the Bangabandhu Memorial Trust in August 2022.",,https://www.thedailystar.net/news/bangladesh/news/iconic-items-used-bangabandhu-given-natl-museum-3094526
White Punjabi of Bangabandhu,Bangabandhu Memorial Museum,Personal Clothing,,Post-1981; transferred August 2022,"32 Dhanmondi, Dhaka / Family possession",,,,"Bangabandhu Sheikh Mujibur Rahman's white punjabi (long shirt), part of his signature attire. Transferred to the Bangladesh National Museum by the Bangabandhu Memorial Trust in August 2022.",,https://www.thedailystar.net/news/bangladesh/news/iconic-items-used-bangabandhu-given-natl-museum-3094526
Pajama of Bangabandhu,Bangabandhu Memorial Museum,Personal Clothing,,Post-1981; transferred August 2022,"32 Dhanmondi, Dhaka / Family possession",,,,"Bangabandhu Sheikh Mujibur Rahman's pajama (lower garment), part of his traditional attire. Transferred to the Bangladesh National Museum by the Bangabandhu Memorial Trust in August 2022.",,https://www.thedailystar.net/news/bangladesh/news/iconic-items-used-bangabandhu-given-natl-museum-3094526
Eyeglasses of Bangabandhu,Bangabandhu Memorial Museum,Personal Effect / Eyewear,,Post-1981,"32 Dhanmondi, Dhaka",Ground Floor ,,,"Bangabandhu Sheikh Mujibur Rahman's personal eyeglasses, one of his recognizable accessories, preserved and displayed in the museum along with other personal effects.",,https://unb.com.bd/category/Lifestyle/bangabandhu-memorial-museum-witness-to-history-and-tragedy/56035
Personal Accessories of Bangabandhu (Miscellaneous),Bangabandhu Memorial Museum,Personal Effects (Miscellaneous),,Post-1981,"32 Dhanmondi, Dhaka",Ground Floor,,,"Various personal accessories and items used by Bangabandhu Sheikh Mujibur Rahman, displayed alongside his eyeglasses and pipe as personal relics in the museum.",,https://unb.com.bd/category/Lifestyle/bangabandhu-memorial-museum-witness-to-history-and-tragedy/56035
Diaries of Sheikh Mujibur Rahman,Bangabandhu Memorial Museum,Personal Document / Manuscript / Diary,,Discovered June 1981,"32 Dhanmondi, Dhaka",,,,Personal diaries found by Sheikh Hasina after the house was returned to the family in June 1981. The diaries were later edited and published as memoirs (Unfinished Memoirs / Karagarer Rojnamcha). The original manuscripts were preserved at the museum.,,https://en.wikipedia.org/wiki/Bangabandhu_Memorial_Museum
Bloodied Clothing (August 15 Assassination Evidence),Bangabandhu Memorial Museum,Historical Evidence / Clothing,,Preserved post-1994,"32 Dhanmondi, Dhaka",,,,"Clothing items bearing bloodstains from the assassination of 15 August 1975, exhibited as evidence of the tragic event. The museum maintained these as part of its exhibits on the assassination.",,https://en.wikipedia.org/wiki/Bangabandhu_Memorial_Museum
Photographs – Bangabandhu's Life (Large Collection),Bangabandhu Memorial Museum,Photographic Archive / Historical Documentation,,Post-1994 (curated for museum),"Various archives, government records, personal family collection",,,,"A large and rare photographic collection documenting the entire life of Sheikh Mujibur Rahman, from his early political days through his role as founding president of Bangladesh. Displayed throughout the museum including the corridor gallery and ground floor.",,https://en.banglapedia.org/index.php/Bangabandhu_Memorial_Museum https://unb.com.bd/category/Lifestyle/bangabandhu-memorial-museum-witness-to-history-and-tragedy/56035 
Post-Assassination Violence Photographs,Bangabandhu Memorial Museum,Photographic Evidence / Historical Documentation,,Post-1994 (curated for museum),"32 Dhanmondi, Dhaka",,,,"Photographs documenting the aftermath of the 15 August 1975 assassination, showing the violence and destruction in the house. Displayed to remind visitors of the brutal killing.",,https://unb.com.bd/category/Lifestyle/bangabandhu-memorial-museum-witness-to-history-and-tragedy/56035
Bullet Holes in Walls and Staircase,Bangabandhu Memorial Museum,Architectural Evidence / In-Situ Historical Relic,,Present since 1975,"32 Dhanmondi, Dhaka",,,,"Physical marks of bullet holes preserved in the walls of the office room, the main staircase, the bedroom, and the library of the Bangabandhu Bhaban. These serve as primary physical evidence of the 1975 assassination and cannot be separated from the building structure.",,https://unb.com.bd/category/Lifestyle/bangabandhu-memorial-museum-witness-to-history-and-tragedy/56035 https://en.wikipedia.org/wiki/Bangabandhu_Memorial_Museum
Sheikh Kamal's Room Contents / Office Room Display,Bangabandhu Memorial Museum,In-Situ Historical Site / Preserved Room,,Present since 1975,"32 Dhanmondi, Dhaka",Ground Floor,,,The ground floor office room (reception hall) where Sheikh Kamal (Bangabandhu's eldest son) was killed on 15 August 1975. The room was closed to visitors but preserves the physical evidence of the assassination including bullet marks on walls.,,https://unb.com.bd/category/Lifestyle/bangabandhu-memorial-museum-witness-to-history-and-tragedy/56035
Sheikh Russel's Birthplace Room (Preserved),Bangabandhu Memorial Museum,Preserved Memorial Room / Historical Site,,Post-1994,"32 Dhanmondi, Dhaka",Ground Floor,,,"The northeast ground-floor room where Sheikh Russel was born on 18 October 1964, and originally resided by Sheikh Hasina and Sheikh Rehana. Preserved as a memorial space.",,https://unb.com.bd/category/Lifestyle/bangabandhu-memorial-museum-witness-to-history-and-tragedy/56035
Drawing Room / Salon Furniture and Décor,Bangabandhu Memorial Museum,Furniture / Historical Interior,,Post-1994,"32 Dhanmondi, Dhaka",Ground Floor,,,"The furniture and interior décor of the ground-floor meeting room (salon) used by Bangabandhu for political discussions, meeting party leaders, professionals, and the public. The room was the nerve center of major political decisions from 1962 to 1971.",,https://unb.com.bd/category/Lifestyle/bangabandhu-memorial-museum-witness-to-history-and-tragedy/56035
Gallery of Bangabandhu's Golden History (Portraits),Bangabandhu Memorial Museum,Photographic / Portrait Gallery,,Post-1994,Various archives and family collection,Ground Floor,,,"A curated gallery of portraits and images documenting the golden history of Bangabandhu Sheikh Mujibur Rahman, displayed in the drawing room on the ground floor as visitors first enter the museum.",,https://unb.com.bd/category/Lifestyle/bangabandhu-memorial-museum-witness-to-history-and-tragedy/56035
Sheikh Hasina's Bedroom (Preserved Room),Bangabandhu Memorial Museum,Preserved Memorial Room / Historical Site,,Present since 1975,"32 Dhanmondi, Dhaka",Second Floor,,,The northeast first-floor room where Sheikh Hasina (eldest daughter of Bangabandhu) lived from 1966. The room was damaged by bullets during the 15 August 1975 assassination and was kept locked and not opened to visitors.,,https://unb.com.bd/category/Lifestyle/bangabandhu-memorial-museum-witness-to-history-and-tragedy/56035
Main Staircase (Assassination Site of Bangabandhu),Bangabandhu Memorial Museum,Architectural Historical Site / In-Situ Relic,,Present since 1975,"32 Dhanmondi, Dhaka",Central ,,,The main staircase of the Bangabandhu Bhaban where Bangabandhu Sheikh Mujibur Rahman was killed on 15 August 1975. He descended the stairs to confront the intruding assassins and was shot on the staircase. The staircase is preserved as the primary site of the assassination.,,https://unb.com.bd/category/Lifestyle/bangabandhu-memorial-museum-witness-to-history-and-tragedy/56035 https://en.wikipedia.org/wiki/Bangabandhu_Memorial_Museum
Documents Chronicling Political Life of Bangabandhu,Bangabandhu Memorial Museum,Historical Documents / Archival Records,,Post-1994 (curated for museum),"Various (government archives, personal papers)",,,,"A collection of documents, official papers, and historical records related to Sheikh Mujibur Rahman's political life, his role in the liberation war, and post-independence governance, displayed in the museum.",,https://en.wikipedia.org/wiki/Bangabandhu_Memorial_Museum
Newspaper and Media Reports Collection,Bangabandhu Memorial Museum,Archival Media / Newspaper Clippings,,Post-1994,Various national and international newspapers,Museum Gallery,,,"A collection of newspaper clippings and media reports covering the key political milestones of Bangabandhu's life and the Bangladesh liberation movement, incorporated into the museum's exhibits.",,https://www.tripadvisor.com/Attraction_Review-g293936-d6416338-Reviews-Bangabandhu_Memorial_Museum-Dhaka_City_Dhaka_Division.html
Sheikh Russel's Photo with Sultana Kamal,Bangabandhu Memorial Museum,Photograph / Personal Memorabilia,,Post-1981,"32 Dhanmondi, Dhaka / family collection",Second Floor ,,,"A photograph of Sheikh Russell with Sultana Kamal (wife of Sheikh Kamal), preserved and displayed among Sheikh Russell's memorabilia in the museum.",,https://unb.com.bd/category/Lifestyle/bangabandhu-memorial-museum-witness-to-history-and-tragedy/56035
Audio Recording – 7th March 1971 Speech (Archive),Bangabandhu Memorial Museum,Audio Archive / Historical Recording,,Post-1994 (archive established),"Suhrawardy Udyan, Dhaka (speech delivered)",Library / Auditorium ,,,"Audio recordings of Bangabandhu Sheikh Mujibur Rahman's historic speech of 7 March 1971 at the Suhrawardy Udyan (then Race Course Ground), recognized by UNESCO as part of the Memory of the World Register. Archived and played in the museum's auditorium/library.",,https://unb.com.bd/category/Lifestyle/bangabandhu-memorial-museum-witness-to-history-and-tragedy/56035 |http://ourmujib.blogspot.com/2010/09/online-survey-5.html
Silver Filigree Model of Ahsan Manzil (pre-1888),Ahsan Manzil,Model / Filigree Artwork,Silver filigree,Collected 1970,Ahsan Manzil palace; collected by Bangladesh National Museum 1970,Gallery 1,,,A silver filigree model of Ahsan Manzil depicting the palace as it existed before the devastating tornado of 7 April 1888. Collected by Bangladesh National Museum in 1970 from Ahsan Manzil palace. One of two filigree models collected; this one is displayed in the museum (the other remains in Bangladesh National Museum collection). Explicitly described in the official history PDF: 'A silver filigree model of Ahsan Manzil with the feature existed before the tornado of 1888 A.D. has also been displayed here.',Ahsan-Manzil-3.jpeg,https://ahsanmanzil.org.bd/site/images/history.pdf
Nawab-era Crockery in Original Almirahs,Ahsan Manzil,Crockery / Domestic Ware,Ceramic / Porcelain,Collected during restoration 1986–1992,Ahsan Manzil palace / Nawab Estate Edward House,Gallery 1,,,"Crockery items used by the Nawabs, displayed in their original almirahs (wooden cabinets). The official history PDF states: 'Some crockery used by the Nawabs are shown in the original almirahs.' These are among the objects collected from Ahsan Manzil and Edward House.",Ahsan-Manzil-4.jpg,https://ahsanmanzil.org.bd/site/images/history.pdf
Photographs – Dilapidated and Reconstructed Condition of Palace,Ahsan Manzil,Photograph / Documentary Image,Photographic print,Curated for museum opening 1992,Various archives / museum records,Gallery 1,,,Photographs depicting the dilapidated state of Ahsan Manzil before restoration and its reconstructed condition after. Displayed alongside a large painting in Gallery 1. Stated in the official PDF: 'Some photographs and a big painting depict dilapidated and reconstructed condition of the palace.',Ahsan-Manzil-5.jpeg,https://ahsanmanzil.org.bd/site/images/history.pdf
Large Painting – Dilapidated and Reconstructed Palace,Ahsan Manzil,Painting / Artwork,Oil or similar paint on canvas/board,1986–1992 restoration period,Commissioned for museum display,Gallery 1,,,"A large painting depicting the dilapidated and reconstructed condition of Ahsan Manzil, displayed in Gallery 1. Mentioned in the official PDF alongside photographs: 'Some photographs and a big painting depict dilapidated and reconstructed condition of the palace.'",Ahsan-Manzil-10 (1).jpg,https://ahsanmanzil.org.bd/site/images/history.pdf
Chandelier Shades Made of Cut Glass,Ahsan Manzil,Lighting Fixture / Decorative Object,Cut glass,Collected during restoration 1986–1992,Ahsan Manzil palace / Nawab Estate Edward House,Gallery 2,,,"Beautiful specimens of chandelier shades made of cut glass, displayed in Gallery 2. Explicitly named in the official PDF: 'Some beautiful specimens of chandeliers shade made of cut glass and various utensils are also displayed here.'",Ahsan-Manzil-10.jpg,https://ahsanmanzil.org.bd/site/images/history.pdf
Various Utensils (Gallery 2 Display),Ahsan Manzil,Utensils / Domestic Ware,Not specified in source,Collected during restoration 1986–1992,Ahsan Manzil palace / Nawab Estate Edward House,Gallery 2,,,"Various utensils of the Nawab era displayed in Gallery 2, alongside chandelier shades. The official PDF states: 'Some beautiful specimens of chandeliers shade made of cut glass and various utensils are also displayed here.'",Ahsan-Manzil-15-1536x864.jpg,https://ahsanmanzil.org.bd/site/images/history.pdf
Architectural Ground Plans (Department of Architecture),Ahsan Manzil,Architectural Drawing / Document,Paper / Blueprint,Produced 1986–1992; displayed in museum,"Directorate of Architecture, Bangladesh",Gallery 2,,,"Ground plans of Ahsan Manzil made by the Department of Architecture during the palace's reconstruction, displayed in Gallery 2. The official PDF states: 'Some ground plan made by the Department of Architecture at the time of its reconstruction are also put here.'",Ahsan-Manzil14.jpg,https://ahsanmanzil.org.bd/site/images/history.pdf
Dining Room Almirahs (Large Wooden Cabinets),Ahsan Manzil,Furniture / Wooden Cabinet,Wood,"Original, collected in situ",Ahsan Manzil palace,Gallery 3,,,"Large original almirahs (wooden cabinets) in the formal dining room of the Nawabs. The official PDF explicitly states: 'Except the candle stands, all the big almirals, mirrors and utensils made of glass and porcelain are original and were used by the Nawabs.'","Archeological_Artifacts_of_Ahsan_Manzil,_Dhaka,_Bangladesh_2.jpg",https://ahsanmanzil.org.bd/site/images/history.pdf
Large Mirrors (Dining Room),Ahsan Manzil,Mirror / Decorative Object,Glass and frame,"Original, collected in situ",Ahsan Manzil palace,Gallery 3,,,"Large original mirrors in the palace formal dining room, used by the Nawabs. The official PDF states these are original items: 'all the big almirals, mirrors and utensils made of glass and porcelain are original and were used by the Nawabs.'","Archeological_Artifacts_of_Ahsan_Manzil,_Dhaka,_Bangladesh_3.jpg",https://ahsanmanzil.org.bd/site/images/history.pdf
Glass and Porcelain Utensils (Dining Room),Ahsan Manzil,Utensils / Tableware,Glass and Porcelain,Collected during restoration 1986–1992,Ahsan Manzil palace / Edward House,Gallery 3,,,"Original glass and porcelain utensils used by the Nawabs in the formal dining room. The official PDF explicitly confirms these are original: 'all the big almirals, mirrors and utensils made of glass and porcelain are original and were used by the Nawabs.' Also confirmed by huntingworldbeauty (provided link): 'glass and porcelain dishes'.","Archeological_Artifacts_of_Ahsan_Manzil,_Dhaka,_Bangladesh_4.jpg",https://ahsanmanzil.org.bd/site/images/history.pdf https://huntingworldbeauty.com/ahsan-manzil/ 
Nawab Family Photographs (Dining Room Wall),Ahsan Manzil,Photograph / Portrait,Photographic print,Collected from Edward House during restoration 1987,Nawab Estate Edward House,Gallery 3,,,"Photographs of the Nawab family and their guests hung on the walls of the formal dining room. The official PDF states: 'The photographs hanged on walls are from the album of the Nawabs, collected from the Edward House.'",default.jpg,https://ahsanmanzil.org.bd/site/images/history.pdf
Ceiling Fans (DC converted to AC),Ahsan Manzil,Mechanical Fixture / Fan,Metal / Electrical,"Original, converted for modern use",Ahsan Manzil palace,Gallery 3,,,Original ceiling fans from the Nawab era that have been converted from DC to AC electrical system for continued use. The official PDF states: 'The ceiling fans are converted to Ac from Dc. system.' They retain their original form.,download (1).jpg,https://ahsanmanzil.org.bd/site/images/history.pdf
Candle Stands (Dining Room),Ahsan Manzil,Lighting / Decorative Object,Metal (type not specified),Displayed since museum opening 1992,Not confirmed as original in source,Gallery 3,,,"Candle stands displayed in the dining room. The official PDF distinguishes these from other items: 'Except the candle stands, all the big almirals, mirrors and utensils made of glass and porcelain are original' — implying the candle stands may be replicas or newly acquired, but they are explicitly listed as part of the display.",download (2).jpg,https://ahsanmanzil.org.bd/site/images/history.pdf
Shield(s) – Round Room Ground Floor,Ahsan Manzil,Weapon / Armour,Metal (type not specified),"Original, collected in situ",Ahsan Manzil palace,Gallery 4,,,"Shields originally belonging to the Nawabs, displayed in the Round Room on the ground floor beneath the dome. The official PDF explicitly states: 'Except the marble round table all the exhibits of the gallery are original and were used by the Nawabs. Those are shield, swords, elephant skull with tusk, buffalo head with horns and wooden partition with perforated decoration.'",download (3).jpg,https://ahsanmanzil.org.bd/site/images/history.pdf https://huntingworldbeauty.com/ahsan-manzil/ 
Swords – Round Room Ground Floor,Ahsan Manzil,Weapon,Metal (steel/iron),"Original, collected in situ",Ahsan Manzil palace,Gallery 4,,,"Swords originally belonging to the Nawabs, displayed in the Round Room. The official PDF explicitly lists these as original: 'Those are shield, swords, elephant skull with tusk, buffalo head with horns and wooden partition with perforated decoration.' Also confirmed by huntingworldbeauty (provided link): 'shields, and swords'.",download (4).jpg,https://ahsanmanzil.org.bd/site/images/history.pdf https://huntingworldbeauty.com/ahsan-manzil/ 
Elephant Skull with Tusk,Ahsan Manzil,Natural History / Trophy,Bone / Ivory,"Original, collected in situ",Ahsan Manzil palace,Gallery 4,,,"An elephant skull with tusk, an original exhibit in the Round Room. The official PDF explicitly lists this: 'Those are shield, swords, elephant skull with tusk, buffalo head with horns and wooden partition with perforated decoration.' Also confirmed by huntingworldbeauty (provided link): 'elephant head skeletons'.",download (5).jpg,https://ahsanmanzil.org.bd/site/images/history.pdf https://huntingworldbeauty.com/ahsan-manzil/ 
Buffalo Head with Horns,Ahsan Manzil,Natural History / Trophy,Taxidermy / Bone,"Original, collected in situ",Ahsan Manzil palace,Gallery 4,,,"A buffalo head with horns, an original exhibit in the Round Room. The official PDF explicitly lists this: 'Those are shield, swords, elephant skull with tusk, buffalo head with horns and wooden partition with perforated decoration.'",download (6).jpg,https://ahsanmanzil.org.bd/site/images/history.pdf
Wooden Partition with Perforated Decoration,Ahsan Manzil,Decorative Woodwork / Architectural Element,Wood,"Original, collected in situ",Ahsan Manzil palace,Gallery 4,,,"A wooden partition featuring perforated decorative work, an original exhibit in the Round Room. Explicitly listed in the official PDF as one of the original items used by the Nawabs: 'wooden partition with perforated decoration.'",download (7).jpg,https://ahsanmanzil.org.bd/site/images/history.pdf
Marble Round Table – Round Room Ground Floor,Ahsan Manzil,Furniture / Table,Marble,Displayed since museum opening 1992,Ahsan Manzil palace (possibly replica),Gallery 4,,,"A marble round table in the Round Room on the ground floor. The official PDF specifically distinguishes this from the other original exhibits: 'Except the marble round table all the exhibits of the gallery are original' — indicating this table may be a replica or replacement, but it is part of the room's display.",download (8).jpg,https://ahsanmanzil.org.bd/site/images/history.pdf
Grand Wooden Staircase (Reconstructed),Ahsan Manzil,Architectural Element / Furniture,Wood,Reconstructed 1986–1992 per 1904 photograph,Ahsan Manzil palace,Gallery 5,,,"An extraordinary wooden staircase, formerly broken in parts, reconstructed according to Fritz Kapp's photograph of 1904. Its railing balusters feature cluster of grape motif decoration. The official PDF states: 'Here is an extraordinary wooden stair-case formerly broken in parts, but reconstructed according to the photograph of Fritz Kapp taken in 1904. The mind-blowing decoration used in its railing balusters is the cluster of grape motif.'",download.jpg,https://ahsanmanzil.org.bd/site/images/history.pdf
Swords – Grand Staircase,Ahsan Manzil,Weapon,Metal (steel/iron),Found in Ahsan Manzil; collected during restoration,Ahsan Manzil palace,Gallery 5,,,"Swords found in Ahsan Manzil and displayed at the Grand Staircase gallery on the ground floor. The official PDF states: 'The swords, shields and spears exhibited here were found in the Ahsan Manzil.'",images (1).jpg,https://ahsanmanzil.org.bd/site/images/history.pdf
Shields – Grand Staircase,Ahsan Manzil,Weapon / Armour,Metal,Found in Ahsan Manzil; collected during restoration,Ahsan Manzil palace,Gallery 5,,,"Shields found in Ahsan Manzil and displayed at the Grand Staircase gallery. The official PDF states: 'The swords, shields and spears exhibited here were found in the Ahsan Manzil.'",images.jpg,https://ahsanmanzil.org.bd/site/images/history.pdf
Spears – Grand Staircase,Ahsan Manzil,Weapon,Metal / Wood,Found in Ahsan Manzil; collected during restoration,Ahsan Manzil palace,Gallery 5,,,"Spears found in Ahsan Manzil and displayed at the Grand Staircase gallery. The official PDF states: 'The swords, shields and spears exhibited here were found in the Ahsan Manzil.'",the-ahsan-manzil-museum-at-the-former-palace-of-the-nawab-of-dhaka-in-old-dhaka-bangladesh-2S0YT1Y.jpg,https://ahsanmanzil.org.bd/site/images/history.pdf
Door with South-East Asian Style Wood Carving,Ahsan Manzil,Architectural Element / Decorative Woodwork,Wood (carved),Found in Ahsan Manzil; collected during restoration,Ahsan Manzil palace,Gallery 5,,,"A door decorated with South-East Asian style wood carving, found in Ahsan Manzil and displayed in the Grand Staircase gallery. The official PDF states: 'A door, tastefully decorated with south-east Asian style of wood carving has also been displayed here.'",the-ludges-putting-room.jpg,https://ahsanmanzil.org.bd/site/images/history.pdf
Medical Equipment – Sir Ahsanullah Jubilee Memorial Hospital,Ahsan Manzil,Medical Equipment,Metal / Other (type not specified),Found when government acquired Ahsan Manzil (1985),Ahsan Manzil (hospital premises),Gallery 6,,,"Medical equipment from the Sir Ahsanullah Jubilee Memorial Hospital, established by Nawabzadi Akhtar Banoo Begum (daughter of Nawab Khwaja Ahsanullah) and opened on 9 July 1935. The official PDF states: 'Some medical equipments and patient list register were found when the Government acquired Ahsan Manzil and out of those a few are displayed in this gallery.'",,https://ahsanmanzil.org.bd/site/images/history.pdf
Patient List Register – Sir Ahsanullah Jubilee Memorial Hospital,Ahsan Manzil,Document / Register / Administrative Record,Paper / Bound book,Found when government acquired Ahsan Manzil (1985),Ahsan Manzil (hospital premises),Gallery 6,,,A patient list register from the Sir Ahsanullah Jubilee Memorial Hospital. The official PDF explicitly names this item: 'Some medical equipments and patient list register were found when the Government acquired Ahsan Manzil and out of those a few are displayed in this gallery.',,https://ahsanmanzil.org.bd/site/images/history.pdf
Large Oil Painting – All India Muslim League Conference 1906,Ahsan Manzil,Painting / Artwork,Oil on canvas,Commissioned/acquired for museum 1986–1992,Commissioned for museum,Gallery 7,,,A large oil painting depicting the leaders who attended the All India Muslim League Conference in Dhaka in 1906. The official PDF states: 'A large oil painting of the leaders who attended the Conference in 1906 in Dhaka is hung here.' This is displayed in the former Darbar Hall of the Nawabs.,,https://ahsanmanzil.org.bd/site/images/history.pdf
Original Objects Used by the Nawabs (Muslim League Gallery),Ahsan Manzil,Personal Effects / Objects (Nawab),Not specified in source,Collected during restoration 1986–1992,Ahsan Manzil palace / Edward House,Gallery 7,,,"Various original objects used by the Nawabs, exhibited in the Muslim League Gallery (former Darbar Hall). The official PDF states: 'Some original object used by the Nawabs are also exhibited.' These are unspecified objects beyond the octagonal table.",,https://ahsanmanzil.org.bd/site/images/history.pdf
Octagonal Table with Tortoise-Shaped Leg (from Italy),Ahsan Manzil,Furniture / Table,Wood / carved (imported from Italy),"Original, collected in situ",Imported from Italy; found in Ahsan Manzil,Gallery 7,,,"A unique octagonal table with tortoise-shaped legs, imported from Italy, displayed in the Muslim League Gallery. The official PDF explicitly describes it: 'A unique octagonal table with tortoise shaped leg from Italy has also been displayed here.'",,https://ahsanmanzil.org.bd/site/images/history.pdf
Billiard Table (Remade),Ahsan Manzil,Furniture / Sports Equipment,Wood / Slate / Felt,Remade 1986–1992,Remade for museum per 1904 photograph,Gallery 8,,,"A billiard table remade according to the photograph of 1904 taken by Fritz Kapp. The official PDF states: 'This gallery has been arranged on the basis of photograph taken in 1904 with remade billiard table, light fittings, sofa etc.'",,https://ahsanmanzil.org.bd/site/images/history.pdf
Animal Skulls with Horns (Billiard Room Walls),Ahsan Manzil,Natural History / Trophy Collection,Bone / Horn,"Original, collected in situ",Ahsan Manzil palace,Gallery 8,,,"Skulls with horns of various animals collected by the Nawabs, exhibited on the walls of the Billiard Room. The official PDF states: 'Skull with horns of various animals collected by the Nawabs are exhibited on walls.'",,https://ahsanmanzil.org.bd/site/images/history.pdf
"Large Iron Chest – 94 Drawers (Chubb's Patent Safe Deposit, London)",Ahsan Manzil,Safe / Strong Box / Chest,Iron / Metal,"Original, collected in situ",Ahsan Manzil palace (chest/coffer room),Gallery 9,,,"A very large iron chest containing 94 drawers, manufactured by Chubb's Patent Safe Deposit of London. The official PDF explicitly describes it: 'The very big iron chest holding 94 drawers is an interesting exhibit of this room and its manufacturer was Chubb's patent safe deposit, London.' This is one of the most notable exhibits of the museum. Also confirmed by huntingworldbeauty (provided link): 'large iron chests'.",,https://ahsanmanzil.org.bd/site/images/history.pdf https://huntingworldbeauty.com/ahsan-manzil/ 
Medium and Small Iron Safes,Ahsan Manzil,Safe / Strong Box,Iron / Metal,"Original, collected in situ",Ahsan Manzil palace,Gallery 9,,,Medium and small iron safes displayed in the Chest Room. The official PDF states: 'The exhibited medium and small sizes iron safe and wooden almirahs are the original objects used by the Nawabs.',,https://ahsanmanzil.org.bd/site/images/history.pdf
Wooden Almirahs (Chest Room),Ahsan Manzil,Furniture / Storage Cabinet,Wood,"Original, collected in situ",Ahsan Manzil palace,Gallery 9,,,Original wooden almirahs (cabinets) displayed in the Chest Room. The official PDF states: 'The exhibited medium and small sizes iron safe and wooden almirahs are the original objects used by the Nawabs.',,https://ahsanmanzil.org.bd/site/images/history.pdf
Life-Size Oil Portrait – Nawab Khwaja Abdul Ghani,Ahsan Manzil,Portrait / Oil Painting,Oil on canvas,Displayed since museum opening 1992,Nawab Estate / commissioned for museum,Gallery 10,,,"A life-size oil painting portrait of Nawab Khwaja Abdul Ghani (builder of the palace), displayed with his biography. The official PDF states: 'With life-size oil paintings of Nawab Khwaja Abdul Ghani, Nawab Khawaja Ahsanullah and Nawab Khwaja Salimullah with their biographies also given in short.'",,https://ahsanmanzil.org.bd/site/images/history.pdf
Life-Size Oil Portrait – Nawab Khwaja Ahsanullah,Ahsan Manzil,Portrait / Oil Painting,Oil on canvas,Displayed since museum opening 1992,Nawab Estate / commissioned for museum,Gallery 10,,,"A life-size oil painting portrait of Nawab Khwaja Ahsanullah (after whom the palace is named), displayed with his biography. Explicitly listed in the official PDF.",,https://ahsanmanzil.org.bd/site/images/history.pdf
Life-Size Oil Portrait – Nawab Khwaja Salimullah,Ahsan Manzil,Portrait / Oil Painting,Oil on canvas,Displayed since museum opening 1992,Nawab Estate / commissioned for museum,Gallery 10,,,"A life-size oil painting portrait of Nawab Khwaja Salimullah (founder of the All India Muslim League meeting), displayed with his biography. Explicitly listed in the official PDF.",,https://ahsanmanzil.org.bd/site/images/history.pdf
Portrait – Nawab Habibullah,Ahsan Manzil,Portrait,Not specified in source,Displayed since museum opening 1992,Nawab Estate,Gallery 10,,,"Portrait of Nawab Habibullah displayed in Gallery 10. The official PDF states: 'Besides these, portraits of Nawab Habibullah, Khwaja Nazimuddin and Nawab Khwaja Mohammad Yousufjan are shown here.'",,https://ahsanmanzil.org.bd/site/images/history.pdf
Portrait – Khwaja Nazimuddin,Ahsan Manzil,Portrait,Not specified in source,Displayed since museum opening 1992,Nawab Estate,Gallery 10,,,Portrait of Khwaja Nazimuddin displayed in Gallery 10. Explicitly listed in the official PDF alongside other Nawab family portraits.,,https://ahsanmanzil.org.bd/site/images/history.pdf
Portrait – Nawab Khwaja Mohammad Yousufjan,Ahsan Manzil,Portrait,Not specified in source,Displayed since museum opening 1992,Nawab Estate,Gallery 10,,,Portrait of Nawab Khwaja Mohammad Yousufjan displayed in Gallery 10. Explicitly listed in the official PDF alongside other Nawab family portraits.,,https://ahsanmanzil.org.bd/site/images/history.pdf
Genealogical Tree of Dhaka Nawab Family,Ahsan Manzil,Document / Genealogical Chart,Paper / Panel display,Compiled for museum 1986–1992,Compiled from Nawab Estate records,Gallery 10,,,A detailed genealogical tree of the Dhaka Nawab family displayed in Gallery 10. The official PDF states: 'A genealogical tree of the Dhaka Nawab family in details is shown here.',,https://ahsanmanzil.org.bd/site/images/history.pdf
Personal Diary of Nawab Khwaja Ahsanullah,Ahsan Manzil,Personal Document / Diary,Paper / Bound book,Collected from Edward House 1987,Nawab Estate Edward House,Gallery 10,,,Personal diary of Nawab Khwaja Ahsanullah displayed in Gallery 10. The official PDF explicitly names this: 'Some personal diary and land lease deeds of Nawab Khwaja Ahsanullah are also displayed here.',,https://ahsanmanzil.org.bd/site/images/history.pdf
Land Lease Deeds of Nawab Khwaja Ahsanullah,Ahsan Manzil,Legal Document / Deed,Paper / Parchment,Collected from Edward House 1987,Nawab Estate Edward House,Gallery 10,,,"Land lease deeds belonging to Nawab Khwaja Ahsanullah, displayed in Gallery 10. The official PDF explicitly names these: 'Some personal diary and land lease deeds of Nawab Khwaja Ahsanullah are also displayed here.'",,https://ahsanmanzil.org.bd/site/images/history.pdf
Porcelain and Glass Wares (Corner Staircase Room),Ahsan Manzil,Crockery / Tableware,Porcelain and Glass,Collected during restoration 1986–1992,Ahsan Manzil palace / Edward House,Gallery 10A,,,"Various types of porcelain and glass wares used by the Nawabs, displayed in the Corner Staircase Room with two very big almirahs. The official PDF states: 'Different types of porcelain and glass wares used by the Nawabs are displayed here with two very big almirahs.'",,https://ahsanmanzil.org.bd/site/images/history.pdf
Two Very Big Almirahs (Corner Staircase Room),Ahsan Manzil,Furniture / Storage Cabinet,Wood,"Original, collected in situ",Ahsan Manzil palace,Gallery 10A,,,Two very large almirahs (wooden cabinets) displayed in the Corner Staircase Room alongside porcelain and glass wares. The official PDF states: 'Different types of porcelain and glass wares used by the Nawabs are displayed here with two very big almirahs.',,https://ahsanmanzil.org.bd/site/images/history.pdf
"Oil Portraits – Contemporary Politicians, Landlords, Social Reformers, Educationists",Ahsan Manzil,Portrait / Oil Painting (Collection),Oil on canvas,Collected for museum 1986–1992,Nawab Estate / various sources,Gallery 11,,,"Portraits in oil painting of politicians, landlords, social reformers, and educationists contemporary to the Nawabs of Dhaka, displayed in Gallery 11. The official PDF states: 'Portraits in oil painting of the politicians, landlords, social reformers and educationst of the contemporary period of the Nawabs are hung here.'",,https://ahsanmanzil.org.bd/site/images/history.pdf
Coins of the Nawab Period,Ahsan Manzil,Numismatic / Coin,Metal (gold/silver/copper — type not specified),Collected during restoration 1986–1992,Ahsan Manzil palace / Nawab Estate,Gallery 11,,,Coins from the Nawab period displayed in Gallery 11. The official PDF states: 'Some coins and medals used by the Nawabs are also shown here.',,https://ahsanmanzil.org.bd/site/images/history.pdf
Medals Used by the Nawabs,Ahsan Manzil,Medal / Decoration,Metal (type not specified),Collected during restoration 1986–1992,Ahsan Manzil palace / Nawab Estate,Gallery 11,,,"Medals belonging to and used by the Nawabs, displayed in Gallery 11. The official PDF states: 'Some coins and medals used by the Nawabs are also shown here.'",,https://ahsanmanzil.org.bd/site/images/history.pdf
Photographs – Nawab Salimullah and Family,Ahsan Manzil,Photograph / Documentary Image,Photographic print,Collected from Edward House 1987,Nawab Estate Edward House,Gallery 12,,,"Photographs related to Nawab Sir Salimullah and his family members, displayed in Gallery 12. The official PDF states this gallery is dedicated to him 'with related photographs, illustrated album, documents and mementos.'",,https://ahsanmanzil.org.bd/site/images/history.pdf
Illustrated Album – Nawab Salimullah,Ahsan Manzil,Album / Illustrated Document,Paper / Bound album,Collected from Edward House 1987,Nawab Estate Edward House,Gallery 12,,,"An illustrated album related to Nawab Sir Salimullah, displayed in Gallery 12. The official PDF explicitly lists this: 'with related photographs, illustrated album, documents and mementos.'",,https://ahsanmanzil.org.bd/site/images/history.pdf
Documents – Nawab Salimullah,Ahsan Manzil,Historical Document,Paper,Collected from Edward House 1987,Nawab Estate Edward House,Gallery 12,,,"Documents related to Nawab Sir Salimullah's activities and contributions, displayed in Gallery 12. The official PDF explicitly lists these alongside photographs and mementos.",,https://ahsanmanzil.org.bd/site/images/history.pdf
Mementos – Nawab Salimullah,Ahsan Manzil,Memento / Personal Effect,Not specified in source,Collected during restoration 1986–1992,Nawab Estate,Gallery 12,,,"Mementos related to Nawab Sir Salimullah, displayed in Gallery 12. The official PDF explicitly mentions these: 'related photographs, illustrated album, documents and mementos.'",,https://ahsanmanzil.org.bd/site/images/history.pdf
Private Letters of Nawab Salimullah,Ahsan Manzil,Personal Correspondence / Letter,Paper,Collected from Edward House 1987,Nawab Estate Edward House,Gallery 12,,,Private personal letters of Nawab Sir Salimullah displayed in Gallery 12. The official PDF explicitly names these: 'His private letters and personal belongings have also been displayed.',,https://ahsanmanzil.org.bd/site/images/history.pdf
Personal Belongings of Nawab Salimullah,Ahsan Manzil,Personal Effects,Not specified in source,Collected during restoration 1986–1992,Nawab Estate,Gallery 12,,,Personal belongings of Nawab Sir Salimullah displayed in Gallery 12. The official PDF states: 'His private letters and personal belongings have also been displayed.',,https://ahsanmanzil.org.bd/site/images/history.pdf
Official Seals with Persian Script,Ahsan Manzil,Official Seal / Administrative Object,Metal (type not specified),Collected during restoration 1986–1992,Nawab Estate,Gallery 12,,,"Official seals bearing Persian script, displayed in Gallery 12. The official PDF states: 'Some official seals with Persian script and personal belongings of them are also put here.'",,https://ahsanmanzil.org.bd/site/images/history.pdf
"Portraits – Poets, Litterateurs, Intellectuals, Scientists, Historians of Nawab Era",Ahsan Manzil,Portrait Collection,Not specified (oil or photographic),Collected for museum 1986–1992,Various sources,Gallery 13,,,"Portraits of poets, litterateurs, intellectuals, scientists, and historians of the Nawabs' era, displayed in Gallery 13. The official PDF states: 'Like gallery No.11, Portraits of poets, litterateurs, intellectuals, scientists, historians of the Nawabs' era are hung here.'",,https://ahsanmanzil.org.bd/site/images/history.pdf
Ivory Works from Ahsan Manzil,Ahsan Manzil,Decorative Object / Craft,Ivory,Found at Ahsan Manzil; some collected 1970,Found at Ahsan Manzil palace,Gallery 13,,,"Ivory works found at Ahsan Manzil, displayed in Gallery 13. The official PDF explicitly states: 'The ivory works displayed here were found at Ahsan Manzil.' Also confirmed by huntingworldbeauty (provided link) which mentions a 'cool mat made of ivory' collected in 1970.",,https://ahsanmanzil.org.bd/site/images/history.pdf https://huntingworldbeauty.com/ahsan-manzil/ 
"Hindustani Room Furniture (Table, Chair, Showcase – Remade)",Ahsan Manzil,Furniture (Remade),Wood / other,Remade 1986–1992,Remade for museum per 1904 photograph,Gallery 14,,,"Table, chair, showcase and other furniture in the Hindustani Room, remade in accordance with Fritz Kapp's photograph of 1904. The official PDF states: 'Table, Chair, showcase and other furniture and wallpaper are made in accordance to photograph of 1904.'",,https://ahsanmanzil.org.bd/site/images/history.pdf
Objects Similar to Other Ahsan Manzil Items (Hindustani Room),Ahsan Manzil,Decorative / Household Objects,Not specified in source,Collected for museum 1986–1992,Collected to match Ahsan Manzil context,Gallery 14,,,Objects collected to match and complement the other items of Ahsan Manzil for display in the Hindustani Room. The official PDF states: 'Some objects are collected keeping similarity with other ones of Ahsan Manzil.',,https://ahsanmanzil.org.bd/site/images/history.pdf
Decorated Wooden Ceiling (First Floor Staircase),Ahsan Manzil,Architectural Element,Wood (decorated),"Original, repaired during 1986–1992 restoration",Ahsan Manzil palace,Gallery 15,,,"The decorated wooden ceiling at the Grand Staircase on the first floor, an original item repaired during restoration. The official PDF states: 'The decorated wooden ceiling and hanging crystal lamps are original but repaired.'",,https://ahsanmanzil.org.bd/site/images/history.pdf
Hanging Crystal Lamps (First Floor Staircase),Ahsan Manzil,Lighting Fixture / Lamp,Crystal / Glass,"Original, repaired during 1986–1992 restoration",Ahsan Manzil palace,Gallery 15,,,"Hanging crystal lamps at the Grand Staircase on the first floor, original items repaired during restoration. The official PDF states: 'The decorated wooden ceiling and hanging crystal lamps are original but repaired.'",,https://ahsanmanzil.org.bd/site/images/history.pdf
Nawab Family Photographs (First Floor Staircase Walls),Ahsan Manzil,Photograph / Portrait,Photographic print,Collected for museum 1986–1992,Album of the Nawabs (collection source not further specified),Gallery 15,,,Photographs of the Nawab family hung on the walls of the first-floor Grand Staircase. The official PDF states: 'The photographs on the wall are from the album of the Nawabs.',,https://ahsanmanzil.org.bd/site/images/history.pdf
Spears – First Floor Grand Staircase,Ahsan Manzil,Weapon,Metal / Wood,Found in palace; collected during restoration,Ahsan Manzil palace,Gallery 15,,,"Spears found in Ahsan Manzil palace, displayed at the first-floor Grand Staircase. The official PDF states: 'Spear, shields and other weapons displayed here were found in this palace.'",,https://ahsanmanzil.org.bd/site/images/history.pdf
Shields – First Floor Grand Staircase,Ahsan Manzil,Weapon / Armour,Metal,Found in palace; collected during restoration,Ahsan Manzil palace,Gallery 15,,,"Shields found in Ahsan Manzil palace, displayed at the first-floor Grand Staircase. The official PDF states: 'Spear, shields and other weapons displayed here were found in this palace.'",,https://ahsanmanzil.org.bd/site/images/history.pdf
Other Weapons – First Floor Grand Staircase,Ahsan Manzil,Weapon (Unspecified types),Metal / Wood,Found in palace; collected during restoration,Ahsan Manzil palace,Gallery 15,,,"Various other weapons found in Ahsan Manzil palace and displayed at the first-floor Grand Staircase. The official PDF states: 'Spear, shields and other weapons displayed here were found in this palace.'",,https://ahsanmanzil.org.bd/site/images/history.pdf
"Books on Law, Justice, Novel, Science, Sports etc. (1000+ volumes)",Ahsan Manzil,Books / Library Collection,Paper / Leather bound,Purchased from Edward House 1987,Nawab Estate Edward House,Gallery 16,,,"More than one thousand books collected by the Nawabs, covering subjects including law and justice, novels, science, and sports, purchased from Edward House and displayed in the Library Room. The official PDF states: 'The Nawabs collected different types of books. Of these more than one thousand books on law and justice, novel, science, sports etc. and albums have been purchased from Edward House and are displayed.'",,https://ahsanmanzil.org.bd/site/images/history.pdf
Albums (Library Collection),Ahsan Manzil,Album / Illustrated Collection,Paper / Bound album,Purchased from Edward House 1987,Nawab Estate Edward House,Gallery 16,,,"Albums from the Nawab family collection, purchased from Edward House and displayed in the Library Room. The official PDF explicitly lists albums alongside books: 'more than one thousand books on law and justice, novel, science, sports etc. and albums have been purchased from Edward House.'",,https://ahsanmanzil.org.bd/site/images/history.pdf
Stained Glass Sheets on Windows (Library Room),Ahsan Manzil,Architectural Element / Decorative Glass,Stained glass,Refixed during 1986–1992 restoration,Ahsan Manzil palace,Gallery 16,,,"Stained glass (coloured glass) sheets on the windows of the Library Room, fixed anew like the originals during restoration. The official PDF states: 'The stained glass (color glass) sheets on windows are fixed anew like the old ones.'",,https://ahsanmanzil.org.bd/site/images/history.pdf
Card Room Utensils (Original from Ahsan Manzil and Edward House),Ahsan Manzil,Utensils / Household Objects,Various (not specified),Collected from Ahsan Manzil and Edward House 1987,Ahsan Manzil palace and Nawab Estate Edward House,Gallery 17,,,"Various utensils from the Nawab era, almost all original, collected from either Ahsan Manzil or Edward House and displayed in the Card Room. The official PDF states: 'Almost all the utensils are original and collected from either Ahsan Manzil or Edward House.'",,https://ahsanmanzil.org.bd/site/images/history.pdf
Chinitikery Floor Decoration (Broken Porcelain Chips),Ahsan Manzil,Architectural Element / Floor Decoration,Broken porcelain / ceramic chips,Reconstructed 1986–1992,Ahsan Manzil palace (original broken materials),Gallery 17,,,"Chinitikery floor decoration using broken porcelain chips, reconstructed according to old broken materials from the original floor. The official PDF states: 'The chinitikery decoration (broken porcelain chips) on the floor and stained glass sheets decoration on windows are also reconstructed according to old broken materials.'",,https://ahsanmanzil.org.bd/site/images/history.pdf
Stained Glass Window Decoration (Card Room),Ahsan Manzil,Architectural Element / Decorative Glass,Stained glass,Reconstructed 1986–1992,Ahsan Manzil palace (original broken materials),Gallery 17,,,"Stained glass sheet decorations on windows of the Card Room, reconstructed according to old broken materials. The official PDF states: 'stained glass sheets decoration on windows are also reconstructed according to old broken materials.'",,https://ahsanmanzil.org.bd/site/images/history.pdf
Imaginary Oil Painting – Foundation of Water Works Ceremony (1874),Ahsan Manzil,Painting / Artwork (Imaginary),Oil on canvas,Commissioned 1986–1992,Commissioned for museum,Gallery 18,,,"An imaginary oil painting created to depict the ceremonious event of the foundation stone laying of Dhaka's first filtered water works on 6 April 1874, by then Viceroy of India Lord Northbrook. The official PDF states: 'An imaginary oil painting has been made to show the ceremonious event of the time.'",,https://ahsanmanzil.org.bd/site/images/history.pdf
Brass Bedstead (State Bedroom),Ahsan Manzil,Furniture / Bed,Brass,"Original, collected in situ",Ahsan Manzil palace (State Bedroom),Gallery 19,,,"A brass bedstead displayed in the State Bedroom (for royal guests including Viceroys and Governors). The official PDF explicitly identifies the brass bedstead as an original item: 'The furniture, other than bed stead made of brass are made like original.' — meaning the brass bedstead is original while other furniture is remade.",,https://ahsanmanzil.org.bd/site/images/history.pdf
Utensils and Other Objects (State Bedroom),Ahsan Manzil,Utensils / Personal Effects,Various (not specified),Collected from Ahsan Manzil and Edward House 1987,Ahsan Manzil palace and Nawab Estate Edward House,Gallery 19,,,Utensils and other objects from the State Bedroom taken from Ahsan Manzil and Edward House. The official PDF states: 'Moreover utensils and most of other objects are taken from Ahsan Manzil and Edward House.',,https://ahsanmanzil.org.bd/site/images/history.pdf
Imaginary Oil Painting – Opening Ceremony of Electric Supply (1901),Ahsan Manzil,Painting / Artwork (Imaginary),Oil on canvas,Commissioned 1986–1992,Commissioned for museum,Gallery 20,,,"An imaginary oil painting depicting the opening ceremony of the first electric supply in Dhaka by Nawab Khwaja Ahsanullah in 1901, inaugurated by Mr. C. Bolton, Member of the Revenue Board. The official PDF states: 'An imaginary oil painting has been displayed to show the opening ceremony of electric supply.'",,https://ahsanmanzil.org.bd/site/images/history.pdf
Expenditure List – Dhaka Nawab Estate Charities and Public Welfare,Ahsan Manzil,Document / Panel Display / Administrative Record,Panel (paper / printed),Compiled for museum 1986–1992,Dhaka Nawab Estate records,Gallery 20,,,Panel display showing a list of expenditure incurred by the Dhaka Nawab Estate on charities and public welfare in Bangladesh and abroad. The official PDF states: 'A list of expenditure incurred by the Dhaka Nawab Estate on charities and public welfare in home and abroad are also shown here on panels.',,https://ahsanmanzil.org.bd/site/images/history.pdf
Big Bowl-Shaped Hanging Light of Cut Glass (Drawing Room),Ahsan Manzil,Lighting Fixture / Chandelier,Cut glass,"Original, collected in situ",Ahsan Manzil palace (drawing room),Gallery 21,,,A large bowl-shaped hanging light made of cut glass in the Palace Drawing Room — an original item. The official PDF explicitly identifies it as original: 'The big bowl shaped hanging light made of cut-glass is original one.',,https://ahsanmanzil.org.bd/site/images/history.pdf
Two Old Large Mirrors (Drawing Room),Ahsan Manzil,Mirror / Decorative Object,Glass and frame,"Original, collected in situ",Ahsan Manzil palace,Gallery 21,,,"Two old large mirrors in the Palace Drawing Room, which are original. The official PDF explicitly states these are original while distinguishing them from remade furniture: 'Except two old big mirrors other furniture are made like originals.'",,https://ahsanmanzil.org.bd/site/images/history.pdf
DC-Type Fans (Drawing Room),Ahsan Manzil,Mechanical Fixture / Fan,Metal / Electrical,Collected for museum 1986–1992,Collected (source not specified in PDF),Gallery 21,,,Old DC-type fans hung in the Drawing Room to recreate the atmosphere of the past. The official PDF states: 'Collected old Dc. type fans are hung here to give effect of the past.',,https://ahsanmanzil.org.bd/site/images/history.pdf
Utensils and Flower Vases (Drawing Room),Ahsan Manzil,Utensils / Decorative Vases,"Various (glass, porcelain, metal — type not specified)",Collected from Ahsan Manzil and Edward House 1987,Ahsan Manzil palace and Nawab Estate Edward House,Gallery 21,,,"Utensils and flower vases displayed in the Palace Drawing Room, collected from Ahsan Manzil and Edward House. The official PDF states: 'Most of the utensils and flower vase are collected from Ahsan Manzil and Edward House.' Also confirmed by huntingworldbeauty (provided link): 'various types of vases'.",,https://ahsanmanzil.org.bd/site/images/history.pdf https://huntingworldbeauty.com/ahsan-manzil/ 
Arms and Armour Collection (Round Room First Floor),Ahsan Manzil,Weapons / Armour Collection,Metal (type not specified),Found in Ahsan Manzil; collected during restoration,Ahsan Manzil palace,Gallery 22,,,"Arms and armour from Ahsan Manzil, exhibited in the Round Room on the first floor. The official PDF states: 'Except the marble round table all the exhibited arms and amours of this gallery are from Ahsan Manzil.' Confirmed also by huntingworldbeauty (provided link): 'shields, and swords'.",,https://ahsanmanzil.org.bd/site/images/history.pdf https://huntingworldbeauty.com/ahsan-manzil/ 
Marble Round Table (Round Room First Floor),Ahsan Manzil,Furniture / Table,Marble,Displayed since museum opening 1992,Ahsan Manzil palace (possibly replacement),Gallery 22,,,A marble round table in the Round Room on the first floor. The official PDF specifically distinguishes it from the original arms and armour: 'Except the marble round table all the exhibited arms and amours of this gallery are from Ahsan Manzil.' — indicating the marble table may be a replacement.,,https://ahsanmanzil.org.bd/site/images/history.pdf
Decorative Silver Throne Chair,Ahsan Manzil,Furniture / Throne,Silver (decorative),"Original, collected in situ",Ahsan Manzil palace (ballroom),Gallery 23,,,"A decorative silver throne chair displayed in the Ball Room (Ballroom). The official PDF explicitly states it is an original: 'The decorative silver throne chair, the crystal chair-tables and the flower vases are original.' Also confirmed by huntingworldbeauty (provided link): 'thrones'.",,https://ahsanmanzil.org.bd/site/images/history.pdf https://huntingworldbeauty.com/ahsan-manzil/ 
Crystal Chair-Tables,Ahsan Manzil,Furniture (Chairs and Tables),Crystal / Glass,"Original, collected in situ",Ahsan Manzil palace (ballroom),Gallery 23,,,"Crystal chairs and tables displayed in the Ball Room — original items. The official PDF explicitly confirms these are original: 'The decorative silver throne chair, the crystal chair-tables and the flower vases are original.' Also confirmed by huntingworldbeauty (provided link): 'crystal chairs and tables'.",,https://ahsanmanzil.org.bd/site/images/history.pdf https://huntingworldbeauty.com/ahsan-manzil/ 
Flower Vases (Ball Room),Ahsan Manzil,Decorative Object / Vase,"Not specified (glass, porcelain, or metal)","Original, collected in situ",Ahsan Manzil palace (ballroom),Gallery 23,,,"Flower vases displayed in the Ball Room — original items. The official PDF explicitly confirms these are original: 'The decorative silver throne chair, the crystal chair-tables and the flower vases are original.'",,https://ahsanmanzil.org.bd/site/images/history.pdf
Imaginary Large Oil Painting – Singing and Dancing Scene (Ballroom),Ahsan Manzil,Painting / Artwork (Imaginary),Oil on canvas,Commissioned 1986–1992,Commissioned for museum,Gallery 23,,,"A large imaginary oil painting depicting singing and dancing scenes from the ballroom era of the Nawabs, placed in the Ball Room to evoke the past. The official PDF states: 'An imaginary large oil painting of such singing and dancing scenes are placed here to throw some light on the past.'",,https://ahsanmanzil.org.bd/site/images/history.pdf
Cool Mat Made of Ivory,Ahsan Manzil,Textile / Mat / Luxury Object,Ivory,Collected by Bangladesh National Museum 1970,Ahsan Manzil palace,Not specified (collection item),,,"A cool mat made of ivory, collected by Bangladesh National Museum from Ahsan Manzil palace in 1970. The official PDF states: 'Bangladesh National Museum had collected some relics from Ahsan Manzil palace in 1970. Among those, two filigree model of this palace, one grand piano and a cool mat made of ivory are mentionable.' This item remains in Bangladesh National Museum collection (not the displayed filigree model).",,https://ahsanmanzil.org.bd/site/images/history.pdf
Grand Piano,Ahsan Manzil,Musical Instrument,Wood / Metal / Ivory keys,Collected by Bangladesh National Museum 1970,Ahsan Manzil palace,Not specified (collection item),,,"A grand piano collected by Bangladesh National Museum from Ahsan Manzil palace in 1970. The official PDF states: 'Bangladesh National Museum had collected some relics from Ahsan Manzil palace in 1970. Among those, two filigree model of this palace, one grand piano and a cool mat made of ivory are mentionable.'",,https://ahsanmanzil.org.bd/site/images/history.pdf
Silver Filigree Model of Ahsan Manzil (Second – In National Museum),Ahsan Manzil,Model / Filigree Artwork,Silver filigree,Collected by Bangladesh National Museum 1970,Ahsan Manzil palace,Not specified (National Museum collection),,,"The second silver filigree model of Ahsan Manzil (depicting the palace before the 1888 tornado) collected in 1970. The official PDF states two were collected; one is displayed in Ahsan Manzil Museum (AM-G01-001), the other remains in Bangladesh National Museum: 'Out of two filigree model one is being displayed in Ahsan Manzil Museum.'",,https://ahsanmanzil.org.bd/site/images/history.pdf
22 Listed Items from Nawab Estate Edward House (Batch Purchase 1987),Ahsan Manzil,Mixed (22 listed items — see individual gallery entries),Various,Purchased by Bangladesh National Museum 1987,"Nawab Estate Office, Edward House, Dhaka",Distributed across galleries,,,A batch of 22 listed items collected from the Nawab Estate Office at Edward House through purchase in 1987. These were valuable articles shifted from Ahsan Manzil to Edward House when the palace fell into dilapidated condition in the 1970s. The official PDF states: 'In 1987 the Museum authorities collected 22 listed items from that lot through purchase.' These items are distributed across the museum galleries. Individual items within this batch that are specifically named in the PDF are catalogued in their respective gallery entries above.,,https://ahsanmanzil.org.bd/site/images/history.pdf
Sound Dish (Sound Reflection Exhibit),National Museum of Science and Technology,Interactive Exhibit,Metal / Electronics,Contemporary,"Agargaon, Dhaka",Space Science Gallery,,NMST Own Collection,Demonstrates reflection of sound and how radio receivers (radio yantra) work. Shows how sound waves behave similarly to radio waves in reception.,,https://nmst.gov.bd/pages/static-pages/6922e097933eb65569e27ba5
Magic Vision (Newton's Gravity & Relativity Monitors),National Museum of Science and Technology,Interactive Exhibit,Electronics / Display,Contemporary,"Agargaon, Dhaka",Space Science Gallery,,NMST Own Collection,Contains two monitors displaying documentary films on Newton's universal law of gravitation and Einstein's Theory of Relativity.,,https://nmst.gov.bd/pages/static-pages/6922e097933eb65569e27ba5
Touch the Fruit (Concave Mirror Focus Exhibit),National Museum of Science and Technology,Interactive Exhibit,Mirror / Optics,Contemporary,"Agargaon, Dhaka",Space Science Gallery,,NMST Own Collection,Demonstrates that an object placed at the principal focus of a concave mirror creates a real image that appears wherever the mirror faces — regardless of where the mirror is positioned.,,https://nmst.gov.bd/pages/static-pages/6922e097933eb65569e27ba5
Display Phone (Video Phone Exhibit),National Museum of Science and Technology,Interactive Exhibit,Electronics,Contemporary,"Agargaon, Dhaka",Space Science Gallery,,NMST Own Collection,"Two display screens through which visitors can view images and talk to each other, demonstrating video telephony technology.",,https://nmst.gov.bd/pages/static-pages/6922e097933eb65569e27ba5
Magic Kettle (Continuous Boiling Water Illusion),National Museum of Science and Technology,Interactive Exhibit,Metal / Water,Contemporary,"Agargaon, Dhaka",Space Science Gallery,,NMST Own Collection,"Designed to develop visitors' thinking ability, this exhibit shows a scene of water continuously pouring from a kettle using an optical/hydraulic trick.",,https://nmst.gov.bd/pages/static-pages/6922e097933eb65569e27ba5
Balance Testing (Ear Balance Organ),National Museum of Science and Technology,Interactive Exhibit,Electronics / Sensor,Contemporary,"Agargaon, Dhaka",Space Science Gallery,,NMST Own Collection,The human balance organ is the ear. This exhibit demonstrates how long a person can maintain their balance with the help of their ears.,,https://nmst.gov.bd/pages/static-pages/6922e097933eb65569e27ba5
Flight Simulator,National Museum of Science and Technology,Interactive Exhibit,Electronics / Software,Contemporary,"Agargaon, Dhaka",Space Science Gallery,,NMST Own Collection,A modern flight simulator using three combined displays. Visitors can experience piloting an aircraft through this interactive game.,,https://nmst.gov.bd/pages/static-pages/6922e097933eb65569e27ba5
Laser Show,National Museum of Science and Technology,Interactive Exhibit,Laser / Electronics,Contemporary,"Agargaon, Dhaka",Space Science Gallery,,NMST Own Collection,A short-duration video created with laser beams for the entertainment of visitors.,,https://nmst.gov.bd/pages/static-pages/6922e097933eb65569e27ba5
Spacesuit (Photo Booth),National Museum of Science and Technology,Interactive Exhibit,Photography / Costume,Contemporary,"Agargaon, Dhaka",Space Science Gallery,,NMST Own Collection,"Visitors can take a photo here and the image is placed on the face of a spacesuit-clad figure displayed on the exhibit, allowing them to imagine themselves as an astronomer in a spacesuit.",,https://nmst.gov.bd/pages/static-pages/6922e097933eb65569e27ba5
Astroculture (Space Farming Model),National Museum of Science and Technology,Scale Model,Mixed Materials,Contemporary,"Agargaon, Dhaka",Space Science Gallery,,NMST Own Collection,A model of agricultural research being conducted in outer space or on a space station.,,https://nmst.gov.bd/pages/static-pages/6922e097933eb65569e27ba5
"Space Agency (NASA, ESA, JAXA Linked Apple Computers)",National Museum of Science and Technology,Interactive Exhibit,Computers / Electronics,Contemporary,"Agargaon, Dhaka",Space Science Gallery,,NMST Own Collection,"Three Apple computers linked to international space agencies — NASA, ESA, and JAXA — through which visitors can access updated research information from those institutions.",,https://nmst.gov.bd/pages/static-pages/6922e097933eb65569e27ba5
Refracting & Reflecting Telescope Models,National Museum of Science and Technology,Scale Model,Mixed Materials,Contemporary,"Agargaon, Dhaka",Space Science Gallery,,NMST Own Collection,Models of both reflecting and refracting telescopes through which visitors can understand the internal structure of telescopes.,,https://nmst.gov.bd/pages/static-pages/6922e097933eb65569e27ba5
Space Sickness Exhibit,National Museum of Science and Technology,Interactive Exhibit,Mixed Materials,Contemporary,"Agargaon, Dhaka",Space Science Gallery,,NMST Own Collection,A sample demonstration of the type of sickness a human experiences in outer space due to the absence of gravity.,,https://nmst.gov.bd/pages/static-pages/6922e097933eb65569e27ba5
Hand-Eye Co-ordination Exhibit,National Museum of Science and Technology,Interactive Exhibit,Electronics / Sensor,Contemporary,"Agargaon, Dhaka",Space Science Gallery,,NMST Own Collection,"Demonstrates that the hand and eye are often not well co-ordinated in many tasks, showing the frequent mismatch between hand movement and visual perception.",,https://nmst.gov.bd/pages/static-pages/6922e097933eb65569e27ba5
Mission Control (Remote Astronaut Control),National Museum of Science and Technology,Interactive Exhibit,Electronics,Contemporary,"Agargaon, Dhaka",Space Science Gallery,,NMST Own Collection,Shows how an astronaut in space is controlled or monitored from Earth through mission control systems.,,https://nmst.gov.bd/pages/static-pages/6922e097933eb65569e27ba5
Moon Phases Exhibit,National Museum of Science and Technology,Interactive Exhibit,Mixed Materials,Contemporary,"Agargaon, Dhaka",Space Science Gallery,,NMST Own Collection,"A visitor can easily observe how the phases of the moon are created by the different relative positions of the Moon, Sun, and Earth.",,https://nmst.gov.bd/pages/static-pages/6922e097933eb65569e27ba5
VR Simulator Game,National Museum of Science and Technology,Interactive Exhibit,VR Electronics,Contemporary,"Agargaon, Dhaka",Space Science Gallery,,NMST Own Collection,A modern 360° VR simulator game that enhances cognitive thinking ability of visitors.,,https://nmst.gov.bd/pages/static-pages/6922e097933eb65569e27ba5
Plasma Tube,National Museum of Science and Technology,Interactive Exhibit,Glass / Plasma,Contemporary,"Agargaon, Dhaka",Space Science Gallery,,NMST Own Collection,A beam of light is visible through a gas inside a clear glass tube. The path of the light ray can be controlled by touching the tube with one's hand.,,https://nmst.gov.bd/pages/static-pages/6922e097933eb65569e27ba5
Anti-Gravity Globe,National Museum of Science and Technology,Interactive Exhibit,Globe / Electronics,Contemporary,"Agargaon, Dhaka",Space Science Gallery,,NMST Own Collection,A globe floating in the air that continuously rotates.,,https://nmst.gov.bd/pages/static-pages/6922e097933eb65569e27ba5
Whirlpool (Cyclone Vortex),National Museum of Science and Technology,Interactive Exhibit,Water / Acrylic,Contemporary,"Agargaon, Dhaka",Space Science Gallery,,NMST Own Collection,Shows the type of vortex created in the water of a river or ocean during a cyclone.,,https://nmst.gov.bd/pages/static-pages/6922e097933eb65569e27ba5
Telescope (16-inch Newtonian Reflector),National Museum of Science and Technology,Instrument / Telescope,Metal / Glass,Used until 1995,"Agargaon, Dhaka",Space Science Gallery,,NMST Own Collection,A 16-inch diameter Newtonian reflector telescope that was used in the museum's observatory until 1995.,,https://nmst.gov.bd/pages/static-pages/6922e097933eb65569e27ba5
Arch Bridge Model,National Museum of Science and Technology,Scale Model,Mixed Materials,Contemporary,"Agargaon, Dhaka",Space Science Gallery,,NMST Own Collection,A bridge made of many small pieces that demonstrates why the middle section of most bridges in Bangladesh is higher (arch structure).,,https://nmst.gov.bd/pages/static-pages/6922e097933eb65569e27ba5
Gravity Well (Kepler's Laws Model),National Museum of Science and Technology,Interactive Exhibit,Metal / Funnel,Contemporary,"Agargaon, Dhaka",Space Science Gallery,,NMST Own Collection,Shows actual proof of Kepler's laws related to the orbits of planets around a star.,,https://nmst.gov.bd/pages/static-pages/6922e097933eb65569e27ba5
Moon Map (Large-scale),National Museum of Science and Technology,Map / Chart,Printed Material,Contemporary,"Agargaon, Dhaka",Space Science Gallery,,NMST Own Collection,A large-format map of the Moon.,,https://nmst.gov.bd/pages/static-pages/6922e097933eb65569e27ba5
Anousheh Ansari Memorabilia,National Museum of Science and Technology,Artefact / Memorabilia,"Photograph, Cortpin, Badge",2006,"Agargaon, Dhaka",Space Science Gallery,,NMST Own Collection,"An autographed photograph of Anousheh Ansari, the first female space tourist, along with two cortpins (pins) and a badge.",,\
Paramecium (Model),National Museum of Science and Technology,Biological Model,Plastic / Resin,Contemporary,"Agargaon, Dhaka",Biology Gallery,,NMST Own Collection,"Paramecium is a unicellular organism and a member of the Paramecium genus; naturally a protozoan. Their body is tubular. The ventral and dorsal surfaces are very flat and smooth. Cytoplasmic streaming (cyclosis) can be seen in the cytoplasm of Paramecium. It feeds on bacteria, yeast cells, algae (algae) and other very tiny organisms.",,https://nmst.gov.bd 
Tree Fossil,National Museum of Science and Technology,Fossil,Stone / Petrified Wood,Ancient (undated),"Agargaon, Dhaka",Biology Gallery,,NMST Own Collection,A fossil of a tree — petrified wood preserved as stone — displayed to illustrate geological and biological history.,,https://nmst.gov.bd
Bony Fish Structure (Model),National Museum of Science and Technology,Biological Model,Plastic / Resin,Contemporary,"Agargaon, Dhaka",Biology Gallery,,NMST Own Collection,Osteichthyes (bony fish) include both marine and freshwater fish. Various changes can be seen in the classification of bony fish. Bony fish are divided into two main sub-classes: fleshy-finned fish (Sarcopterygii) and ray-finned fish (Actinopterygii).,,https://nmst.gov.bd
Blue Whale Skeleton,National Museum of Science and Technology,Skeleton (Real),Bone,1988,"Bay of Bengal, Bangladesh",Biology Gallery,40 feet long,Courtesy of Ministry of Forest & Environment,A real 40-foot blue whale skeleton collected and placed in the gallery courtesy of the Ministry of Forests and Environment. It was found in the Bay of Bengal during the devastating flood of 1988.,,https://nmst.gov.bd
Bacterial Cell Structure (Model),National Museum of Science and Technology,Biological Model,Plastic / Resin,Contemporary,"Agargaon, Dhaka",Biology Gallery,,NMST Own Collection,"Bacteria cells generally show one or three shapes: spherical, rod, or curved-rod. If a rod is sufficiently elongated it becomes thread-like. Many bacteria have cup-shaped cell walls and are roughly oval. This cup-shaped bacterial organism is called Bacillus.",,https://nmst.gov.bd
Ovarian Tumour (Specimen),National Museum of Science and Technology,Medical Specimen,Biological Tissue,Contemporary,"Hospital, Dhaka",Biology Gallery,Weight ~35 kg,Collected from a hospital,"A large ovarian tumour specimen weighing approximately 35 kg, collected from a hospital and preserved for display.",,https://nmst.gov.bd
Amoeba (Model — Binary Fission),National Museum of Science and Technology,Biological Model,Plastic / Resin,Contemporary,"Agargaon, Dhaka",Biology Gallery,,NMST Own Collection,"Amoeba is a unicellular microscopic organism. It constantly changes its shape. Amoeba is found in mud or muddy protein-free water, ponds and at the bottom of lakes. The average length of this unicellular organism is about 25 millimetres.",,https://nmst.gov.bd
Liver Fluke (Model),National Museum of Science and Technology,Biological Model,Plastic / Resin,Contemporary,"Agargaon, Dhaka",Biology Gallery,,NMST Own Collection,Liver fluke is a type of internal parasite. Its shape is leaf-like and flat. It is found in the liver and gall bladder of humans. It damages the liver and causes a type of disease.,,https://nmst.gov.bd
Hydra (Model),National Museum of Science and Technology,Biological Model,Plastic / Resin,Contemporary,"Agargaon, Dhaka",Biology Gallery,,NMST Own Collection,Hydra belongs to the phylum Cnidaria and the class Hydrozoa. It lives in both marine and freshwater. It has several tentacles. Its body is tubular and soft — about 10–30 mm long and 1 mm wide.,,https://nmst.gov.bd
Blood Circulation System (Model),National Museum of Science and Technology,Biological Model,Plastic / Resin,Contemporary,"Agargaon, Dhaka",Biology Gallery,,NMST Own Collection,"The blood circulatory system is composed of blood, blood vessels and the heart. The heart pumps blood through the vessel system with the help of cardiac muscle.",,https://nmst.gov.bd
Human Brain (Model),National Museum of Science and Technology,Biological Model,Plastic / Resin,Contemporary,"Agargaon, Dhaka",Biology Gallery,,NMST Own Collection,"The brain is the computer of the human body. It is divided into three parts: fore-brain (memory, hearing, vision, temperature and intelligence), mid-brain (hearing and vision) and hind-brain (body balance, blood pressure, breathing).",,https://nmst.gov.bd
Human Heart (Model),National Museum of Science and Technology,Biological Model,Plastic / Resin,Contemporary,"Agargaon, Dhaka",Biology Gallery,13 cm long x 6 cm wide,NMST Own Collection,"The human heart is about 13 cm long and 6 cm wide. It weighs about 330 grams and is pinkish in colour but red when full of blood. The human heart has 4 chambers: upper right atrium, upper left atrium, lower right ventricle and lower left ventricle.",,https://nmst.gov.bd
RNA / Ribonucleic Acid (Model),National Museum of Science and Technology,Biological Model,Plastic / Resin,Contemporary,"Agargaon, Dhaka",Biology Gallery,,NMST Own Collection,"RNA is essentially a fine single strand. Single-stranded RNA carries the genetic characteristics of various viruses. It is a type of chemical compound. With the help of ribosomes, RNA synthesises proteins from DNA.",,https://nmst.gov.bd
DNA / Deoxyribonucleic Acid (Model),National Museum of Science and Technology,Biological Model,Plastic / Resin,Contemporary,"Agargaon, Dhaka",Biology Gallery,,NMST Own Collection,DNA is a type of nucleic acid and a vital chemical substance of living things. DNA carries genetic characteristics. It comes from chromosomes and controls all cellular activities.,,https://nmst.gov.bd
Cell Division — Meiosis (Model),National Museum of Science and Technology,Biological Model,Plastic / Resin,Contemporary,"Agargaon, Dhaka",Biology Gallery,,NMST Own Collection,"Meiosis is a nuclear division skill where the number of chromosomes present in the mother nucleus is halved in each daughter nucleus. The stages are: Leptotene, Zygotene, Diplotene, Diakinesis, Metaphase-1, Anaphase-1, Telophase-1, Prophase-2, and Telophase-2.",,https://nmst.gov.bd
Cell Division — Mitosis (Model),National Museum of Science and Technology,Biological Model,Plastic / Resin,Contemporary,"Agargaon, Dhaka",Biology Gallery,,NMST Own Collection,"Mitosis is a nucleus division method in eukaryotic unicellular organisms and multicellular eukaryotic reproduction through cell division. Stages: Interphase, Prophase, Mid-prophase, Late anaphase, Early telophase and Late telophase.",,https://nmst.gov.bd
Gangetic River Dolphin (Preserved Specimen),National Museum of Science and Technology,Preserved Specimen,Taxidermy / Biological,Contemporary,Rivers of Bangladesh,Biology Gallery,,Preserved for conservation,"As a popular and newly considered species, this special dolphin has been preserved for conservation. It is found mainly in the rivers of Bangladesh and is also known as Shishu or Shushshuk.",,https://nmst.gov.bd
Linotype Composing Machine,National Museum of Science and Technology,Historic Machine,Metal / Mechanical,Late 19th century (invented by Ottmar Mergenthaler),"Agargaon, Dhaka",Technology Gallery,,Donated by Ananda Bazar Patrika (Suresh Chandra Majumdar) for Bangla keyboard activation,"Before printing, text had to be composed — letters arranged one by one. Ottmar Mergenthaler invented the mechanical typesetting machine. This Linotype machine has a keyboard like a typewriter. The machine casts an entire metal line (slug) by pressing keys. Notable: Suresh Chandra Majumdar of Ananda Bazar Patrika's donation for activating the Bangla keyboard on this machine is unforgettable.",,https://nmst.gov.bd
Pulley (Simple Machine),National Museum of Science and Technology,Interactive Exhibit / Machine,Metal,Contemporary,"Agargaon, Dhaka",Technology Gallery,,NMST Own Collection,"A pulley is a grooved wheel that rotates freely around an axle. A rope hangs on either side of the groove. By tying a heavy object to one end and pulling the other end, the object can be lifted. There are two types of pulley: fixed and movable. A fixed pulley does not give mechanical advantage; it only changes the direction of force. A movable pulley changes both direction and gives mechanical advantage.",,https://nmst.gov.bd
Radar Antenna & Radar Display,National Museum of Science and Technology,Instrument / Technology,Metal / Electronics,Contemporary,"Agargaon, Dhaka",Technology Gallery,,NMST Own Collection,"Used to locate aeroplanes, rockets, etc. within a specific area. Detection information is obtained from the display.",,https://nmst.gov.bd
Ancient Printing Press (Gutenberg-type),National Museum of Science and Technology,Historic Machine,Metal / Wood,1893 (this version); original 1450 CE,"Agargaon, Dhaka",Technology Gallery,,NMST Own Collection,"Johann Gutenberg invented the printing machine. He initially carved images on wooden blocks and printed playing cards. He then carved images and brief biographies of great men onto large wooden blocks and printed them. In 1450 CE he opened the first printing press and in 1455 CE the first book (the Bible) was printed. In 1822, Arthur and William Cope Accibian Press made an improved machine, one of which is kept in the Dhaka City Museum. An improved version of that machine from 1893 is now displayed in the Science Museum.",,https://nmst.gov.bd
Electron Microscope (Model),National Museum of Science and Technology,Scale Model,Mixed Materials,Contemporary,"Agargaon, Dhaka",Technology Gallery,,NMST Own Collection,"Unlike ordinary microscopes that use light, electron microscopes use electrons. An ordinary light microscope can magnify objects up to 2,000 times. A modern electron microscope can magnify objects up to 10,000,000 times. The advantage of the electron microscope is that the wavelength of the electron wave is very short, giving it a much higher magnification power.",,https://nmst.gov.bd
Balaka Aircraft Jet Engine,National Museum of Science and Technology,Instrument / Engine,Metal / Alloy,1972 (Soviet gift); donated to museum 1991,"Agargaon, Dhaka",Technology Gallery,,"Donated by Bangladesh Air Force, 1991","In 1972, the Soviet Union gifted a personal aircraft to Bangabandhu Sheikh Mujibur Rahman — the Balaka aircraft. Its engine was donated to the Science Museum by the Bangladesh Air Force in 1991 as a museum exhibit.",,https://nmst.gov.bd
Ancient Aircraft Engine (WWII Radial Engine),National Museum of Science and Technology,Historic Engine,Metal / Alloy,"1941 (Wright Aeronautical Corporation, USA)","Agargaon, Dhaka",Technology Gallery,,NMST Own Collection,"A 14-cylinder (7 per row, 2 rows) radially connected spark ignition engine with cylinder heads. Each cylinder has two spark plugs. If one plug misses, the other immediately takes over. All pistons' function is to rotate the shaft. The engine was made by Wright Aeronautical Corporation (USA) in 1941. The aircraft was used in World War II.",,https://nmst.gov.bd
Old Gramophone (Phonograph),National Museum of Science and Technology,Historic Instrument,Metal / Wood,Invented by Thomas Alva Edison,"Agargaon, Dhaka",Technology Gallery,,NMST Own Collection,"Invented by Thomas Alva Edison. Energy is supplied by winding a spring by hand. When the speaker's pin is placed on the rotating plate, the device starts playing.",,https://nmst.gov.bd
Engine Air Tourer (Aircraft Training Engine),National Museum of Science and Technology,Historic Engine,Metal,Contemporary,"Agargaon, Dhaka",Technology Gallery,4 cylinders; RPM 2750,NMST Own Collection,A 4-cylinder and cylinder aircraft engine with a shaft and propeller. The aircraft was mainly used for training purposes. Its engine model is RPM-2750.,,https://nmst.gov.bd
Suspension Bridge Model (Hardinge Bridge),National Museum of Science and Technology,Scale Model,Mixed Materials,Contemporary,"Agargaon, Dhaka",Technology Gallery,"Main span 1,595 ft",NMST Own Collection,"A model of a suspension bridge, showing how two curved cables connect the main tower to the bridge. Suspension bridge's biggest advantage is that such a long span cannot be achieved by any other bridge type. John Augustus Roebling (German-American engineer) first designed and built a suspension bridge in New York over the East River in 1883, with a main span of 1,595 feet.",,https://nmst.gov.bd
Lever (Simple Machine Exhibit),National Museum of Science and Technology,Interactive Exhibit,Metal / Wood,Contemporary,"Agargaon, Dhaka",Technology Gallery,,NMST Own Collection,"A lever is a simple machine. With it, heavy objects can be lifted with little force. Levers are of three classes depending on the position of fulcrum, force, and load. 1st class: fulcrum between force and load (e.g. see-saw, scissors, hand pump handle). 2nd class: load between fulcrum and force (e.g. wheelbarrow, nutcracker, paper-cutting machine). 3rd class: force applied between fulcrum and load (e.g. tongs, lifting heavy objects with forearm).",,https://nmst.gov.bd
Video Wkon Camera (Historic Video Camera),National Museum of Science and Technology,Historic Instrument,Metal / Electronics,20th century,"Agargaon, Dhaka",Technology Gallery,,NMST Own Collection,An early video camera on display as part of the Technology Gallery's collection of historic instruments.,,https://nmst.gov.bd
Newton's Colour Disc,National Museum of Science and Technology,Interactive Exhibit,Plastic / Paint / Motor,Contemporary,"Agargaon, Dhaka",Physics Gallery,,NMST Own Collection,"Demonstrates that the light of white colour is a mixture of seven different colours in specific proportions: violet, indigo, blue, green, yellow, orange and red (VIBGYOR). These colours are painted on the disc. When the disc is rotated, due to the inability of human brain perception in too short a time, all colours appear as white.",,https://nmst.gov.bd/pages/static-pages/6922e0ce933eb65569e28a77
Cinemascope,National Museum of Science and Technology,Interactive Exhibit,Optical / Mechanical,Contemporary,"Agargaon, Dhaka",Physics Gallery,,NMST Own Collection,"Demonstrates how cinema works. The human eye cannot detect more than averagely 10 individual pictures per second. If the exposure of pictures is more than 10 per second, the pictures seem to be continuous. This is the theme of motion pictures or movies.",,https://nmst.gov.bd/pages/static-pages/6922e0ce933eb65569e28a77
Fun Mirrors (Magic Mirrors),National Museum of Science and Technology,Interactive Exhibit,Mirror / Optics,Imported 2003,"Agargaon, Dhaka",Fun Science Gallery,,Imported from India's NCSM,"Fun mirrors are different from ordinary mirrors — they are convex and concave. Standing in front of these mirrors, your face appears short, tall, or contracted. This is because the mirrors are (1) convex, (2) concave. Because of being convex and concave, the face appears this way.",,https://nmst.gov.bd
Multiple Images (Peacock Image Exhibit),National Museum of Science and Technology,Interactive Exhibit,Optics / Mirror,Imported 2003,"Agargaon, Dhaka",Fun Science Gallery,,Imported from India's NCSM,"Shows a single image displayed in multiple different ways — called a 'bahurupi' (multiple-image). Looking through the round window of the exhibit toward the framed peacock image and rotating the knob, you can see the colour of the image gradually changing.",,https://nmst.gov.bd
Severed Head Illusion,National Museum of Science and Technology,Interactive Exhibit,Mixed Materials,Imported 2003,"Agargaon, Dhaka",Fun Science Gallery,,Imported from India's NCSM,"Standing in the empty hole of the exhibit, the visitor appears as if their head is cut off and placed on a plate or dish kept in the exhibit.",,https://nmst.gov.bd
Kaleidoscope,National Museum of Science and Technology,Interactive Exhibit,Mirror / Glass,Imported 2003,"Agargaon, Dhaka",Fun Science Gallery,,Imported from India's NCSM,"Three flat mirrors arranged inside the tube as the three sides of an equilateral triangle. The reflections of these three mirrors inside the kaleidoscope are at equal angles (60°) to each other. There are three-layered flat triangular transparent containers inside, each layer filled with coloured liquid. Rotating the tube causes the colourful liquid to flow downward while a beautiful changing pattern is formed and reflected repeatedly in the triangular mirrors before the viewer's eyes.",,https://nmst.gov.bd
Colourful Liquid Patterns,National Museum of Science and Technology,Interactive Exhibit,Liquid / Acrylic,Imported 2003,"Agargaon, Dhaka",Fun Science Gallery,,Imported from India's NCSM,"Through various coloured liquids, their density and surface tension can be used to create beautiful patterns.",,https://nmst.gov.bd
Can Light Be Seen? (Light in Vacuum),National Museum of Science and Technology,Interactive Exhibit,Optics / Electronics,Imported 2003,"Agargaon, Dhaka",Fun Science Gallery,,Imported from India's NCSM,"Looking at the switch-type tube from outside, light cannot be seen. But placing a hand inside the tube, the hand appears illuminated. Light can only be seen when an object reflects light to our eyes. This is why the sky appears dark further from Earth's atmosphere.",,https://nmst.gov.bd
Upward Electric Arc,National Museum of Science and Technology,Interactive Exhibit,Electronics / High Voltage,Imported 2003,"Agargaon, Dhaka",Fun Science Gallery,,Imported from India's NCSM,"When the switch is pressed, an upward electric arc is created between two conducting rods by ionisation and lightning discharge. A potential difference of 25,000 volts is applied between the two rods. The arc travels upward due to convection of the hot ionised air.",,https://nmst.gov.bd
Seebeck Siren,National Museum of Science and Technology,Interactive Exhibit,Mechanical / Acoustic,Imported 2003,"Agargaon, Dhaka",Fun Science Gallery,,Imported from India's NCSM,"When the disc of the exhibit is turned slowly after switching on, eight separate musical tones are heard one by one.",,https://nmst.gov.bd
Floating Disc (Electromagnetic Levitation),National Museum of Science and Technology,Interactive Exhibit,Electronics / Electromagnet,Imported 2003,"Agargaon, Dhaka",Fun Science Gallery,,Imported from India's NCSM,"Pressing the switch, the disc immediately jumps up and floats in the air — an application of Lenz's law of electromagnetic induction.",,https://nmst.gov.bd
Iris (Eye Pupil Demonstration),National Museum of Science and Technology,Interactive Exhibit,Mirror / Optics,Imported 2003,"Agargaon, Dhaka",Fun Science Gallery,,Imported from India's NCSM,"A circular dark spot can be seen at the exact centre of the eye globe by bringing the face very close to the concave mirror. Rotating the knob changes the brightness of light. The iris works like the aperture control of a camera. In dim light, the iris dilates to allow more light for better visibility.",,https://nmst.gov.bd
Anamorphosis (Distorted Image Restoration),National Museum of Science and Technology,Interactive Exhibit,Mirror / Optics,Imported 2003,"Agargaon, Dhaka",Fun Science Gallery,,Imported from India's NCSM,"A distorted drawn image: looking at the reflection on a cylindrical or conical reflector, the true object can be recognised. This is an application of the linear transformation matrix of non-linear kinematics.",,https://nmst.gov.bd
Lazy Tongs / Inertia Exhibit,National Museum of Science and Technology,Interactive Exhibit,Metal,Imported 2003,"Agargaon, Dhaka",Fun Science Gallery,,Imported from India's NCSM,"All rods are knocked down through a hole path one by one. Even when all rods fall together, one rod falls with a delay. The exhibit demonstrates how superconductors are formed by the emergence of attraction force.",,https://nmst.gov.bd
Two Ears Hearing (Binaural Direction Sensing),National Museum of Science and Technology,Interactive Exhibit,Acoustic / Electronics,Imported 2003,"Agargaon, Dhaka",Fun Science Gallery,,Imported from India's NCSM,"Sitting in the exhibit's seat and holding both ear-pieces to both ears, with a companion standing behind and striking various parts of the plastic with a finger, you can tell which direction the sound comes from. Every time you can estimate the source location of the sound. The exhibit explains 'why do we need two ears?'",,https://nmst.gov.bd
Ancient Petrified Wood,Bangladesh National Museum,Geological Specimen,Petrified Wood,Approx. 2.5 Million Years Old,"Lalmai and Mainamati, Comilla District, Bangladesh",Rocks and Minerals,,,"One of the most significant objects in the museum; ancient fossilized wood estimated at 2.5 million years old, offering evidence of prehistoric vegetation of Bengal.",,https://en.advisor.travel/poi/Bangladesh-National-Museum-8712
Whale Skeleton (Giant Whale Saw Fish),Bangladesh National Museum,Natural History Specimen,Bone,Modern Era (collected 20th century),Bay of Bengal / Coastal Bangladesh,Mammals / Marine Life Gallery,,,"Large skeleton of a giant whale saw fish, one of the notable objects of the natural history galleries. A tongue of a whale is also on separate display.",,https://en.banglapedia.org/index.php/Bangladesh_National_Museum
Royal Bengal Tiger (Taxidermied),Bangladesh National Museum,Taxidermy / Natural History,Biological,20th Century,"Sundarbans, Khulna Division, Bangladesh",Mammals Gallery,,,"Stuffed Royal Bengal Tiger from the Sundarbans mangrove forest, displayed to represent Bangladesh's iconic wildlife. A large statue also displayed separately.",,https://en.advisor.travel/poi/Bangladesh-National-Museum-8712
Spotted Deer (Chital Deer) Display,Bangladesh National Museum,Taxidermy / Natural History,Biological,20th Century,"Sundarbans, Bangladesh",Mammals Gallery,,,"Taxidermied Chitral (spotted) deer from the Sundarbans, displayed alongside other wildlife specimens in the natural heritage galleries.",,https://en.advisor.travel/poi/Bangladesh-National-Museum-8712
Beehive Display,Bangladesh National Museum,Natural History Specimen,Biological,20th Century,Bangladesh,Insects / Plants Gallery,,,Natural beehive specimen displayed as part of insect and flora collections illustrating the biodiversity of Bangladesh.,,https://en.banglapedia.org/index.php/Bangladesh_National_Museum
Butterfly Collection,Bangladesh National Museum,Natural History Specimen,Biological,20th Century,Various regions of Bangladesh,Insects Gallery,,,"Collection of different types of butterflies representing the insect biodiversity of Bangladesh, displayed in the natural history section.",,https://en.banglapedia.org/index.php/Bangladesh_National_Museum
Reptile Collection,Bangladesh National Museum,Natural History Specimen,Biological,20th Century,Bangladesh,Reptiles Gallery,,,"Collection of reptile specimens representing native reptilian fauna of Bangladesh, forming part of the natural history galleries.",,https://en.banglapedia.org/index.php/Bangladesh_National_Museum
Sea Life of the Bay of Bengal Collection,Bangladesh National Museum,Natural History Specimen,Biological,20th Century,"Bay of Bengal, Bangladesh",Marine Life Gallery,,,"Marine specimens representing the biodiversity of the Bay of Bengal and coastal waters, including shells, mollusks, and sea creatures.",,https://en.banglapedia.org/index.php/Bangladesh_National_Museum
Rocks and Minerals Collection,Bangladesh National Museum,Geological Specimen,Various Minerals and Rocks,Various geological eras,"Various locations, Bangladesh",Rocks and Minerals Gallery,,,"Geological specimens including rocks, minerals, and a geological map of Bangladesh illustrating the country's geomorphology.",,https://en.banglapedia.org/index.php/Bangladesh_National_Museum
"Flora Specimens (Cereals, Pulses, Herbal Medicines)",Bangladesh National Museum,Botanical Specimen,Biological,20th Century,"Various regions, Bangladesh",Plants Gallery,,,"Collection of economically important plants, cereals, pulses, herbal medicines, flowers, fruits and creepers representing Bangladesh's plant heritage.",,https://en.banglapedia.org/index.php/Bangladesh_National_Museum
Bird Collection (Birds of Bangladesh),Bangladesh National Museum,Taxidermy / Natural History,Biological,20th Century,Bangladesh,Birds Gallery,,,"Display of various bird species of Bangladesh including migratory and native birds, presented as part of natural heritage galleries with semi-dioramas.",,https://en.banglapedia.org/index.php/Bangladesh_National_Museum
Peacock (Peafowl) Specimen,Bangladesh National Museum,Taxidermy / Natural History,Biological,20th Century,Bangladesh,Birds Gallery,,,Taxidermied peafowl displayed as part of the bird collection representing Bangladesh's native bird species.,,https://en.advisor.travel/poi/Bangladesh-National-Museum-8712
Elephant Display,Bangladesh National Museum,Taxidermy / Natural History,Biological,20th Century,Bangladesh / Chittagong Hill Tracts,Elephant Gallery,,,"Large elephant display forming a dedicated gallery in the natural history section, showcasing one of the largest land animals found in Bangladesh.",,https://en.banglapedia.org/index.php/Bangladesh_National_Museum
Sundarbans Diorama,Bangladesh National Museum,Diorama / Natural History,Mixed (biological & craft),20th Century,"Sundarbans, Khulna & Bagerhat Divisions, Bangladesh",Sundarbans Gallery,,,"Semi-diorama and diorama displays depicting the Sundarbans mangrove ecosystem, the world's largest mangrove forest, with its fauna and flora.",,https://en.banglapedia.org/index.php/Bangladesh_National_Museum
Monkey and Langur Specimens,Bangladesh National Museum,Taxidermy / Natural History,Biological,20th Century,Bangladesh,Mammals Gallery,,,Monkey and langur specimens preserved and displayed as part of the natural history mammal collection.,,https://en.advisor.travel/poi/Bangladesh-National-Museum-8712
Naga Darwaza (Serpent Doorway),Bangladesh National Museum,Architectural Fragment / Sculpture,Black Stone,10th–11th Century AD,"Bangarh, Dinajpur District, Bangladesh",Architectural Artifacts Gallery,,,"A spectacular black stone serpent doorway (Naga Darwaza), one of the most significant objects in the museum. Represents medieval temple architecture of Bengal.",,https://en.advisor.travel/poi/Bangladesh-National-Museum-8712
Black Basalt Buddha Statue (Pala Period),Bangladesh National Museum,Sculpture,Black Basalt Stone,8th–12th Century AD (Pala Period),Bengal Region (exact site unrecorded),Sculpture Gallery 1,,,"A serene and exquisitely crafted black basalt Buddha statue from the Pala Dynasty period, considered one of the finest examples of ancient Bengali Buddhist art. Features intricate detailing and a calm expression characteristic of Pala School of Art.",,https://www.wonderfulmuseums.com/museum/bangladesh-national-museum-dhaka/
Tara Statue (Pala Era),Bangladesh National Museum,Sculpture,Stone / Bronze,Pala Period (8th–12th Century AD),Bengal Region,Sculpture Gallery 1,,,"Iconic Pala-era sculpture of the Bodhisattva Tara, a goddess revered in both Buddhism and Hinduism. Renowned as one of the most important sculptures in the museum's collection.",,https://audiala.com/en/bangladesh/dhaka/bangladesh-national-museum
Surya (Sun God) Statue – Pala Period,Bangladesh National Museum,Sculpture,Stone,Pala Period (8th–12th Century AD),Bengal Region,Sculpture Gallery 1,,,"Famous stone sculpture of Surya (the Sun God) from the Pala period, known for its expressive face and intricate carvings, representative of the high artistic tradition of ancient Bengal.",,https://www.wonderfulmuseums.com/museum/bangladesh-national-museum-dhaka/
Vishnu Statue – Pala Period,Bangladesh National Museum,Sculpture,Stone,Pala Period (8th–12th Century AD),Bengal Region,Sculpture Gallery 1,,,"Stone sculpture of the Hindu deity Vishnu from the Pala period, a major attraction in the sculpture galleries representing the Hindu artistic and religious tradition of ancient Bengal.",,https://www.wonderfulmuseums.com/museum/bangladesh-national-museum-dhaka/
Durga Sculpture,Bangladesh National Museum,Sculpture,Bronze / Stone,Pala–Sena Period (8th–12th Century AD),Bengal Region,Sculpture Gallery 1,,,"Bronze or stone image of the Hindu goddess Durga from the Pala-Sena period, part of the museum's extensive collection of ancient Bengali religious sculptures.",,https://www.wonderfulmuseums.com/museum/bangladesh-national-museum-dhaka/
Bronze Bodhisattva Figures,Bangladesh National Museum,Sculpture,Bronze,Pala Period (8th–12th Century AD),Bengal Region,Sculpture Gallery 1,,,"Collection of exquisite bronze images of Bodhisattvas from the Pala period, characterized by slender forms, elaborate ornamentation, and serene expressions representing the Pala School of Art.",,https://www.wonderfulmuseums.com/museum/bangladesh-national-museum-dhaka/
Terracotta Plaques from Mahasthangarh,Bangladesh National Museum,Terracotta,Terracotta,Mauryan–Gupta Period (3rd Century BC – 6th Century AD),"Mahasthangarh, Bogura District, Bangladesh",Archaeological Artifacts Gallery,,,"Terracotta plaques recovered from Mahasthangarh, one of Bengal's earliest known urban archaeological sites, depicting deities, mythological scenes, and daily life of ancient inhabitants.",,https://www.wonderfulmuseums.com/museum/bangladesh-national-museum-dhaka/
Terracotta Plaques from Paharpur,Bangladesh National Museum,Terracotta,Terracotta,Pala Period (8th–9th Century AD),"Paharpur, Naogaon District, Bangladesh",Archaeological Artifacts Gallery,,,"Terracotta plaques and architectural fragments excavated from Paharpur (Somapura Mahavihara), a UNESCO World Heritage Site representing the largest Buddhist monastery south of the Himalayas.",,https://www.wonderfulmuseums.com/museum/bangladesh-national-museum-dhaka/
Prehistoric Hand Axes (Stone Tools),Bangladesh National Museum,Archaeological Tool,Stone (Chert / Quartzite),"Paleolithic Era (pre-10,000 BC)","Various prehistoric sites, Bangladesh",Archaeological Artifacts Gallery,,,"Iron and stone hand axes and other prehistoric lithic tools representing the earliest human presence in the Bengal region, part of the Stone Age artifact collection.",,https://en.banglapedia.org/index.php/Bangladesh_National_Museum
Ancient Pottery Collection,Bangladesh National Museum,Pottery,Ceramic / Clay,Various periods (Neolithic to Medieval),"Various archaeological sites, Bangladesh",Potteries Gallery,,,"Collection of ancient pottery and ceramics from various periods of Bengal's history, from Neolithic handmade ware to wheel-thrown ceramics of the Sultanate period, representing daily life of ancient peoples.",,https://en.banglapedia.org/index.php/Bangladesh_National_Museum
Coins of Emperor Sher Shah (Gold / Silver),Bangladesh National Museum,Numismatic / Coin,Gold / Silver,Suri Dynasty (1540–1545 AD),Bengal / North India,"Coins, Medals and Ornaments Gallery",,,"Rare coins minted during the reign of Emperor Sher Shah Suri, one of the most significant medieval rulers of the Indian subcontinent. Part of the museum's vast collection of over 53,000 ancient and medieval coins.",,https://en.advisor.travel/poi/Bangladesh-National-Museum-8712
Ancient and Medieval Coin Collection (General),Bangladesh National Museum,Numismatic Collection,"Gold, Silver, Copper",Mauryan to Mughal Period (3rd BC – 18th AD),Various sites across Bengal and India,"Coins, Medals and Ornaments Gallery",,,"A vast collection of over 53,000 gold, silver, and copper coins from the Mauryan, Gupta, Pala, Sultanate, and Mughal periods, documenting the monetary and political history of Bengal and the Indian subcontinent.",,https://en.banglapedia.org/index.php/Bangladesh_National_Museum
Ancient Stone Inscriptions,Bangladesh National Museum,Inscription,Stone (Sandstone / Black Stone),Gupta to Sultanate Period (4th–15th Century AD),"Various sites, Bangladesh",Inscriptions Gallery,,,"Collection of stone inscriptions in Sanskrit, Arabic, and Persian from various medieval dynasties, providing historical records of rulers, land grants, and religious dedications.",,https://en.banglapedia.org/index.php/Bangladesh_National_Museum
Copperplate Inscriptions,Bangladesh National Museum,Inscription / Document,Copper,Pala–Sena Period (8th–12th Century AD),"Various sites, Bengal",Inscriptions / Manuscripts Gallery,,,"Ancient copperplate inscriptions recording royal land grants, administrative decrees, and genealogical records of the Pala and Sena dynasties of Bengal.",,https://en.banglapedia.org/index.php/Bangladesh_National_Museum
Surrender Table (16 December 1971),Bangladesh National Museum,Historical Artifact,Wood (Table),1971 AD,"Dhaka, Bangladesh",War of Liberation Gallery 1,,,"The historic table on which Lt. General A. A. K. Niazi of the Pakistan Army signed the Instrument of Surrender to the Joint Forces of Bangladesh and India on 16 December 1971, marking Bangladesh's independence.",,https://en.advisor.travel/poi/Bangladesh-National-Museum-8712
First Flag of Independent Bangladesh (Foreign Mission Copy),Bangladesh National Museum,Historical Artifact / Flag,Fabric,1971 AD,Abroad / Bangladesh,War of Liberation Gallery 1,,,"The first flag of independent Bangladesh hoisted at foreign missions, representing a key symbol of national sovereignty during the Liberation War of 1971.",,https://en.advisor.travel/poi/Bangladesh-National-Museum-8712
7 March 1971 Declaration (Sheikh Mujibur Rahman),Bangladesh National Museum,Historical Document / Artifact,Paper / Audio-visual,7 March 1971,"Dhaka, Bangladesh",War of Liberation Gallery 1,,,"Historic declaration delivered by Bangabandhu Sheikh Mujibur Rahman on 7 March 1971 at Suhrawardy Udyan, Dhaka – now recognized as a UNESCO World Memory of the World. The museum preserves documents and artifacts related to this speech.",,https://en.advisor.travel/poi/Bangladesh-National-Museum-8712
Shirt and Shoes of Shaheed Shafiur Rahman,Bangladesh National Museum,Historical Artifact / Personal Effect,Fabric / Leather,21 February 1952,"Dhaka, Bangladesh",War of Liberation / Language Movement Gallery,,,"The bullet-ridden and blood-stained shirt and shoes of Shaheed Shafiur Rahman, a martyr of the Language Movement of 21 February 1952, who was killed by police under the Pakistani government.",,https://en.advisor.travel/poi/Bangladesh-National-Museum-8712
Personal Mementos of Shaheed Asad,Bangladesh National Museum,Historical Artifact / Personal Effect,Various,1969 AD,"Dhaka, Bangladesh",Martyred Intellectuals Gallery,,,"Personal mementos and effects belonging to Shaheed Asaduzzaman Asad, a student leader martyred during the Mass Uprising of 1969 against Pakistani rule.",,https://en.advisor.travel/poi/Bangladesh-National-Museum-8712
Mementos of Kazi Nazrul Islam,Bangladesh National Museum,Historical Artifact / Personal Effect,Various,Early 20th Century,"West Bengal / Dhaka, Bangladesh",Portraits of National Heroes Gallery,,,"Historic mementos, personal effects, and items associated with Kazi Nazrul Islam, the national poet of Bangladesh and revolutionary poet of Bengal.",,https://en.advisor.travel/poi/Bangladesh-National-Museum-8712
Mementos of Rabindranath Tagore,Bangladesh National Museum,Historical Artifact / Personal Effect,Various,Early 20th Century,West Bengal / Bangladesh,Portraits of National Heroes Gallery,,,"Historic mementos and memorabilia associated with Rabindranath Tagore, Nobel Laureate poet whose work is deeply intertwined with Bengali cultural identity.",,https://en.advisor.travel/poi/Bangladesh-National-Museum-8712
Mementos of Michael Madhusudan Dutt,Bangladesh National Museum,Historical Artifact / Personal Effect,Various,19th Century,West Bengal / Bangladesh,Portraits of National Heroes Gallery,,,"Historical mementos and artifacts associated with Michael Madhusudan Dutt, pioneering Bengali poet and dramatist of the 19th century.",,https://en.advisor.travel/poi/Bangladesh-National-Museum-8712
Mementos of Rokeya Sakhawat Hossain,Bangladesh National Museum,Historical Artifact / Personal Effect,Various,Early 20th Century,"Rangpur / Dhaka, Bangladesh",Portraits of National Heroes Gallery,,,"Historical mementos of Begum Rokeya Sakhawat Hossain, pioneering feminist writer and social reformer of Bengal.",,https://en.advisor.travel/poi/Bangladesh-National-Museum-8712
Liberation War Documents and Photographs,Bangladesh National Museum,Historical Document / Photograph,Paper / Photo,1971 AD,Bangladesh,War of Liberation Gallery 1 & 2,,,"Collection of documents, photographs, posters, and records related to the Liberation War of Bangladesh in 1971, including photos of refugee camps, genocide documentation, and freedom fighting activities.",,https://en.banglapedia.org/index.php/Bangladesh_National_Museum
Torture Machines (Pakistani Army – 1971),Bangladesh National Museum,Historical Artifact,Metal / Wood,1971 AD,"Dhaka, Bangladesh",War of Liberation Gallery,,,"Torture machines and instruments used by the Pakistani army during the Liberation War of 1971, preserved as evidence of the genocide and war crimes committed against Bengali civilians and freedom fighters.",,http://offroadbangladesh.com/places/bangladesh-national-museum/
Manuscripts (Palm Leaf and Paper),Bangladesh National Museum,Manuscript,Palm Leaf / Paper,Medieval Period (10th–18th Century AD),"Various monastic and scholarly sites, Bengal",Manuscripts and Documents Gallery,,,"Collection of ancient palm-leaf manuscripts and paper manuscripts written in Sanskrit, Bengali, Arabic, and Persian, representing the intellectual and religious traditions of medieval Bengal.",,https://en.banglapedia.org/index.php/Bangladesh_National_Museum
Miniature Paintings Collection,Bangladesh National Museum,Painting,Paper / Ivory,Mughal–Colonial Period (16th–19th Century AD),Bengal / Mughal Empire,Traditional and Miniature Paintings Gallery,,,"Collection of Mughal-style miniature paintings depicting courtly life, battles, religious themes, and portraits, representing the peak of Indo-Persian artistic tradition in Bengal.",,https://en.banglapedia.org/index.php/Bangladesh_National_Museum
Mughal Era Arms and Weapons,Bangladesh National Museum,Weapon / Armour,Iron / Steel / Bronze,Mughal Period (16th–18th Century AD),Bengal / North India,Arms and Weapons Gallery,,,"Collection of arms and armour from the Mughal era, including swords, shields, daggers, and firearms. The museum holds one of the largest collections of arms and armour in the Indian subcontinent.",,https://en.banglapedia.org/index.php/Bangladesh_National_Museum
Old Guns at Entrance (Colonial Era Cannons),Bangladesh National Museum,Weapon / Cannon,Iron / Cast Iron,18th–19th Century AD,Bengal,Ground Floor Entrance,,,"Collection of old guns and cannons displayed at the museum entrance, representing the colonial era military heritage of Bengal.",,http://offroadbangladesh.com/places/bangladesh-national-museum/
Iron Axes (Prehistoric),Bangladesh National Museum,Archaeological Tool,Iron,Iron Age (Approx. 800 BC – 200 AD),"Various sites, Bangladesh",Archaeological Artifacts Gallery,,,"Collection of iron axes from the Iron Age period of Bengal, representing the technological advancement in metalworking among ancient peoples of the region.",,https://en.advisor.travel/poi/Bangladesh-National-Museum-8712
"Medals, Royal Decrees and Historic Artworks",Bangladesh National Museum,Medal / Document / Artwork,"Various (metal, paper, fabric)",Medieval to Colonial Period,Bengal,"Coins, Medals and Ornaments Gallery",,,"Collection of medals, royal decrees, and historic artworks from various periods representing political authority, honors, and administrative records of Bengal's rulers.",,https://en.advisor.travel/poi/Bangladesh-National-Museum-8712
Atom Bomb Pieces (Hiroshima and Nagasaki),Bangladesh National Museum,Historical Artifact,Debris / Metal,1945 AD,"Hiroshima and Nagasaki, Japan",World Art Gallery / Special Display,,,"Pieces of the atomic bombs dropped on Hiroshima and Nagasaki, Japan in August 1945, preserved as a reminder of the devastating effects of nuclear warfare. Also includes potteries burnt during the Second World War.",,https://en.advisor.travel/poi/Bangladesh-National-Museum-8712
Ancient Potteries burnt in Hiroshima (WWII),Bangladesh National Museum,Pottery / Historical Artifact,Ceramic,1945 AD (WWII),"Hiroshima, Japan",Contemporary Art and World Civilization,,,"Potteries burnt and damaged during the atomic bomb blast in Hiroshima, Japan in 1945, collected as war artifacts and presented alongside the atom bomb debris.",,https://en.advisor.travel/poi/Bangladesh-National-Museum-8712
Buddhist and Brahminical Stone Sculptures (General Collection),Bangladesh National Museum,Sculpture,Black Stone / Sandstone / Schist,Gupta to Pala-Sena Period (4th–12th Century AD),Various sites across Bengal,Sculpture Gallery 1 & 2,,,"Extensive collection of Buddhist and Brahminical stone sculptures from the Gupta, Pala, and Sena periods, representing the zenith of classical Bengali religious art. The world-famous collection is a major attraction for international visitors.",,https://en.banglapedia.org/index.php/Bangladesh_National_Museum
Sandstone Sculptures (General Collection),Bangladesh National Museum,Sculpture,Sandstone,Gupta–Pala Period,"Various sites, Bengal",Sculpture Gallery 1 & 2,,,"Collection of sandstone sculptures including Hindu and Buddhist deities, architectural figures, and decorative pieces from the Gupta and Pala periods of Bengal.",,https://en.advisor.travel/poi/Bangladesh-National-Museum-8712
Architectural Specimens (Temple / Mosque Fragments),Bangladesh National Museum,Architectural Fragment,Stone / Brick / Terracotta,Medieval Period (8th–17th Century AD),"Various sites, Bengal / Bangladesh",Architecture Gallery,,,"Fascinating ancient architectural specimens including stone carvings, brick motifs, and terracotta architectural decorations from temples, mosques, and monasteries of medieval Bengal.",,https://en.banglapedia.org/index.php/Bangladesh_National_Museum
Ivory Mat (Hand-crafted),Bangladesh National Museum,Decorative Art,Ivory,Medieval to Early Modern Period,Bengal,Ivory Works Gallery,,,"An extraordinary and rare mat made entirely from ivory, showcasing the remarkable craftsmanship of Bengali artisans. One of the most unique objects in the museum's collection.",,https://en.advisor.travel/poi/Bangladesh-National-Museum-8712
Muslin of Dhaka (Jamdani / Dhaka Muslin),Bangladesh National Museum,Textile,Cotton (ultra-fine),Mughal to Colonial Period (16th–19th Century AD),"Dhaka Region (Sonargaon / Dhamrai), Bangladesh",Textiles and Costumes Gallery,,,"Legendary Dhaka Muslin, often described as 'woven air', representing one of the finest textiles ever produced by human hands. Dhaka muslin was globally renowned during the Mughal era for its extraordinary fineness. The Jamdani weaving tradition is now a UNESCO-recognized Intangible Cultural Heritage.",,http://offroadbangladesh.com/places/bangladesh-national-museum/
Nakshi Kantha (Embroidered Quilt) Collection,Bangladesh National Museum,Textile / Folk Art,"Cotton, Thread (embroidered)",19th–20th Century,Rural Bangladesh (various districts),Embroidered Quilts Gallery,,,"Collection of Nakshi Kantha, traditional embroidered quilts hand-stitched by rural Bengali women, depicting scenes from rural life, folklore, and religious motifs. Each piece is a unique narrative woven into fabric, representing a vibrant tradition of Bangladeshi folk art.",,https://www.wonderfulmuseums.com/museum/bangladesh-national-museum-dhaka/
Wood Carvings Collection,Bangladesh National Museum,Decorative Art,Wood,Medieval to Modern Period,"Various regions, Bangladesh / Bengal",Wood Carvings Gallery 1 & 2,,,"Extensive collection of intricately carved wooden objects including furniture, architectural panels, household items, and decorative pieces representing the woodworking tradition of Bangladesh and Bengal.",,https://en.banglapedia.org/index.php/Bangladesh_National_Museum
"Metalwork Collection (Brass, Bronze, Silver)",Bangladesh National Museum,Decorative Art,Brass / Bronze / Silver / Copper,Various periods (Medieval to Modern),"Various regions, Bangladesh",Metal Works Gallery,,,"Collection of decorative metalwork including household utensils, religious objects, decorative vessels, and ornamental pieces made from brass, bronze, silver, and copper, representing Bengal's rich metalworking tradition.",,https://en.banglapedia.org/index.php/Bangladesh_National_Museum
Porcelain and Glassware Collection,Bangladesh National Museum,Decorative Art,Porcelain / Glass,Medieval to Colonial Period,Bangladesh and trade routes,Porcelain and Glassware Gallery,,,"Collection of porcelain and glassware including Chinese export porcelain, local pottery, and decorative glass objects that were traded and used in Bengal during medieval and colonial times.",,https://en.banglapedia.org/index.php/Bangladesh_National_Museum
Ivory Works Collection,Bangladesh National Museum,Decorative Art,Ivory,Medieval to Early Modern Period,Bengal / Bangladesh,Ivory Works Gallery,,,"Collection of intricate ivory carvings including decorative objects, combs, figurines, and household items, showcasing the exceptional skill of Bengali ivory craftsmen. Also includes objects from royal households.",,https://en.banglapedia.org/index.php/Bangladesh_National_Museum
Traditional Musical Instruments,Bangladesh National Museum,Ethnographic Object,Wood / Metal / Skin,Various (19th–20th Century),"Various regions, Bangladesh",Musical Instruments Gallery,,,"Collection of traditional Bangladeshi and Bengali musical instruments including string, wind, and percussion instruments representing the folk and classical musical traditions of Bangladesh. Includes instruments of various ethnic groups.",,https://en.banglapedia.org/index.php/Bangladesh_National_Museum
Dolls Collection (Traditional),Bangladesh National Museum,Folk Art / Toy,Clay / Fabric / Wood,19th–20th Century,"Various regions, Bangladesh",Dolls Gallery,,,"Collection of traditional handmade dolls and figurines from different regions of Bangladesh, representing folk craft traditions and child culture of rural Bengali society.",,https://en.banglapedia.org/index.php/Bangladesh_National_Museum
Textiles and Costumes Collection,Bangladesh National Museum,Textile / Costume,Fabric (Cotton / Silk),19th–20th Century,"Various regions, Bangladesh",Textiles and Costumes Gallery,,,"Collection of traditional textiles and costumes from various regions of Bangladesh, including handwoven fabrics, tribal costumes, ceremonial dress, and everyday attire of different ethnic communities.",,https://en.banglapedia.org/index.php/Bangladesh_National_Museum
Tribal Artifacts – Tribes of Bangladesh,Bangladesh National Museum,Ethnographic Object,"Various (wood, metal, fabric)",19th–20th Century,"Chittagong Hill Tracts and other regions, Bangladesh",Tribes of Bangladesh Gallery 1 & 2,,,"Extensive collection of ethnographic objects from various indigenous ethnic groups of Bangladesh (Chakma, Marma, Tripura, Garo, Santal, etc.) including household tools, ceremonial objects, traditional weapons, housing models, and cultural items.",,https://en.banglapedia.org/index.php/Bangladesh_National_Museum
Boats of Bangladesh (Miniature Models),Bangladesh National Museum,Ethnographic Object / Model,Wood,19th–20th Century,"Various river regions, Bangladesh",Boats of Bangladesh Gallery,,,"Collection of miniature and model traditional boats representing the diverse boat-building heritage of Bangladesh, a riverine delta nation. Includes various types of sailing and rowing boats that have largely vanished from modern use.",,http://offroadbangladesh.com/places/bangladesh-national-museum/
Household Objects and Daily Life Exhibits,Bangladesh National Museum,Ethnographic Object,"Various (clay, wood, metal)",19th–20th Century,"Various regions, Bangladesh",Life in Bangladesh Gallery,,,"Collection of everyday household objects representing rural and urban domestic life in Bangladesh, including cooking utensils, farming tools, fishing implements, and household furniture of different socioeconomic groups.",,https://en.banglapedia.org/index.php/Bangladesh_National_Museum
Arms and Weapons of Ethnic Groups,Bangladesh National Museum,Weapon / Ethnographic Object,Metal / Bamboo / Wood,19th–20th Century,Chittagong Hill Tracts and other regions,Arms and Weapons Gallery,,,"Traditional weapons and arms used by various ethnic communities of Bangladesh for hunting, defense, and ceremonial purposes, including bows, arrows, spears, dao (machetes), and traditional firearms.",,https://en.banglapedia.org/index.php/Bangladesh_National_Museum
Customs and Ceremonies Objects,Bangladesh National Museum,Ethnographic Object,Various,19th–20th Century,Bangladesh (various ethnic regions),Tribes of Bangladesh Gallery,,,"Objects used in customs, ceremonies, and rituals of different ethnic communities of Bangladesh, representing the diverse ceremonial traditions and belief systems of the nation's indigenous peoples.",,https://en.banglapedia.org/index.php/Bangladesh_National_Museum
Jewellery Collection,Bangladesh National Museum,Jewellery / Ornament,Gold / Silver / Bronze / Ivory,Medieval to Modern Period,"Various regions, Bangladesh","Textiles, Costumes and Ornaments Gallery",,,"Collection of traditional jewellery and ornaments from various regions and communities of Bangladesh, including gold, silver, and bronze ornaments representing different socioeconomic backgrounds and ethnic traditions.",,https://en.banglapedia.org/index.php/Bangladesh_National_Museum
Famine Sketches of 1943 by Zainul Abedin,Bangladesh National Museum,Painting / Sketch,"Paper, Charcoal / Ink",1943 AD,"Dhaka, Bengal (British India)",Shilpacharya Zainul Abedin Gallery,,,"The landmark sketches depicting the devastating Bengal Famine of 1943 by Shilpacharya Zainul Abedin, one of the most significant artworks in the museum. These sketches bear testimony to the miserable condition of people suffering from starvation and are considered national treasures.",,https://en.banglapedia.org/index.php/Bangladesh_National_Museum
Paintings by Potua Quamrul Hassan,Bangladesh National Museum,Painting,"Canvas / Paper, Oil / Watercolor",20th Century (1921–1988),"Dhaka, Bangladesh",Contemporary Art Gallery 1,,,"Famous contemporary paintings by Potua Quamrul Hassan, a pioneering Bangladeshi painter and graphic designer known for his distinctive folk-inspired style and political artwork, including anti-Pakistani army posters during the 1971 Liberation War.",,https://en.banglapedia.org/index.php/Bangladesh_National_Museum
Paintings by SM Sultan,Bangladesh National Museum,Painting,"Canvas, Oil",20th Century (1923–1994),"Narail / Dhaka, Bangladesh",Contemporary Art Gallery 1 & 2,,,"Celebrated paintings by SM Sultan (Sheikh Muhammad Sultan), renowned Bangladeshi painter known for his monumental depictions of rural Bengal, its laborers, and river life, often featuring muscular peasants as central figures.",,https://en.banglapedia.org/index.php/Bangladesh_National_Museum
European Art Reproductions (Renaissance to Modern),Bangladesh National Museum,Painting (Reproduction / Original),Canvas / Paper,15th–20th Century,Europe,World Art Gallery 1 & 2,,,"Collection of famous European artworks from the Renaissance to the Modern period, including reproductions of masterpieces from major European art galleries, providing visitors with a window into global art history.",,https://en.banglapedia.org/index.php/Bangladesh_National_Museum
Portraits of World Personalities,Bangladesh National Museum,Portrait / Photograph,Canvas / Paper / Photo,19th–20th Century,International,Portraits of World Personalities Gallery,,,"Large collection of portraits of internationally renowned politicians, artists, scientists, and historical figures from around the world, displayed on the third floor of the museum.",,https://en.banglapedia.org/index.php/Bangladesh_National_Museum
Portraits of National Heroes of Bangladesh,Bangladesh National Museum,Portrait / Photograph,Canvas / Paper / Photo,19th–20th Century,Bangladesh,Eternal Bangladesh / National Heroes Gallery,,,"Collection of portraits and photographs of Bangladeshi national heroes, freedom fighters, and martyred intellectuals representing those who shaped the nation's history and independence.",,https://en.banglapedia.org/index.php/Bangladesh_National_Museum
Bangabhaban Collection (Local and Foreign Objects),Bangladesh National Museum,Decorative Art / Artifact,Various,Modern Era (20th Century),"Dhaka, Bangladesh",Special Collections / World Civilization Gallery,,,"Various local and foreign objects collected from Bangabhaban (the Presidential Palace), including gifts received from foreign dignitaries and state objects of historical and diplomatic significance.",,https://en.advisor.travel/poi/Bangladesh-National-Museum-8712
Korean Gallery – Korean Cultural Artifacts,Bangladesh National Museum,International Cultural Artifact,"Various (ceramic, textile, art)",Various historical periods,Korea,Korean Gallery (3rd Floor),,,"Collection of Korean cultural artifacts, artworks, and cultural objects gifted by Korea as part of bilateral cultural exchange, representing Korean heritage and artistry.",,https://en.banglapedia.org/index.php/Bangladesh_National_Museum
Chinese Gallery – Chinese Cultural Artifacts,Bangladesh National Museum,International Cultural Artifact,"Various (porcelain, silk, art)",Various historical periods,China,Chinese Gallery (3rd Floor),,,"Collection of Chinese cultural objects, artworks, and artifacts representing China's rich civilization, displayed as part of the museum's World Civilization section and gifted through diplomatic cultural exchange.",,https://en.banglapedia.org/index.php/Bangladesh_National_Museum
Iranian Gallery – Iranian Cultural Artifacts,Bangladesh National Museum,International Cultural Artifact,"Various (metalwork, carpet, calligraphy)",Various historical periods,Iran,Iranian Gallery (3rd Floor),,,"Collection of Iranian cultural artifacts and artworks representing Persian civilization, including metalwork, calligraphy, and decorative arts, displayed as part of the museum's world civilization section.",,https://en.banglapedia.org/index.php/Bangladesh_National_Museum
Swiss Gallery – Swiss Cultural Artifacts,Bangladesh National Museum,International Cultural Artifact,Various,Various historical periods,Switzerland,Swiss Gallery (3rd Floor),,,"Collection of Swiss cultural objects and artifacts representing Swiss heritage and artistry, displayed as part of the international collections on the third floor.",,https://en.banglapedia.org/index.php/Bangladesh_National_Museum
Language Movement of 1952 Artifacts,Bangladesh National Museum,Historical Artifact / Document,Paper / Fabric / Personal Effects,1952 AD,"Dhaka, Bangladesh",Martyred Intellectuals / Language Movement Gallery,,,"Collection of documents, photographs, personal effects, and artifacts related to the Language Movement of 21 February 1952, when Bengali students and activists were killed demanding recognition of Bangla as the state language. Includes personal items of martyrs.",,https://www.wonderfulmuseums.com/museum/bangladesh-national-museum-dhaka/
Folk Art and Crafts Collection,Bangladesh National Museum,Folk Art / Craft,"Various (clay, bamboo, jute, fabric)",19th–20th Century,"Various regions, Bangladesh",Folk Art Corners,,,"Collection of traditional folk art and crafts from various regions of Bangladesh including pottery, wooden dolls, bamboo crafts, jute products, and festival-related artworks representing the rich folk artistic tradition of the country.",,https://en.banglapedia.org/index.php/Bangladesh_National_Museum
Festival Masks,Bangladesh National Museum,Folk Art / Ritual Object,Papier-mâché / Wood / Fabric,19th–20th Century,"Various regions, Bangladesh",Tribes and Folk Art Gallery,,,"Traditional festival masks used in cultural festivals, rituals, and folk performances across Bangladesh, representing the artistic and ceremonial traditions of various communities.",,https://audiala.com/en/bangladesh/dhaka/bangladesh-national-museum
Sculptures in Art Corners (Diverse Nations),Bangladesh National Museum,Sculpture,"Various (stone, metal, clay, resin)",19th–20th Century,International / Bangladesh,World Art Corners,,,"Collection of sculptures from home and abroad displayed in the four corners of the Contemporary Art and World Civilization department, including artworks donated by various countries.",,https://en.banglapedia.org/index.php/Bangladesh_National_Museum
Indra (Guardian of the East),Paharpur Archaeological Museum,Stone Sculpture,Grey Sandstone (Black Basalt),c. 8th century CE,"Central Temple Basement, Somapura Mahavihara, Paharpur, Naogaon",Gallery I,75.5 cm x 43.5 cm,K.N. Dikshit Excavation (1930s),"Indra, lord of heaven and guardian of the eastern quarter, stands in Samapada pose before his vehicle Airavata the elephant. Originally installed in a niche in the south-eastern section of the temple's basement wall (niche no. 29). He has two arms, an ornate halo, and holds a small round object. The figure wears a pleated loincloth, chain girdle, twisted necklace, armlets and an ornate jatamukuta crown. His forehead bears a horizontal third eye. First misidentified by Dikshit as connected to Krishna legend; later confirmed as Indra, guardian of the east. Accession no. S-4. (Source: Ahmed & Kabir 2016, PDF3)",https://drive.google.com/file/d/1zCXOLq_QrKP2IFXmJNRKVcuKXK_aH9Er/view?usp=sharing,https://en.wikipedia.org/wiki/Paharpur_Archaeological_Museum
Krishna Killing the Demon Keśin,Paharpur Archaeological Museum,Stone Sculpture,Sandstone (harder variety),c. 6th century CE,"Central Temple Basement, Somapura Mahavihara, Paharpur, Naogaon",Gallery I,79.5 cm x 43 cm,K.N. Dikshit Excavation (1930s),"Young Krishna charges the horse-shaped demon Keśin by thrusting his left elbow into the animal's jaws while the fallen demon (in human form) lies under his left foot. Originally fixed on the south-east wall of the central temple (niche no. 30). Krishna wears a lower garment with chain girdle and has a distinctive kakapaksha (crow-wing) hairstyle. Flanked by plantain trees. Initially misidentified by Dikshit as Dhenuka-badha; corrected by Saraswati. Accession no. A-6. (Source: Ahmed & Kabir 2016, PDF3)",https://drive.google.com/file/d/1KEHw4x28SDkcq6_kH4oltyv28RHtkcN1/view?usp=sharing,https://en.wikipedia.org/wiki/Paharpur_Archaeological_Museum
Vāyu (God of Wind),Paharpur Archaeological Museum,Stone Sculpture,Bluish Basalt,c. 8th century CE,"Central Temple Basement, Somapura Mahavihara, Paharpur, Naogaon",Gallery I,83 cm x 39 cm,K.N. Dikshit Excavation (1930s),"Vāyu, god of wind and guardian of the northwestern quarter, stands in samapadasthanaka pose. His head is framed by an inflated shawl — the distinctive sign of Vāyu in Eastern Indian iconography — the ends of which he holds symmetrically. Flanked by two small attendants, one male and one female, with similar fluttering shawls. Originally positioned on the southern basement wall (niche no. 39). Mistakenly identified by Dikshit and Saraswati as Yama due to its southern position; later correctly identified as Vāyu. Accession no. 1. (Source: Ahmed & Kabir 2016, PDF3)",https://drive.google.com/file/d/1L76NMwA7CGnx7LgCr4sdV5ESNdMOMGzP/view?usp=sharing,https://en.wikipedia.org/wiki/Paharpur_Archaeological_Museum
Chandra (Moon God),Paharpur Archaeological Museum,Stone Sculpture,Black Basalt,c. 8th century CE,"Central Temple Basement, Somapura Mahavihara, Paharpur, Naogaon",Gallery I,85 cm x 38.5 cm,K.N. Dikshit Excavation (1930s),"Chandra, the moon god, stands in samapadasthanaka pose on a projecting pedestal between two plantain trees. He wears a long loincloth and a broad vastropavita on his chest, with no other ornaments. His long hair is arranged in a jatamukuta above which is shown a large lying crescent moon. The right hand holds an akshamala (rosary) and the lowered left holds a small kamandalu (water pot). Originally in the north-western section of the temple (niche no. 60). First identified as Shiva by Dikshit; corrected by Saraswati as Chandra. (Source: Ahmed & Kabir 2016, PDF3)",https://drive.google.com/file/d/1O4v16NacCQPO8opaQY0OPuvuaNnIe2Wd/view?usp=sharing,https://en.wikipedia.org/wiki/Paharpur_Archaeological_Museum
Balarāma Avatāra,Paharpur Archaeological Museum,Stone Sculpture,Sandstone,c. 5th–6th century CE,"Central Temple Basement, Somapura Mahavihara, Paharpur, Naogaon",Gallery I,83 cm x 43 cm,K.N. Dikshit Excavation (1930s),"Balarāma, the elder brother of Krishna, represented as an avatāra standing on a plain pedestal with a slight bend (abhanga). Over his head is a seven-hooded snake canopy. Has four hands: upper right and left hold a pestle and ploughshare; lower right holds a wine cup; left hand is akimbo. Accompanied by male and female attendants, the female holding a wine flask and cup. Originally positioned alongside images of Krishna, Radha and Yamuna on the south-facing long wall (niche no. 24). Shows influence of Late Gupta tradition in ornaments. Accession no. 2. (Source: Ahmed & Kabir 2016, PDF3)",https://drive.google.com/file/d/12qrpf4cwNWTPTbD2a8g1mwXMiQ6D97ir/view?usp=sharing,https://en.wikipedia.org/wiki/Paharpur_Archaeological_Museum
Subhadrā-haraṇa (Arjuna Abducting Subhadrā),Paharpur Archaeological Museum,Stone Sculpture,Whitish Grey Sandstone,c. 6th–8th century CE,"Central Temple Basement, Somapura Mahavihara, Paharpur, Naogaon",Gallery I,50.5 cm x 27.5 cm,K.N. Dikshit Excavation (1930s),"A narrative panel depicting two divine figures with halos, both holding bows with arrows drawn at each other. The figure on the left (Krishna on Garuda) faces the one on the right (Arjuna on a chariot, two wheels visible in profile). A female figure (Subhadrā) bows low in fear. The scene depicts Arjuna's abduction of Subhadrā (Krishna's sister) with Krishna staging a mock fight to protect Balarāma's ego. Originally on the southern end of the main western wall (niche no. 54). Accession no. S-8. (Source: Ahmed & Kabir 2016, PDF3)",,https://en.wikipedia.org/wiki/Paharpur_Archaeological_Museum
Vasudeva and Devaki with Baby Krishna in Kaṃsa's Prison,Paharpur Archaeological Museum,Stone Sculpture,Sandstone,c. 5th–6th century CE,"Central Temple Basement, Somapura Mahavihara, Paharpur, Naogaon",Gallery I,N/A,K.N. Dikshit Excavation (1930s),"A narrative stone relief depicting Vasudeva and Devaki (Krishna's parents) in Kaṃsa's prison with baby Krishna. The panel belongs to the series of Krishna's early life stories which are the dominant subject matter of the Paharpur temple sculptures. This scene depicts the moment of Krishna's miraculous birth in the prison of his evil uncle Kaṃsa. From the 3rd group (8th century CE) of Saraswati's classification representing the indigenous Eastern Indian artistic tradition. (Source: Ahmed & Kabir 2016, PDF3)",,https://en.wikipedia.org/wiki/Paharpur_Archaeological_Museum
Gaṇeśa,Paharpur Archaeological Museum,Stone Sculpture,Sandstone,c. 7th–8th century CE,"Central Temple Basement, Somapura Mahavihara, Paharpur, Naogaon",Gallery I,N/A,K.N. Dikshit Excavation (1930s),"A sandstone sculpture of Gaṇeśa, the elephant-headed Hindu deity and remover of obstacles, recovered from the basement wall of the Paharpur central temple. One of only three Gaṇeśa sculptures among the 63 stone sculptures at Paharpur. His presence is linked to Tantric Vajrayana Buddhist practice which incorporated Brahmanical deities in outer mandala positions around the main Buddhist shrine. (Source: Ahmed & Kabir 2016, PDF3)",,https://en.wikipedia.org/wiki/Paharpur_Archaeological_Museum
Kīrtimukha (Face of Glory),Paharpur Archaeological Museum,Stone Sculpture,Sandstone,c. 5th–6th century CE,"Paharpur Excavation, Naogaon",Gallery I,N/A,K.N. Dikshit Excavation (1930s),"A stone image of Kīrtimukha — the 'face of glory', a fierce leonine face used as an auspicious guardian motif above doorways and in temple decoration in Hindu and Buddhist traditions. The Kīrtimukha is associated with Śiva and also appears in the terracotta plaques of Paharpur. Accession no. listed in the museum as 5th–6th century CE. (Source: Ahmed & Kabir 2016, PDF3)",,https://en.wikipedia.org/wiki/Paharpur_Archaeological_Museum 
Nāga / Door Jamb with Chakrapuruṣa,Paharpur Archaeological Museum,Stone Sculpture,Stone,c. 5th–6th century CE,"Central Temple Basement, Somapura Mahavihara, Paharpur, Naogaon",Gallery I,N/A,K.N. Dikshit Excavation (1930s),"Currently labelled as 'Nāga' in the museum, Dr. Enamul Haque has identified this sculpture as a door jamb depicting Chakrapuruṣa (personification of the wheel/discus of Viṣṇu). The mislabelling illustrates the ongoing debate about iconographic identification of the Paharpur sculptures. An important example of the museum's need for updated scholarly labels. (Source: Ahmed & Kabir 2016, PDF3)",https://upload.wikimedia.org/wikipedia/commons/thumb/3/3d/Paharpur_Museum_Naga.jpg/220px-Paharpur_Museum_Naga.jpg,https://en.wikipedia.org/wiki/Paharpur_Archaeological_Museum 
Dancing Female Figure,Paharpur Archaeological Museum,Stone Sculpture,Sandstone,c. 8th century CE,"Central Temple Basement, Somapura Mahavihara, Paharpur, Naogaon",Gallery I,N/A,K.N. Dikshit Excavation (1930s),"One of four panels depicting female dancing figures found at the Paharpur temple basement. These figures represent the free-flowing, dynamic positions of classical dance and belong to Saraswati's third group (8th century CE) — the undiluted indigenous Eastern Indian artistic tradition. Their lively compositions represent an art style seldom found in stone but common in terracotta, characteristic of the Paharpur artistic school. (Source: Ahmed & Kabir 2016, PDF3)",https://upload.wikimedia.org/wikipedia/commons/thumb/9/9a/Paharpur_Museum_DancingFemale.jpg/220px-Paharpur_Museum_DancingFemale.jpg,https://en.wikipedia.org/wiki/Paharpur_Archaeological_Museum 
Part of a Stela — Flying Vidyādhara,Paharpur Archaeological Museum,Stone Sculpture,Stone,c. 7th–8th century CE,"Paharpur Excavation, Naogaon",Gallery I,N/A,Paharpur Excavation,"Part of a stela showing a flying Vidyādhara — a celestial being in Hindu and Buddhist mythology who possesses magical knowledge (vidyā). Vidyādharas are depicted flying through the air, often carrying garlands. This fragment is a rare example of this iconographic type in the Paharpur sculptural corpus and attests to the cosmopolitan mythological vocabulary shared by Buddhist and Brahmanical traditions in medieval Bengal. (Source: Ahmed & Kabir 2016, PDF3)",,https://en.wikipedia.org/wiki/Paharpur_Archaeological_Museum 
Hevajra with Śakti (Fragmentary),Paharpur Archaeological Museum,Stone Sculpture,Stone,c. 10th–11th century CE,"Eastern Wing — Monk's Cell, Somapura Mahavihara, Paharpur, Naogaon",Gallery I,N/A,Later Excavation (Bangladesh Period),Fragmentary image of Hevajra — a male Tantric deity — in passionate embrace with his Śakti (the personification of divine feminine creative power). Described by World Heritage Journeys Europe as one of the finest items in the Paharpur Museum collection and by Lonely Planet as 'the finest item in the collection'. The image attests to the Vajrayana Tantric Buddhist practice at Paharpur. Belongs to the later phase (10th–11th century CE) of Paharpur's occupation. (Sources: Ahmed & Kabir 2016; World Heritage Journeys; Lonely Planet),,https://en.wikipedia.org/wiki/Paharpur_Archaeological_Museum 
"Kubera (Seated, God of Wealth)",Paharpur Archaeological Museum,Stone Sculpture,Stone,c. 8th century CE,"Paharpur Excavation, Naogaon",Gallery I,N/A,K.N. Dikshit Excavation (1930s),"A seated image of Kubera, the Hindu and Buddhist god of wealth, displayed at the Paharpur Museum. In the Paharpur temple, Kubera appears as a Dikpāla (guardian of a cardinal direction — the north). The reverse side of another sculpture at Paharpur shows a defaced face of Kubera, suggesting possible reuse of earlier sculptural material. One of very few independent Kubera images from Paharpur. (Source: Ahmed & Kabir 2016, PDF3)",,https://en.wikipedia.org/wiki/Paharpur_Archaeological_Museum 
Colossal Bronze Buddha (Torso Fragment),Paharpur Archaeological Museum,Bronze Sculpture,Bronze,c. 9th–10th century CE,"Eastern Wing — Monk's Cell 37, Somapura Mahavihara, Paharpur, Naogaon",Gallery II,83 cm (preserved height); est. full height c. 240 cm,Later Excavation (Bangladesh Period),"A fragment of a colossal standing bronze Buddha — the upper body and head — discovered in cell 37 of the eastern wing, buried upside down under the second floor of the late phase of the monastery. The full image is estimated to have been approximately 240 cm high, making it the largest standing bronze image in Bengal. The rounded face shows urna, half-closed eyes, full lips, elongated earlobes, ushnisa and small snail curls. Reminiscent of Classical Gupta art. According to Lonely Planet this image is 'usually away on a seemingly endless world tour.' (Sources: Ahmed & Kabir 2016; Lonely Planet; Wikipedia)",,https://en.wikipedia.org/wiki/Paharpur_Archaeological_Museum 
Bronze Buddha Bust (Medium),Paharpur Archaeological Museum,Bronze Sculpture,Bronze,c. 9th–10th century CE,"Somapura Mahavihara, Paharpur, Naogaon",Gallery II,Medium-size,Paharpur Excavation (Bangladesh Period),"A medium-sized bronze bust of a Buddha — one of the principal collections of the Paharpur Museum listed on Wikipedia. Along with the colossal bronze torso, this bust represents the Buddhist bronze-casting tradition at Paharpur under the Pāla dynasty. Stucco Buddha heads unearthed at Paharpur are similar to the Gandhāra style of Indo-Hellenic sculpture. (Sources: Wikipedia; Lonely Planet)",,https://en.wikipedia.org/wiki/Paharpur_Archaeological_Museum 
"Hāragaurī (Decorated Metal, Damaged)",Paharpur Archaeological Museum,Metal Sculpture,Metal (Bronze/Alloy),c. 9th–12th century CE,"Somapura Mahavihara, Paharpur, Naogaon",Gallery II,N/A,Paharpur Excavation,"A damaged decorated metal image of Hāragaurī — the composite form of Śiva (Hara) and Pārvatī (Gaurī). Listed among the notable preserved statues in the Paharpur Museum on Wikipedia. Though damaged, this piece attests to the Brahmanical sculptural tradition at Paharpur alongside the dominant Buddhist iconographic programme. (Source: Wikipedia)",,https://en.wikipedia.org/wiki/Paharpur_Archaeological_Museum 
Nude Jain Idol (Bronze),Paharpur Archaeological Museum,Bronze Sculpture,Bronze,c. 8th–10th century CE,"Somapura Mahavihara, Paharpur, Naogaon",Gallery II,N/A,Paharpur Excavation,"A nude Jain idol (Tīrthankara in kāyotsarga — the standing meditation posture) in bronze. Listed among the notable metal statues of the Paharpur Museum on Wikipedia. The presence of Jain bronzes at Paharpur is consistent with the copper plate grant mentioning the Jaina Vihāra of Guhanandin at Vatagohali during 478–479 CE, confirming the multi-religious character of the Paharpur area. (Source: Wikipedia; Ahmed & Kabir 2016)",https://upload.wikimedia.org/wikipedia/commons/thumb/4/45/Paharpur_Museum_JainIdol.jpg/220px-Paharpur_Museum_JainIdol.jpg,https://en.wikipedia.org/wiki/Paharpur_Archaeological_Museum 
Sandstone Brahma (God of Creation),Paharpur Archaeological Museum,Stone Sculpture,Sandstone,c. 10th–11th century CE,"Somapura Mahavihara region, Paharpur, Naogaon",Gallery I,N/A,Paharpur Excavation (Bangladesh Period),"A sandstone sculpture of Brahma, the Hindu god of creation, dated to the 10th–11th century CE. Described by World Heritage Journeys Europe as part of the Paharpur collection with caption 'Sandstone sculpture of God Brahma (10th–11th century CE) displayed at Paharpur Museum'. The piece belongs to the later phase of the Paharpur site's occupation and represents the continued Brahmanical religious presence at the site into the Post-Pāla period. (Source: World Heritage Journeys Europe)",https://upload.wikimedia.org/wikipedia/commons/thumb/7/7b/Paharpur_Museum_Brahma_Sandstone.jpg/220px-Paharpur_Museum_Brahma_Sandstone.jpg,https://visitworldheritage.com/en/eu/paharpur-museum/929219aa-ee71-4109-b8a3-251d83025d16 
Bodhisattva Padmapāṇi (Stone Relief),Paharpur Archaeological Museum,Stone Sculpture,Stone,c. early Pāla period (8th–9th century CE),"Central Temple — South Middle Wall, Somapura Mahavihara, Paharpur, Naogaon",Gallery I,,K.N. Dikshit Excavation (1930s),"The only sculpture on the Paharpur temple surface with definite Buddhist association besides the Nativity of Buddha panel. The god stands in rigid samapadasthanaka pose with left hand holding a lotus by the stalk; the right hand (broken) was probably in varada mudrā. Two mutilated attendant figures flank the deity. Head surrounded by a lotus halo; stela rounded at top with ornamental borders. Originally on the middle of the southern wall; a masonry kunda was built in front of it indicating special veneration. A later insertion into the temple wall. (Source: Ahmed & Kabir 2016, PDF3)",https://upload.wikimedia.org/wikipedia/commons/thumb/9/99/Paharpur_Museum_Padmapani.jpg/220px-Paharpur_Museum_Padmapani.jpg,https://en.wikipedia.org/wiki/Paharpur_Archaeological_Museum 
Nativity of Buddha at Lumbinī (Stone Relief),Paharpur Archaeological Museum,Stone Sculpture,Sandstone,c. 5th–8th century CE,"Central Temple — South-Western Wall, Somapura Mahavihara, Paharpur, Naogaon",Gallery I,,K.N. Dikshit Excavation (1930s),"One of only two Buddhist iconographic representations on the Paharpur temple wall. The panel (niche no. 52, south-western wall) depicts a woman standing with crossed legs grasping branches of a tree — Queen Māyā at the moment of the Buddha's birth in the Lumbinī garden — with a child to her right and a man beside her. S.K. Saraswati noted compositional affinity with the classic Lumbinī nativity scene. The only representations of Buddhist iconography amidst the predominantly Brahmanical sculptural programme. (Source: Ahmed & Kabir 2016, PDF3)",https://upload.wikimedia.org/wikipedia/commons/thumb/c/c7/Paharpur_Museum_Nativity.jpg/220px-Paharpur_Museum_Nativity.jpg,https://en.wikipedia.org/wiki/Paharpur_Archaeological_Museum 
"Terracotta Plaques — Cattle Images (Collection, 6 pieces at Mainamati Museum)",Paharpur Archaeological Museum,Terracotta,Baked Clay,c. 7th–12th century CE,"Salban Vihāra / Bhoja Vihāra / Ananda Vihāra / Ranir Bungalow Temple, Paharpur & Mainamati",Gallery III,Various sizes,Excavation — Multiple Sites,"Out of 2,944 terracotta plaques studied by Uddin (2022), 29 depict cattle. Those from Paharpur sites include: 17 from Somapura Mahavihara (12 in store, 3 in situ in temple, 1 in Varendra Research Museum); 6 from Salban Vihāra (3 in Mainamati Museum, 2 in situ, 1 in Bangladesh National Museum); 1 from Ananda Vihāra; 3 from Bhoja Vihāra; 2 from Ranir Bungalow Temple. Subjects include cows grazing, moving, with calves, resting, grooming, in narrative (Krishna) scenes; bulls charging, moving, in story; buffaloes grazing, moving, dancing, in story. (Source: Uddin 2022, PDF1)",,https://en.wikipedia.org/wiki/Somapura_Mahavihara 
Terracotta Plaque — Cow in Grazing Posture (3 pieces),Paharpur Archaeological Museum,Terracotta Plaque,Baked Clay,c. 8th–12th century CE,"Somapura Mahavihara, Paharpur, Naogaon",Gallery III / Store,Various sizes,Paharpur Museum Store,"Three terracotta plaques showing a cow in grazing posture (right lateral view) from Somapura Mahavihara. One shows the cow with a long horn; two others have comparatively short horns. The artist depicts the physique of the cow realistically — dewclaw and hoofs carved perfectly. On one plaque (Fig. 3) body hair of the cow is depicted with etched scratch marks. Currently preserved in the Paharpur Museum Store. (Source: Uddin 2022, PDF1)",,https://en.wikipedia.org/wiki/Somapura_Mahavihara 
Terracotta Plaque — Cow and Calf,Paharpur Archaeological Museum,Terracotta Plaque,Baked Clay,c. 8th–12th century CE,"Somapura Mahavihara, Paharpur, Naogaon",Store / In Situ,,"Varendra Research Museum, Rajshahi (Cow & Calf); In Situ (Calf alone)","A beautiful terracotta plaque from Somapura Mahavihara depicting a cow with a calf beside her — both facing left with heads turned back and front legs uplifted, appearing to run and look back with fear. A separate plaque depicting only a jumping calf with all four legs in the air is now in situ in the temple wall at Paharpur. The cow-and-calf plaque is now at Varendra Research Museum, Rajshahi. (Source: Uddin 2022, PDF1)",,https://en.wikipedia.org/wiki/Somapura_Mahavihara 
Terracotta Plaque — Ploughing Cow (Ranir Bungalow),Paharpur Archaeological Museum,Terracotta Plaque,Baked Clay,c. 11th–13th century CE,"Ranir Bungalow Temple, Mainamati, Comilla",Mainamati Museum Store,,"Mainamati Museum Store, Kotbari, Comilla","One extraordinary plaque from Ranir Bungalow Temple, Mainamati (the northernmost site in the Lalmai-Mainamati region), showing a man ploughing the field with two cows. The cows have a wooden yoke barrier and pull a hook-shaped plough. The farmer stands behind holding the grip with his left hand and striking the cow's back with his right hand. This is the only terracotta plaque from Bangladesh depicting ploughing and agricultural tools from the 8th–11th centuries CE. (Source: Uddin 2022, PDF1)",,https://en.wikipedia.org/wiki/Somapura_Mahavihara 
Terracotta Plaque — Krishna Riding Cow (Cow in Story),Paharpur Archaeological Museum,Terracotta Plaque,Baked Clay,c. 8th–10th century CE,"Salban Vihāra, Kotbari, Comilla","In Situ — Temple Wall, Kotbari",,"In situ position in temple wall, Kotbari, Comilla District","A terracotta plaque from a newly excavated temple of Salban Vihāra depicting young Krishna (Gana Gopāla) riding on a cow. Krishna holds a flute in his right hand and touches the cow with his left. The cow has big horns, is saddled with cloth and has a garland on its neck, depicted in a moving gesture with an upraised tail. Four half-lotus-shaped designs decorate the four corners of the plaque. The 'Kaka-paksha' (crow-wing) hairstyle identifies Krishna. (Source: Uddin 2022, PDF1)",,https://en.wikipedia.org/wiki/Somapura_Mahavihara 
Terracotta Plaque — Moving Bull (at National Museum),Paharpur Archaeological Museum,Terracotta Plaque,Baked Clay,c. 8th–12th century CE,"Mainamati Region, Comilla District","National Museum Display, Dhaka",,"National Museum Display, Dhaka","A terracotta plaque from the Mainamati region depicting a muscular bull with artistic excellence comparable to a fine sculpture. Half of the plaque is broken away. The remaining portion shows a bull with perfectly carved sharp horns, muzzle, wide nostril and dewlap. This piece is now on permanent display at the Bangladesh National Museum, Dhaka, where it stands as one of the finest examples of animal depiction in Bangladeshi terracotta art. (Source: Uddin 2022, PDF1)",,https://en.wikipedia.org/wiki/Somapura_Mahavihara 
Terracotta Plaque — Buffalo in Dancing Posture,Paharpur Archaeological Museum,Terracotta Plaque,Baked Clay,c. 8th–12th century CE,"Somapura Mahavihara, Paharpur, Naogaon",Paharpur Museum Store,,"Paharpur Museum Store, Paharpur, Naogaon","One attractive terracotta plaque from Somapura Mahavihara showing a buffalo dancing on its hind legs. The entire body of the buffalo is decorated with pointed marks and rope-like striped marks on the neck. Two twisted horns, small ears and two well-decorated rounded eyes depict the dancing buffalo's image. The unusual dancing posture suggests a narrative story context. (Source: Uddin 2022, PDF1)",,https://en.wikipedia.org/wiki/Somapura_Mahavihara 
Terracotta Plaque — Buffalo in Story (Archer Riding Buffalo),Paharpur Archaeological Museum,Terracotta Plaque,Baked Clay,c. 11th–13th century CE,"Ranir Bungalow Temple, Mainamati, Comilla",Mainamati Museum Store,,"Mainamati Museum Store, Kotbari, Comilla","A terracotta plaque from Ranir Bungalow Temple, Mainamati, showing a buffalo carrying a rider. The upper part of the plaque is broken away. The remaining portion shows an archer riding the buffalo (traces of the bow visible) with another archer standing on the ground beside the buffalo, holding a bow. The wide nostril, visible tongue and protrusion of eyes show the aggressive mood of the buffalo. This may depict a battle scene story. (Source: Uddin 2022, PDF1)",,https://en.wikipedia.org/wiki/Somapura_Mahavihara 
Cāmuṇḍā (Sandstone),Paharpur Archaeological Museum,Stone Sculpture,Sandstone,c. 8th–10th century CE,"Somapura Mahavihara region, Paharpur, Naogaon",Gallery I,,Paharpur Excavation,A sandstone Cāmuṇḍā statue — the fierce form of the goddess among the Saptamātrkā (seven mother goddesses) — listed among the notable preserved statues at Paharpur Museum. Cāmuṇḍā is depicted in her emaciated terrifying form. The presence of Śākta goddess images alongside Buddhist and Vaiṣṇava sculptures attests to the syncretic religious environment at Somapura Mahavihara. (Source: Wikipedia),,https://en.wikipedia.org/wiki/Paharpur_Archaeological_Museum 
Standing Śītalā (Red Stone),Paharpur Archaeological Museum,Stone Sculpture,Red Stone,c. 8th–12th century CE,"Somapura Mahavihara region, Paharpur, Naogaon",Gallery I,N/A,Paharpur Excavation,"A standing image of Śītalā, the Bengali folk goddess of smallpox and cooling diseases, made of red stone. Listed among the notable preserved statues at Paharpur Museum on Wikipedia. Śītalā's presence here reflects the folk and popular religious traditions that existed alongside mainstream Buddhism and Brahmanical religion at Paharpur. (Source: Wikipedia)",,https://en.wikipedia.org/wiki/Paharpur_Archaeological_Museum 
Viṣṇu Fragment (Black Stone),Paharpur Archaeological Museum,Stone Sculpture,Black Stone,c. 8th–10th century CE,"Somapura Mahavihara, Paharpur, Naogaon",Gallery I,,Paharpur Excavation,"A fragment of a Viṣṇu image made of black stone, listed among the notable preserved statues at Paharpur Museum. Vishnu images are notably absent from the 63 stone sculptures originally attached to the Paharpur temple, making this fragment — found elsewhere during excavation — an important addition to understanding the full religious scope of the site. (Source: Wikipedia; Ahmed & Kabir 2016)",,https://en.wikipedia.org/wiki/Paharpur_Archaeological_Museum 
Standing Gaṇeśa (Black Stone),Paharpur Archaeological Museum,Stone Sculpture,Black Stone,c. 8th–10th century CE,"Somapura Mahavihara, Paharpur, Naogaon",Gallery I,,Paharpur Excavation,"A standing Gaṇeśa image made of black stone, listed among the notable preserved statues at Paharpur Museum. Distinct from the sandstone Gaṇeśa on the temple wall, this black stone piece was likely found elsewhere during excavation. Gaṇeśa was one of the most popular Hindu deities incorporated into the Vajrayana Buddhist mandala at Paharpur. (Source: Wikipedia)",,https://en.wikipedia.org/wiki/Paharpur_Archaeological_Museum 
Broken Lakṣmī-Nārāyaṇa (Black Stone),Paharpur Archaeological Museum,Stone Sculpture,Black Stone,c. 9th–12th century CE,"Somapura Mahavihara region, Paharpur, Naogaon",Gallery I,,Paharpur Excavation,"A broken statue of Lakṣmī-Nārāyaṇa (Viṣṇu with his consort Lakṣmī) made of black stone, listed among the notable preserved statues at Paharpur Museum. This Vaiṣṇava composite image represents the union of Viṣṇu and Lakṣmī; the broken state suggests damage from the invasions and destructions the Paharpur monastery suffered over its history. (Source: Wikipedia)",,https://en.wikipedia.org/wiki/Paharpur_Archaeological_Museum 
Umā (Black Stone),Paharpur Archaeological Museum,Stone Sculpture,Black Stone,c. 9th–12th century CE,"Somapura Mahavihara region, Paharpur, Naogaon",Gallery I,,Paharpur Excavation,"An Umā (Pārvatī) statue made of black stone, listed among the notable preserved statues at Paharpur Museum. Umā is the principal consort of Śiva and her image attests to the Śaiva tradition at Paharpur. Several Śiva sculptures are found on the temple wall while Umā-Maheśvara and Hāra-Gaurī composite forms are notably absent from the original 63 sculptures, making this separate Umā image significant. (Source: Wikipedia; Ahmed & Kabir 2016)",,https://en.wikipedia.org/wiki/Paharpur_Archaeological_Museum 
Gaurī (Sandstone),Paharpur Archaeological Museum,Stone Sculpture,Sandstone,c. 9th–12th century CE,"Somapura Mahavihara region, Paharpur, Naogaon",Gallery I,,Paharpur Excavation,"A Gaurī (another name for Pārvatī, the white/fair goddess) image made of sandstone, listed among the notable preserved statues at Paharpur Museum. Gaurī represents the benevolent aspect of the goddess as the consort of Śiva. (Source: Wikipedia)",,https://en.wikipedia.org/wiki/Paharpur_Archaeological_Museum 
Viṣṇu (Sandstone),Paharpur Archaeological Museum,Stone Sculpture,Sandstone,c. 8th–10th century CE,"Somapura Mahavihara region, Paharpur, Naogaon",Gallery I,,Paharpur Excavation,"A sandstone Viṣṇu statue, listed among the notable preserved statues at Paharpur Museum. Depicted with his characteristic four attributes — conch (śaṅkha), discus (cakra), mace (gadā), and lotus (padma). During the Pāla period the worship of Viṣṇu was at its highest level in Bengal, making Vaiṣṇava images particularly significant for this period. (Source: Wikipedia; Ahmed & Kabir 2016)",,https://en.wikipedia.org/wiki/Paharpur_Archaeological_Museum 
Nandī (Sandstone),Paharpur Archaeological Museum,Stone Sculpture,Sandstone,c. 8th–10th century CE,"Somapura Mahavihara region, Paharpur, Naogaon",Gallery I,,Paharpur Excavation,A sandstone Nandī statue — the sacred bull and vehicle of Śiva — listed among the notable preserved statues at Paharpur Museum. A Nandī image in context with Śiva and related images reflects the Śaiva religious practice at and around Paharpur. (Source: Wikipedia),,https://en.wikipedia.org/wiki/Paharpur_Archaeological_Museum 
Sūrya (Sandstone),Paharpur Archaeological Museum,Stone Sculpture,Sandstone,c. 8th–10th century CE,"Somapura Mahavihara region, Paharpur, Naogaon",Gallery I,,Paharpur Excavation,"A sandstone Sūrya (sun god) statue listed among the notable preserved statues at Paharpur Museum. Sūrya images are notably absent from the original 63 sculptures on the temple wall (Ahmed & Kabir 2016 note this), making this separately excavated sandstone piece an important addition to understanding the broader religious iconography of the Paharpur site. (Source: Wikipedia; Ahmed & Kabir 2016)",,https://en.wikipedia.org/wiki/Paharpur_Archaeological_Museum 
Śivaliṅga (Black Stone),Paharpur Archaeological Museum,Stone Sculpture,Black Stone,c. 8th–12th century CE,"Somapura Mahavihara region, Paharpur, Naogaon",Gallery I,,Paharpur Excavation,"A Śivaliṅga made of black stone, listed among the notable preserved statues at Paharpur Museum. The Śivaliṅga is the primary aniconic symbol of Lord Śiva in Hindu worship. Its presence at a predominantly Buddhist site reflects the religious syncretism of medieval Bengal where Buddhist and Brahmanical traditions coexisted. (Source: Wikipedia)",,https://en.wikipedia.org/wiki/Paharpur_Archaeological_Museum 
Manasā (Sandstone),Paharpur Archaeological Museum,Stone Sculpture,Sandstone,c. 8th–12th century CE,"Somapura Mahavihara region, Paharpur, Naogaon",Gallery I,,Paharpur Excavation,"A sandstone Manasā (serpent goddess) statue, listed among the notable preserved statues at Paharpur Museum. Manasā is noted as absent from the original 63 temple-wall sculptures (Ahmed & Kabir 2016 observe that popular Hindu cults like Manasā were intentionally avoided in the temple decoration). This separately excavated sandstone Manasā reflects the folk religious traditions of the region. (Source: Wikipedia; Ahmed & Kabir 2016)",,https://en.wikipedia.org/wiki/Paharpur_Archaeological_Museum 
Copper & Silver Coins Collection (8th–16th century),Paharpur Archaeological Museum,Numismatic Collection,Copper / Silver,8th–16th century CE,"Somapura Mahavihara, Paharpur, Naogaon",Gallery IV,Various denominations,Paharpur Excavation (Multiple Periods),"A collection of old copper and silver coins from the 8th to 16th centuries CE, listed among the collections of the Paharpur Museum on Wikipedia. These span the Pāla, Sena, Sultanate and early Mughal periods, providing a continuous numismatic sequence documenting the history of Paharpur and north Bengal. The coins provide chronological evidence for the long occupation of the site. (Source: Wikipedia)",,https://en.wikipedia.org/wiki/Paharpur_Archaeological_Museum 
Terracotta Seals & Sealings,Paharpur Archaeological Museum,Terracotta Seals,Baked Clay,c. 8th–12th century CE,"Somapura Mahavihara, Paharpur, Naogaon",Gallery IV,Miniature,Paharpur Excavation,"A collection of terracotta seals and sealings from Paharpur excavations. Two inscriptions — one copper plate grant and one terracotta sealing — mention religious establishments at the site. Terracotta sealings from Nalanda also mention monks from Somapura, confirming the network between these major Buddhist institutions. The sealings show the Buddhist 'wheel of law' flanked by two deer in the upper register with inscription below. (Source: Ahmed & Kabir 2016, PDF3)",,https://en.wikipedia.org/wiki/Somapura_Mahavihara 
Terracotta Amulets & Minor Clay Objects,Paharpur Archaeological Museum,Terracotta,Baked Clay,c. 8th–12th century CE,"Somapura Mahavihara, Paharpur, Naogaon",Gallery IV,Various sizes,Paharpur Excavation,"A collection of terracotta amulets and other minor clay objects listed among the Paharpur Museum collections on Wikipedia, including truncated cone-shaped daggers, flat discs, cylindrical beads, stepped pyramids, lotus petals, chessboard patterns and oblong medals with half-bloomed lotuses. These objects provide evidence of the daily religious and material life of the monks and the lay community at Paharpur. (Source: Wikipedia)",,https://en.wikipedia.org/wiki/Paharpur_Archaeological_Museum 
Decorated & Ornamental Bricks,Paharpur Archaeological Museum,Architectural Element,Fired Brick,c. 8th–12th century CE,"Somapura Mahavihara, Paharpur, Naogaon",Gallery III,Various sizes,Paharpur Excavation,"A collection of decorated and ornamental bricks from the Paharpur monastery complex, listed among the main collections of the Paharpur Museum. The central temple's three-tier walls were decorated with carved brick cornices, friezes of terracotta plaques and stone sculptures. The ornamental bricks show intricate patterns including floral, geometric and architectural motifs that are characteristic of the Pāla period architectural tradition. (Sources: Wikipedia; UNESCO; Rahman & Nipa 2017, PDF2)",,https://en.wikipedia.org/wiki/Paharpur_Archaeological_Museum 
Pottery Collection (Various Types),Paharpur Archaeological Museum,Pottery,Fired Clay,c. 8th–16th century CE,"Somapura Mahavihara, Paharpur, Naogaon",Gallery IV,Various,Paharpur Excavation (Multiple Periods),"A collection of pottery and ceramics from Paharpur covering the pre-Pāla, Pāla, and Islamic periods, listed among the main collections of the Paharpur Museum. Includes a variety of vessel types used by the monastery's monk community. One room of the monastery revealed big lumps of charcoal — remains of palm wood used as roof rafter — destroyed in a fire attack by Vangala forces mentioned in the Nalanda inscription. (Sources: Wikipedia; Ahmed & Kabir 2016)",,https://en.wikipedia.org/wiki/Paharpur_Archaeological_Museum 
Terracotta Female Figurines & Animal Portraits,Paharpur Archaeological Museum,Terracotta,Baked Clay,c. 8th–12th century CE,"Somapura Mahavihara, Paharpur, Naogaon",Gallery III,Small / Miniature,Paharpur Excavation,"A collection of terracotta female figurines and animal portraits (separate from the architectonic temple plaques) listed among the Paharpur Museum collections. The animal portraits include depictions of various fauna from the Paharpur region. The female figurines include both religious and secular subjects, adding to the understanding of daily life and religious practice at the medieval monastery. (Source: Wikipedia)",,https://en.wikipedia.org/wiki/Paharpur_Archaeological_Museum 
Oil Painting — Queen of Dubalhāṭi,Paharpur Archaeological Museum,Painting,Oil on Canvas,Modern (historical portrait),"Dubalhāṭi Estate, Naogaon region",Gallery IV,,Donated,"An oil painting of the Queen of Dubalhāṭi estate, listed among the notable preserved items at Paharpur Museum. This painting provides historical context for the local aristocratic patronage and history of the Naogaon region in the 19th–20th century. The Dubalhāṭi estate was one of the significant zamindari estates in the Naogaon district. (Source: Wikipedia)",,https://en.wikipedia.org/wiki/Paharpur_Archaeological_Museum 
Stone Head of Bodhisattva,Paharpur Archaeological Museum,Stone Sculpture,Stone,c. 10th–11th century CE,"Somapura Mahavihara, Paharpur, Naogaon",Gallery I,,Later Excavation (Bangladesh Period),"A loose stone head of a Bodhisattva discovered during Dikshit's excavation, belonging to the 10th–11th century CE. It indicates the continuity of Buddhism in the Paharpur establishment well into the later Pāla period. Along with a fragmentary image of Hevajra with Śakti, a mutilated torso of a Bodhisattva, and a standing female figure of Tārā from the same period. (Source: Ahmed & Kabir 2016, PDF3)",,https://en.wikipedia.org/wiki/Paharpur_Archaeological_Museum 
Standing Female Figure of Tārā (Stone),Paharpur Archaeological Museum,Stone Sculpture,Stone,c. 10th–11th century CE,"Somapura Mahavihara, Paharpur, Naogaon",Gallery I,,Dikshit / Later Excavation,"A loose standing female figure of Tārā (Buddhist goddess) discovered at Paharpur. Along with the Bodhisattva head and Hevajra fragment, this 10th–11th century piece indicates the continued importance of Vajrayana Buddhist practice at Paharpur well into the later Pāla period. The only Buddhist Bodhisattva sculpture fixed on the Paharpur temple wall is Padmapāṇi, making this loose Tārā an important supplement to the Buddhist iconographic record of the site. (Source: Ahmed & Kabir 2016, PDF3)",,https://en.wikipedia.org/wiki/Paharpur_Archaeological_Museum 
Historical Documents of Liberation War,Bangladesh Military Museum,Document/Archive,Paper/Digital,1971,Bangladesh,Victory Arena,Various,,"Original and digital form documents related to the Bangladesh Liberation War of 1971, displayed under the 60-ft glass dome",,https://bangladeshmilitarymuseum.org/gallery/victory-arena
Sculptures of Liberation War Heroes,Bangladesh Military Museum,Sculpture,Mixed Media,1971,Bangladesh,Victory Arena,Life-size,,"Sculptures of freedom fighters and heroes of the Liberation War 1971, placed under the 60-ft glass dome",,https://bangladeshmilitarymuseum.org/gallery/victory-arena
Model of Sepoy Mutiny 1857,Bangladesh Military Museum,Scale Model,Mixed Media,,Indian Subcontinent,Victory Arena,Large scale,,"Detailed diorama depicting the Sepoy Mutiny of 1857, representing the colonial-era resistance against British rule",,https://bangladeshmilitarymuseum.org/gallery/victory-arena
Graphical Representations – Colonial History,Bangladesh Military Museum,Graphic/Display Panel,Digital/Print,,Bangladesh/Indian Subcontinent,Victory Arena,Panel,,Graphical and pictorial representations of key military and historical events from the colonial era,,https://bangladeshmilitarymuseum.org/gallery/victory-arena
Map of Bangladesh (Pre & Post 1971),Bangladesh Military Museum,Map/Document,Print/Digital,1971,Bangladesh,Victory Arena,Wall-size,,"Detailed maps showing Bangladesh before and after the 1971 Liberation War, illustrating territorial and political changes",,https://bangladeshmilitarymuseum.org/gallery/victory-arena
Artefacts of Nawab Siraj ud-Daulah Era,Bangladesh Military Museum,Historical Artefact,Various,,Bengal,Victory Arena,Various,,"Items and displays connected to Nawab Siraj ud-Daulah and the Battle of Plassey, representing early resistance against colonial rule",,https://bangladeshmilitarymuseum.org/gallery/victory-arena
Kazi Nazrul Islam Poetry Displays,Bangladesh Military Museum,Document/Literature Display,Print/Digital,,Bangladesh,Victory Arena,Panel,,"Displays featuring the revolutionary poetry of Kazi Nazrul Islam, the national poet of Bangladesh",,https://bangladeshmilitarymuseum.org/gallery/victory-arena
Arms Gallery – Vintage Rifles (British Raj),Bangladesh Military Museum,Firearm,Steel/Wood,,Indian Subcontinent,Army Gallery – Arms Gallery,Various,,"Collection of vintage rifles from the British Raj era, including Lee-Enfield and other colonial-period service rifles",,https://bangladeshmilitarymuseum.org/gallery/army-gallery
Weapons Used in the Liberation War 1971,Bangladesh Military Museum,Firearm/Weapon,Steel/Metal,1971,Bangladesh,Army Gallery – Liberation War Arms,Various,,"Collection of firearms and weapons actively used by freedom fighters during the Bangladesh Liberation War 1971, including captured Pakistani army weapons",,https://bangladeshmilitarymuseum.org/gallery/army-gallery
Anti-Aircraft Guns,Bangladesh Military Museum,Artillery,Steel,1971,Bangladesh,Army Gallery / Outdoor,Heavy,,"Anti-aircraft gun(s) used during war operations, representing Bangladesh's air defense history",,https://bangladeshmilitarymuseum.org/gallery/army-gallery
Cannons (Liberation War Era),Bangladesh Military Museum,Artillery,Cast Iron/Steel,1971,Bangladesh,Army Gallery / Outdoor,Heavy,,Historical cannons used during or associated with Bangladesh's Liberation War period,,https://bangladeshmilitarymuseum.org/gallery/outdoor-exhibits-gallery
Bangladesh Army Uniforms – Various Periods,Bangladesh Military Museum,Uniform/Apparel,Textile/Fabric,,Bangladesh,Army Gallery,Life-size mannequins,,"Collection of Bangladesh Army uniforms from different historical periods, showing evolution of military dress",,https://bangladeshmilitarymuseum.org/gallery/army-gallery
Bangladesh Army Badges and Insignia,Bangladesh Military Museum,Medal/Insignia,Metal/Fabric,,Bangladesh,Army Gallery,Small,,"Collection of army badges, rank insignia, and unit identifiers from various periods of the Bangladesh Army",,https://bangladeshmilitarymuseum.org/gallery/army-gallery
Caps and Headgear Collection,Bangladesh Military Museum,Uniform/Apparel,Textile,,Bangladesh,Army Gallery,Various,,Military caps and headgear worn by Bangladesh Army personnel across different eras and ranks,,https://bangladeshmilitarymuseum.org/gallery/army-gallery
Medals and War Honours,Bangladesh Military Museum,Medal/Award,Metal,,Bangladesh,Army Gallery / UN & CHT Gallery,Small,,"Collection of war medals, gallantry awards, and honours awarded to Bangladesh military personnel for bravery and service",,https://bangladeshmilitarymuseum.org/gallery/army-gallery
Model of Padma Bridge,Bangladesh Military Museum,Scale Model,Mixed Material,,Bangladesh,Army Gallery,Large model,,"Scale model of the Padma Bridge, representing the Bangladesh Army Corps of Engineers' contribution to national infrastructure",,https://bangladeshmilitarymuseum.org/gallery/army-gallery
Women Empowerment Section Exhibits,Bangladesh Military Museum,Display/Exhibit,Mixed,,Bangladesh,Army Gallery – Women Empowerment,Various,,Displays and artifacts highlighting the role of women in the Bangladesh Liberation War and in the Bangladesh Army,,https://bangladeshmilitarymuseum.org/gallery/army-gallery
Personal Belongings of Freedom Fighters,Bangladesh Military Museum,Personal Artefact,Various,1971,Bangladesh,Army Gallery,Various,,"Personal items, memorabilia, and belongings of freedom fighters who participated in the 1971 Liberation War",,https://bangladeshmilitarymuseum.org/gallery/army-gallery
Liberation War Portraits – Heroes,Bangladesh Military Museum,Portrait/Artwork,Print/Canvas,1971,Bangladesh,Army Gallery,Large framed,,Portraits and photographs of heroes and commanders of the 1971 Liberation War and Bangladesh Army,,https://bangladeshmilitarymuseum.org/gallery/army-gallery
War Photographs and Documents,Bangladesh Military Museum,Photograph/Document,Print/Paper,1971,Bangladesh,Army Gallery,Various,,"Archival photographs and documents from the 1971 Liberation War showing battlefield conditions, commanders, and key events",,https://bangladeshmilitarymuseum.org/gallery/army-gallery
Swords and Edged Weapons – Historical,Bangladesh Military Museum,Edged Weapon,Steel/Iron,,Bangladesh/Indian Subcontinent,Army Gallery,Various,,"Collection of historical swords, knives, and edged weapons from various periods of Bangladesh and regional military history",,https://bangladeshmilitarymuseum.org/gallery/army-gallery
Mines and Explosives (Deactivated),Bangladesh Military Museum,Explosive/Ordnance,Metal,1971,Bangladesh,Army Gallery,Various,,"Deactivated mines and explosive ordnance from the Liberation War era, displayed behind glass with identification labels",,https://bangladeshmilitarymuseum.org/gallery/army-gallery
Map of Indian Subcontinent (Early 20th Century),Bangladesh Military Museum,Map,Print,,Indian Subcontinent,Army Gallery,Large wall map,,"Detailed historical map of the Indian subcontinent from the early 20th century, showing political boundaries and military zones",,https://bangladeshmilitarymuseum.org/gallery/army-gallery
Interactive Zone – Army Displays,Bangladesh Military Museum,Interactive Exhibit,Digital,,Bangladesh,Army Gallery – Interactive Zone,Various,,"Interactive digital displays and kiosks allowing visitors to explore Bangladesh Army history, equipment, and achievements",,https://bangladeshmilitarymuseum.org/gallery/army-gallery
Kids Corner – Army Gallery,Bangladesh Military Museum,Educational Exhibit,Mixed,,Bangladesh,Army Gallery – Kids Corner,Various,,Child-friendly interactive exhibits and displays in the Army Gallery designed to engage younger visitors with military history,,https://bangladeshmilitarymuseum.org/gallery/army-gallery
Shotguns – War Collection,Bangladesh Military Museum,Firearm,Steel/Wood,,Bangladesh,Army Gallery,Various,,Collection of shotguns used or associated with various periods of Bangladesh military history,,https://bangladeshmilitarymuseum.org/gallery/army-gallery
Ancient War Ships Model,Bangladesh Military Museum,Scale Model,Wood/Mixed,,Bengal/Bangladesh,Navy Gallery,Large,,"Replica models of ancient war ships built and used in the Bengal/Bangladesh region, representing 5,000 years of maritime history",,https://bangladeshmilitarymuseum.org/gallery/navy-gallery
Model of Submarine,Bangladesh Military Museum,Scale Model,Mixed Material,,Bangladesh,Navy Gallery,Large,,"Scale model of a Bangladesh Navy submarine, part of the holographic and 3D display section showcasing naval capability",,https://bangladeshmilitarymuseum.org/gallery/navy-gallery
Ship Models – Bangladesh Navy Fleet,Bangladesh Military Museum,Scale Model,Mixed Material,,Bangladesh,Navy Gallery,Various,,"Collection of scale models representing different classes of Bangladesh Navy ships, displayed with holographic presentations",,https://bangladeshmilitarymuseum.org/gallery/navy-gallery
Naval Weapons – Liberation War,Bangladesh Military Museum,Naval Weapon,Steel/Metal,1971,Bangladesh,Navy Gallery / Outdoor,Heavy,,Naval weapons and guns used during the 1971 Liberation War by the Bangladesh Navy,,https://bangladeshmilitarymuseum.org/gallery/navy-gallery
Maritime History Exhibits – 5000 Years,Bangladesh Military Museum,Display/Exhibit,Mixed,,Bangladesh/Bay of Bengal,Navy Gallery,Various,,"Comprehensive displays tracing 5,000 years of maritime history of the Bengal and Bangladesh region",,https://bangladeshmilitarymuseum.org/gallery/navy-gallery
Ship's Fox'l – 3D Experience,Bangladesh Military Museum,Interactive Exhibit,Mixed/Digital,,Bangladesh,Navy Gallery,Full scale simulation,,"3D interactive experience replicating a ship's forecastle (Fox'l), allowing visitors to feel shipboard life",,https://bangladeshmilitarymuseum.org/gallery/navy-gallery
Bridge Simulator – Sea Cruise,Bangladesh Military Museum,Interactive Simulator,Digital/Electronic,,Bangladesh,Navy Gallery,Full scale simulation,,"Ship bridge simulator offering visitors a virtual sea cruise experience, showcasing modern naval navigation",,https://bangladeshmilitarymuseum.org/gallery/navy-gallery
Submarine Walk-Through,Bangladesh Military Museum,Interactive Exhibit,Mixed/Structural,,Bangladesh,Navy Gallery,Full scale,,"Walk-through recreation of a submarine interior, giving visitors an immersive experience of underwater naval operations",,https://bangladeshmilitarymuseum.org/gallery/navy-gallery
Virtual Aquarium – Underwater World,Bangladesh Military Museum,Interactive Exhibit,Digital,,Bangladesh,Navy Gallery,Virtual,,Virtual reality aquarium experience showing deep-sea marine life and the underwater world relevant to naval operations,,https://bangladeshmilitarymuseum.org/gallery/navy-gallery
Underwater Diving Experience – VR,Bangladesh Military Museum,Interactive Exhibit,Digital/VR,,Bangladesh,Navy Gallery,Virtual,,"Virtual reality experience simulating underwater diving, showcasing unseen world of the deep sea",,https://bangladeshmilitarymuseum.org/gallery/navy-gallery
Naval Artefacts – Liberation War (Outdoor),Bangladesh Military Museum,Naval Artefact,Metal/Steel,1971,Bangladesh,Outdoor Exhibits,Heavy,,"Two naval artefacts including large-scale items from Bangladesh Navy heritage, displayed in the outdoor ramp area",,https://bangladeshmilitarymuseum.org/gallery/outdoor-exhibits-gallery
Liberation War Role of Navy – Displays,Bangladesh Military Museum,Display/Exhibit,Mixed,1971,Bangladesh,Navy Gallery,Various,,Exhibits and panels detailing the role of the Bangladesh Navy during the 1971 Liberation War,,https://bangladeshmilitarymuseum.org/gallery/navy-gallery
Airtourer Training Aircraft,Bangladesh Military Museum,Aircraft,Aluminium Alloy,,Bangladesh,Air Force Gallery,Full scale,,CT-4 Airtourer training aircraft used by the Bangladesh Air Force for pilot training programs,,https://bangladeshmilitarymuseum.org/gallery/air-force-gallery
Surface to Air Missile – SAM-90,Bangladesh Military Museum,Missile/Weapon System,Metal,,Bangladesh,Air Force Gallery,Large,,"SAM-90 surface-to-air missile system, representing Bangladesh Air Force's air defense capability",,https://bangladeshmilitarymuseum.org/gallery/air-force-gallery
Aircraft Engines – Various,Bangladesh Military Museum,Engine/Component,Metal/Alloy,,Bangladesh,Air Force Gallery,Various,,Collection of different aircraft engines and instruments from various aircraft used by the Bangladesh Air Force,,https://bangladeshmilitarymuseum.org/gallery/air-force-gallery
Aircraft Instruments and Controls,Bangladesh Military Museum,Instrument/Component,Metal/Electronic,,Bangladesh,Air Force Gallery,Various,,"Cockpit instruments, navigation equipment, and aircraft control systems from different Bangladesh Air Force aircraft",,https://bangladeshmilitarymuseum.org/gallery/air-force-gallery
Models of Aircraft – Bangladesh Air Force,Bangladesh Military Museum,Scale Model,Resin/Metal,,Bangladesh,Air Force Gallery,Various,,Collection of scale models of various aircraft types operated by the Bangladesh Air Force,,https://bangladeshmilitarymuseum.org/gallery/air-force-gallery
Aircraft Flight Simulator,Bangladesh Military Museum,Interactive Simulator,Digital/Electronic,,Bangladesh,Air Force Gallery,Full scale cockpit,,"Flight simulator allowing visitors to experience flying an aircraft, representing Bangladesh Air Force pilot training",,https://bangladeshmilitarymuseum.org/gallery/air-force-gallery
Virtual Reality Chair – Air Force,Bangladesh Military Museum,Interactive Exhibit,Digital/VR,,Bangladesh,Air Force Gallery,Interactive station,,"VR chair offering immersive aerial experience, simulating missions and flights of the Bangladesh Air Force",,https://bangladeshmilitarymuseum.org/gallery/air-force-gallery
Holography Theatre – Air Force,Bangladesh Military Museum,Interactive Exhibit,Digital/Holographic,,Bangladesh,Air Force Gallery,Theatre,,"Holographic theatre showcasing Bangladesh Air Force history, aircraft, and significant aerial operations",,https://bangladeshmilitarymuseum.org/gallery/air-force-gallery
Mini Cinema Hall – Air Force,Bangladesh Military Museum,Interactive Exhibit,Digital/Film,,Bangladesh,Air Force Gallery,Theatre,,Small cinema hall screening documentaries and films about the Bangladesh Air Force and its role in national defense,,https://bangladeshmilitarymuseum.org/gallery/air-force-gallery
Air Force Uniforms – Historical,Bangladesh Military Museum,Uniform/Apparel,Textile,,Bangladesh,Air Force Gallery,Life-size,,"Bangladesh Air Force uniforms from different periods, showing the evolution of flight suits, dress uniforms, and rank insignia",,https://bangladeshmilitarymuseum.org/gallery/air-force-gallery
Medal of Glory – UN Peacekeeping,Bangladesh Military Museum,Medal/Award,Metal,,Various (UN Missions),UN & CHT Gallery,Small,,Medals and awards received by Bangladesh Armed Forces personnel for distinguished service in UN Peacekeeping missions worldwide,,https://bangladeshmilitarymuseum.org/gallery/un-cht-gallery
UN Peacekeeping Mission Countries Map,Bangladesh Military Museum,Map/Display,Print/Digital,,Various (Global),UN & CHT Gallery,Large panel,,Display showing all countries where Bangladesh Armed Forces have served under the UN Blue Helmet peacekeeping missions,,https://bangladeshmilitarymuseum.org/gallery/un-cht-gallery
CHT Peace Treaty Documentation,Bangladesh Military Museum,Document/Archive,Paper/Print,1997,"Chittagong Hill Tracts, Bangladesh",UN & CHT Gallery – CHT Corner,Various,,Documents and displays tracing the history of Chittagong Hill Tracts (CHT) and the peace process culminating in the 1997 Peace Accord,,https://bangladeshmilitarymuseum.org/gallery/un-cht-gallery
Fallen Heroes in CHT – Memorial Display,Bangladesh Military Museum,Memorial Display,Mixed,,"Chittagong Hill Tracts, Bangladesh",UN & CHT Gallery,Various,,Memorial exhibits honouring Bangladesh Army soldiers who fell during operations in the Chittagong Hill Tracts,,https://bangladeshmilitarymuseum.org/gallery/un-cht-gallery
Kaptai Dam – Historical Display,Bangladesh Military Museum,Display/Exhibit,Mixed,1960s,"Kaptai, Chittagong Hill Tracts",UN & CHT Gallery,Panel,,Display about the construction of Kaptai Dam and its historical and social impact on the Chittagong Hill Tracts region,,https://bangladeshmilitarymuseum.org/gallery/un-cht-gallery
Life in CHT – Cultural Display,Bangladesh Military Museum,Cultural Exhibit,Mixed,,"Chittagong Hill Tracts, Bangladesh",UN & CHT Gallery,Various,,"Exhibits showcasing the life, culture, and communities of the Chittagong Hill Tracts (CHT) region",,https://bangladeshmilitarymuseum.org/gallery/un-cht-gallery
Genesis of Insurgency – CHT Exhibits,Bangladesh Military Museum,Display/Exhibit,Mixed,1970s–1997,"Chittagong Hill Tracts, Bangladesh",UN & CHT Gallery,Various,,Exhibits tracing the origins and development of the insurgency in the Chittagong Hill Tracts and the military response,,https://bangladeshmilitarymuseum.org/gallery/un-cht-gallery
Golden Knight Crest,Bangladesh Military Museum,Gift/Crest,Gold/Metal,,Unknown (Foreign Gift),Toshakhana Jadughor,Medium,,"A golden knight figurine presented as a diplomatic gift or state crest, displayed in the Toshakhana Museum",,https://bangladeshmilitarymuseum.org/gallery/toshakhana-jadughor-gallery
Tea Set – Gift to Prime Minister,Bangladesh Military Museum,Gift/Decorative Item,Porcelain/Metal,,Unknown (Foreign Gift),Toshakhana Jadughor,Medium set,,An ornate tea set presented to the Honourable Prime Minister of Bangladesh as a diplomatic gift from a foreign state,,https://bangladeshmilitarymuseum.org/gallery/toshakhana-jadughor-gallery
Boat Made of Cane – Gift to PM,Bangladesh Military Museum,Gift/Decorative Item,Cane/Bamboo,,Unknown (Foreign Gift),Toshakhana Jadughor,Medium,,"An intricately crafted boat made of cane, presented to the Prime Minister of Bangladesh as a state gift",,https://bangladeshmilitarymuseum.org/gallery/toshakhana-jadughor-gallery
Cart Made of Ivory,Bangladesh Military Museum,Gift/Decorative Item,Ivory,,Unknown,Toshakhana Jadughor,Medium,,"An antique cart crafted from ivory, part of the state gifts displayed in the Toshakhana Museum",,https://bangladeshmilitarymuseum.org/gallery/toshakhana-jadughor-gallery
Fragment of the Moon Rock,Bangladesh Military Museum,Scientific Specimen,Rock/Mineral,1970s,Moon (NASA),Toshakhana Jadughor,Small fragment,,"A fragment of lunar rock, gifted to Bangladesh as a diplomatic present, representing international scientific cooperation",,https://bangladeshmilitarymuseum.org/gallery/toshakhana-jadughor-gallery
Various State Crests and Souvenirs,Bangladesh Military Museum,Gift/Crest,Various,,Various (Foreign Gifts),Toshakhana Jadughor,Various,,"Collection of crests, plaques, and souvenirs gifted to the President and Prime Minister of Bangladesh by foreign dignitaries and governments",,https://bangladeshmilitarymuseum.org/gallery/toshakhana-jadughor-gallery
Tank – Type 1 (Liberation War Era),Bangladesh Military Museum,Military Vehicle (Tank),Steel/Armour,1971,Bangladesh,Outdoor Exhibits,Full scale (approx 35 tons),,Original battle tank captured from Pakistani forces or operated by Bangladesh forces during or after the 1971 Liberation War,,https://bangladeshmilitarymuseum.org/gallery/outdoor-exhibits-gallery
Tank – Type 2,Bangladesh Military Museum,Military Vehicle (Tank),Steel/Armour,,Bangladesh,Outdoor Exhibits,Full scale,,"Battle tank from Bangladesh Army collection, part of the outdoor display of armoured vehicles",,https://bangladeshmilitarymuseum.org/gallery/outdoor-exhibits-gallery
Tank – Type 3,Bangladesh Military Museum,Military Vehicle (Tank),Steel/Armour,,Bangladesh,Outdoor Exhibits,Full scale,,"Battle tank from Bangladesh Army collection, displayed outdoors",,https://bangladeshmilitarymuseum.org/gallery/outdoor-exhibits-gallery
Tank – Type 4,Bangladesh Military Museum,Military Vehicle (Tank),Steel/Armour,,Bangladesh,Outdoor Exhibits,Full scale,,"Battle tank from Bangladesh Army collection, displayed outdoors",,https://bangladeshmilitarymuseum.org/gallery/outdoor-exhibits-gallery
Tank – Type 5,Bangladesh Military Museum,Military Vehicle (Tank),Steel/Armour,,Bangladesh,Outdoor Exhibits,Full scale,,"Battle tank from Bangladesh Army collection, displayed outdoors",,https://bangladeshmilitarymuseum.org/gallery/outdoor-exhibits-gallery
Tank – Type 6,Bangladesh Military Museum,Military Vehicle (Tank),Steel/Armour,,Bangladesh,Outdoor Exhibits,Full scale,,"Battle tank from Bangladesh Army collection, displayed outdoors",,https://bangladeshmilitarymuseum.org/gallery/outdoor-exhibits-gallery
Tank – Type 7,Bangladesh Military Museum,Military Vehicle (Tank),Steel/Armour,,Bangladesh,Outdoor Exhibits,Full scale,,"Battle tank from Bangladesh Army collection, displayed outdoors",,https://bangladeshmilitarymuseum.org/gallery/outdoor-exhibits-gallery
Armoured Personnel Carrier – APC 1,Bangladesh Military Museum,Military Vehicle (APC),Steel/Armour,,Bangladesh,Outdoor Exhibits,Full scale,,"Armoured personnel carrier used by Bangladesh Army, part of the outdoor heavy vehicle display",,https://bangladeshmilitarymuseum.org/gallery/outdoor-exhibits-gallery
Armoured Personnel Carrier – APC 2,Bangladesh Military Museum,Military Vehicle (APC),Steel/Armour,,Bangladesh,Outdoor Exhibits,Full scale,,Second armoured personnel carrier in the outdoor ramp display,,https://bangladeshmilitarymuseum.org/gallery/outdoor-exhibits-gallery
Cannon – Artillery Piece 1,Bangladesh Military Museum,Artillery (Cannon),Cast Iron/Steel,1971,Bangladesh,Outdoor Exhibits,Heavy,,"Artillery cannon used during the Liberation War, one of two cannons displayed in the outdoor ramp area",,https://bangladeshmilitarymuseum.org/gallery/outdoor-exhibits-gallery
Cannon – Artillery Piece 2,Bangladesh Military Museum,Artillery (Cannon),Cast Iron/Steel,1971,Bangladesh,Outdoor Exhibits,Heavy,,Second artillery cannon from the Liberation War period displayed in the outdoor ramp area,,https://bangladeshmilitarymuseum.org/gallery/outdoor-exhibits-gallery
Aircraft – Outdoor Exhibit 1,Bangladesh Military Museum,Aircraft,Aluminium/Metal,,Bangladesh,Outdoor Exhibits,Full scale,,"Full-scale aircraft displayed in the outdoor ramp area, representing Bangladesh Air Force heritage",,https://bangladeshmilitarymuseum.org/gallery/outdoor-exhibits-gallery
Aircraft – Outdoor Exhibit 2,Bangladesh Military Museum,Aircraft,Aluminium/Metal,,Bangladesh,Outdoor Exhibits,Full scale,,Second full-scale aircraft displayed in the outdoor ramp area,,https://bangladeshmilitarymuseum.org/gallery/outdoor-exhibits-gallery
Naval Gun – Outdoor,Bangladesh Military Museum,Naval Artillery,Steel,,Bangladesh,Outdoor Exhibits,Heavy/Deck-mounted,,"Naval gun displayed in the outdoor ramp area, representing Bangladesh Navy's historical armament",,https://bangladeshmilitarymuseum.org/gallery/outdoor-exhibits-gallery
Old Military Transport Vehicles,Bangladesh Military Museum,Military Vehicle,Steel/Metal,1971,Bangladesh,Outdoor Exhibits,Full scale,,"Old military transport vehicles including jeeps and trucks used during various war periods, displayed outdoors",,https://bangladeshmilitarymuseum.org/gallery/outdoor-exhibits-gallery
Fountain – Front Plaza,Bangladesh Military Museum,Architectural Feature,Stone/Concrete/Water,2022,"Bijoy Sarani, Dhaka",Front Plaza,Large outdoor,,"Decorative fountain at the front plaza of the Bangladesh Military Museum, serving as a welcoming landmark",,https://bangladeshmilitarymuseum.org/gallery/front-plaza-gallery 
Outdoor Sculptures / Art Installations,Bangladesh Military Museum,Sculpture/Installation,Various (Stone/Metal),2022,"Bijoy Sarani, Dhaka",Outdoor / Front Plaza,Large outdoor,,"Artistic sculptures and installations placed in the outdoor area of the museum, representing military heritage and national pride",,https://bangladeshmilitarymuseum.org/gallery/front-plaza-gallery 
Jina Ṛṣabhanātha,Varendra Research Museum,Sculpter,Black Basalt,Unknown century CE,"Mandoil, Godagari, Rajshahi",7,67 cm x 33.8 cm,Kumar Sarat Kumar Ray,"Jain Tirthankara Ṛṣabhanātha (also called Ādinātha), the first of the 24 Tirthankaras, depicted in meditation posture (dhyana mudra). One of the rare Jain sculptures in the VRM collection.",https://drive.google.com/file/d/1MBq-ttxkMyFbXn86GrtA-1Ff5LyrEdRG/view?usp=drive_link,http://vrmbd.ru.ac.bd/collection/jina-%e1%b9%9b%e1%b9%a3abhanatha/
Gaṅgā,Varendra Research Museum,Sculpter,Black Basalt,c. 12th century CE,"Deopara, Godagari, Rajshahi",6,Ht. 167.6 cm,Excavated,"Sculpture of Gaṅgā, the Hindu goddess personifying the sacred Ganges river. She is typically shown standing on her vehicle the Makara (crocodile), holding a water pot. This is one of the tallest pieces in the collection.",https://drive.google.com/file/d/1NPPGd4wv7pu5u0w8RoFTprUfaZgQnjGd/view?usp=drive_link,http://vrmbd.ru.ac.bd/collection/ga%e1%b9%85ga/
Standing Buddha,Varendra Research Museum,Sculpter,Gray Sandstone,c. 5th century CE,"Biharoil, Tanor, Rajshahi",7,106 cm x 49 cm,Mr. Kishori Mohan Chaudhury,"A standing Buddha figure from the early Gupta period (5th century CE), one of the oldest sculptures in the collection. The figure displays the characteristic Gupta-period treatment of drapery and facial serenity.",https://drive.google.com/file/d/1mqJEAg-IfGhDfSVrYI0fNVjAnkrqgGRy/view?usp=drive_link,http://vrmbd.ru.ac.bd/collection/standing-buddha/
Ṣaḍakṣarī Lokeśvara,Varendra Research Museum,Sculpter,Black Basalt,c. 11th century CE,"Niyamatpur, Naogaon",7,79.5 cm x 41 cm,Purchased,"Seated Bodhisattva Lokeśvara in his six-syllable (Ṣaḍakṣarī) form, associated with the mantra 'Om Mani Padme Hum'. A Mahayana Buddhist deity of compassion from the Pāla period.",https://drive.google.com/file/d/1V_9agAoXutaBXw8qZZ91TUo7KLXtjfTT/view?usp=drive_link,http://vrmbd.ru.ac.bd/collection/sa%e1%b8%8dak%e1%b9%a3ari-lokesvara/
"Mañjuśrī, standing",Varendra Research Museum,Sculpter,Gilt Bronze,c. 7th century CE,"Saralpur, Shibganj, Bogra",in Store,62.9 cm x 22.8 cm,Mr. Prabhash Chandra Sen,"Standing gilt bronze figure of Mañjuśrī, the Bodhisattva of wisdom. One of the earliest metal sculptures in the collection, dating to the 7th century CE. Mañjuśrī holds a sword symbolising the cutting of ignorance.",https://drive.google.com/file/d/14-GNX6jmkQW_fNPQKY75AdTQKxi3Fq5G/view?usp=drive_link,http://vrmbd.ru.ac.bd/collection/manjusri-standing/
Mañjuvara (seated),Varendra Research Museum,Sculpter,Black Basalt,c. 11th century CE,"Niyamatpur, Naogaon",7,80.1 cm x 39.4 cm,Purchased,"Seated form of Mañjuvara, a Buddhist deity closely related to Mañjuśrī. The figure is depicted in a ritual seated posture typical of Pāla-period stone sculptures from the Naogaon region.",https://drive.google.com/file/d/1LoyD-xNj3genpsB3SEPYbMwotg1dTDCW/view?usp=drive_link,http://vrmbd.ru.ac.bd/collection/manjuvara-seated/
Khadirāvanī Tārā,Varendra Research Museum,Sculpter,Cericitised Slate,c. 12th century CE,"Nimdighi, Niyamatpur, Naogaon",7,75.5 cm x 40.3 cm,Sister Christiana (from Miss Margaret Nobel's personal collection),"Tārā in her Khadirāvanī ('of the khadira forest') form, a revered female Bodhisattva of compassion in Vajrayana Buddhism. Notably donated from the personal collection of Sister Nivedita (Margaret Nobel), associate of Swami Vivekananda.",https://drive.google.com/file/d/1PbMGFXsNOwmBJz_yXVZ4Fmv1swTqLRn1/view?usp=drive_link,http://vrmbd.ru.ac.bd/collection/khadiravani-tara/
Mārīcī,Varendra Research Museum,Sculpter,Black Basalt,c. 11th century CE,"Narikelbaria, Paba, Rajshahi",7,81 cm x 50.2 cm,Kumar Sarat Kumar Ray,"Mārīcī, the Buddhist goddess of the dawn and light, depicted with multiple arms in the Pāla sculptural tradition. She is associated with invisibility and protection from danger.",https://drive.google.com/file/d/1za-QRH-r79MZXBOsg-DW-5JrfZED79kI/view?usp=sharing,http://vrmbd.ru.ac.bd/collection/marici/
Varāha,Varendra Research Museum,Sculpter,Black Basalt,c. 10th century CE,"Silimpur, Bogra",6,73.7 cm x 49.5 cm,Excavated,"Varāha, the boar avatar (third avatāra) of Viṣṇu, depicted rescuing the earth goddess Bhūdevī from the primordial ocean. A quintessential Vaiṣṇava iconographic subject.",https://drive.google.com/file/d/1kaOzg6Snmdpfz0CzsQ8q6r7V-1uMyw25/view?usp=sharing,http://vrmbd.ru.ac.bd/collection/varaha/
Twin Garuḍa,Varendra Research Museum,Sculpter,Black Basalt,c. 12th century CE,"Chandpur, Gomastapur, Nawabganj",6,88.9 cm x 55.9 cm,Purchased,A rare twin Garuḍa sculpture — two Garuḍa figures joined together. Garuḍa is the divine eagle-vehicle of Viṣṇu in Hindu mythology. The twin form is uncommon and of significant iconographic interest.,https://drive.google.com/file/d/1mjevGrhsnZv_aUhZKrsPLwf_57MCJduN/view?usp=sharing,http://vrmbd.ru.ac.bd/collection/twin-garu%e1%b8%8da/
Garuḍa,Varendra Research Museum,Sculpter,Black Basalt,c. 12th century CE,"Maldah District, West Bengal",6,68.6 cm x 33 cm,Mr. Rajkumar Sarma,"Single Garuḍa figure, the mythical eagle-vehicle of Viṣṇu, shown in the characteristic posture with wings spread and hands in añjali mudrā. Found in Maldah District, West Bengal, India.",https://drive.google.com/file/d/1lx3-5cNh9knRmw4YZBR9kUeJ-2cTAIJO/view?usp=sharing,http://vrmbd.ru.ac.bd/collection/garu%e1%b8%8da/
Sūrya,Varendra Research Museum,Sculpter,Black Basalt,c. 7th century CE,"Deora, Bogra",6,101.6 cm x 49.5 cm,Excavated,"Early 7th century sculpture of Sūrya, the Hindu solar deity, depicted holding lotus flowers in both hands and wearing northern-style boots (udīcya veṣa). One of the earliest Sūrya images in the collection.",https://drive.google.com/file/d/185p07kOcKUKFd6f5O3zM1fOGt_-bX3Pa/view?usp=sharing,http://vrmbd.ru.ac.bd/collection/surya/
Sūrya,Varendra Research Museum,Sculpter,Black Basalt,c. 9th century CE,"Bihanali, Tanor, Rajshahi",6,82.6 cm x 38.7 cm,Purchased,A 9th century Pāla-period Sūrya sculpture showing the sun god with elaborate iconographic detail including attendant figures Daṇḍa and Pingala. Representative of the mature Pāla sculptural style.,https://drive.google.com/file/d/1vwwlFj4vfnSoi47f6YNxIwhrwnKtzTjy/view?usp=sharing,http://vrmbd.ru.ac.bd/collection/surya-2/
Sūrya,Varendra Research Museum,Sculpter,Black Basalt,c. 11th century CE,"Chapra, Niyamatpur, Naogaon",6,82.5 cm x 44.4 cm,Purchased,11th century Sūrya sculpture with characteristic Pāla period iconography — the god shown flanked by female bow-wielders (Daṇḍa and Pingala) and standing on a chariot driven by seven horses.,https://drive.google.com/file/d/1WQXWOYfF8du64XcO9YEYesJOjjswiIe3/view?usp=sharing,http://vrmbd.ru.ac.bd/collection/surya-3/
Śiva,Varendra Research Museum,Sculpter,Black Basalt,c. 12th century CE,"Ganeshpur, Manda, Naogaon",5,88.9 cm x 44.5 cm,Purchased,"Sculpture of Lord Śiva standing in tribhaṅga posture with his characteristic attributes including the crescent moon, trident (triśūla), and damaru drum. Late Pāla period craftsmanship.",https://drive.google.com/file/d/1SMGBNxsHn244vI9U96IGAu8MvhF3XJXo/view?usp=sharing,http://vrmbd.ru.ac.bd/collection/siva/
Śiva Ardhanārī (The half-female lord),Varendra Research Museum,Sculpter,Black Basalt,c. 12th century CE,"Purapara, Vikrampur, Munshiganj (Dhaka)",5,84.5 cm x 37.5 cm,Purchased,Ardhanārīśvara — the androgynous composite form of Śiva (right half) and Pārvatī/Umā (left half). This iconographic form symbolises the inseparable unity of male and female cosmic principles in Hindu philosophy.,https://drive.google.com/file/d/19A9A0KsG4OX-gH73jgNaA733ANdGD-vM/view?usp=sharing,http://vrmbd.ru.ac.bd/collection/siva-ardhanari-the-half-female-lord/
Navadurgā,Varendra Research Museum,Sculpter,Black Basalt,c. 11th century CE,"Porsha, Naogaon",5,84 cm x 41 cm,Purchased,"Navadurgā — the nine forms of the goddess Durgā — depicted together in a single sculptural panel. The nine forms include Śailaputrī, Brahmacāriṇī, Candraghaṇṭā, Kūṣmāṇḍā, Skandamātā, Kātyāyanī, Kālarātrī, Mahāgaurī, and Siddhidātrī.",https://drive.google.com/file/d/1tTnPIS3lqJsvY3hRt-PyVG_sByAiAtAt/view?usp=sharing,http://vrmbd.ru.ac.bd/collection/navadurga/
Durgā Mahiṣamardinī,Varendra Research Museum,Sculpter,Black Basalt,c. 11th century CE,"Dhorsha, Bagmara, Rajshahi",5,86 cm x 43.2 cm,Purchased,"Durgā slaying the buffalo demon Mahiṣāsura (Mahiṣamardinī form) — one of the most iconic images of the goddess in Hindu iconography. The multi-armed goddess is shown triumphing over the demon, symbolising the victory of good over evil.",https://drive.google.com/file/d/1zvHxcRZD9QSa4bbbCasFkbTRVhsgdYkB/view?usp=sharing,http://vrmbd.ru.ac.bd/collection/durga-mahi%e1%b9%a3amardini/
Nṛtta Gaṇapati,Varendra Research Museum,Sculpter,Black Basalt,c. 12th century CE,"Gol, Niyamatpur, Naogaon",5,71.1 cm x 38.1 cm,Purchased,"Dancing form of Gaṇeśa (Nṛtta Gaṇapati — 'dancing elephant lord'), the elephant-headed deity and remover of obstacles. This dynamic dancing posture is less common than the standard seated Gaṇeśa image.",https://drive.google.com/file/d/1yWXIWYeLpEJN_xqMKusVi_PQfEsvKmMc/view?usp=sharing,http://vrmbd.ru.ac.bd/collection/n%e1%b9%9btta-ga%e1%b9%87apati/
Kārttikeya (seated),Varendra Research Museum,Sculpter,Black Basalt,c. 12th century CE,"Mahatore, Kushmundi, West Dinajpur, India",5,63.5 cm x 34.3 cm,Purchased,"Kārttikeya (also Skanda or Murugan), the Hindu god of war and son of Śiva and Pārvatī, depicted in a seated posture with his peacock vehicle (mayūra). Found in West Dinajpur, India.",https://drive.google.com/file/d/1QkgewB0rQf8xI84xGEf3GTzNa5lS5eAa/view?usp=sharing,http://vrmbd.ru.ac.bd/collection/karttikeya-seated/
Navamātrkā,Varendra Research Museum,Sculpter,Black Basalt,c. 10th century CE,"Jugpur, Godagari, Rajshahi",4,83.8 cm x 83.8 cm,Purchased,"The nine mother goddesses (Navamātrkā) depicted in a single panel — Brāhmī, Māheśvarī, Kaumārī, Vaiṣṇavī, Vārāhī, Indrāṇī, Cāmuṇḍā, Mahālakṣmī, and Mahākālī. A major subject in Hindu tantric worship.",https://drive.google.com/file/d/1p9SOcA5yteRtyYnVU5KazZk4MEKyh7En/view?usp=sharing,http://vrmbd.ru.ac.bd/collection/navamatrka/
Manasā,Varendra Research Museum,Sculpter,Black Basalt,c. 10th century CE,"Tapan, West Dinajpur, West Bengal, India",4,76.2 cm x 38.1 cm,Purchased,"Manasā, the serpent goddess of Bengal, worshipped primarily for protection against snakebites. She is depicted surrounded by serpents and is a major folk deity of the Bengal region. Found in West Dinajpur, India.",https://drive.google.com/file/d/1KNOGnuye5OJEXLa-IPsVouvH48FGUb3i/view?usp=sharing,http://vrmbd.ru.ac.bd/collection/manasa/
Khasarpana (Seated),Varendra Research Museum,Sculpter,Black Basalt,c. 11th century CE,"Mulchar, Munshiganj (Dhaka)",4,62.2 cm x 33 cm,Purchased,"Khasarpana Lokeśvara, a compassionate form of the Bodhisattva Avalokiteśvara, seated in lalitāsana (royal ease posture). The name means 'one who rescues from the sky/void'. A significant Pāla-period Buddhist image.",https://drive.google.com/file/d/1SS7xpxoNCHysSkAXiwoOKKcrZZJBAjOk/view?usp=sharing,http://vrmbd.ru.ac.bd/collection/khasarpana-seated/
Kŗṣṅa Yamārī (Halahala Lokesvara),Varendra Research Museum,Sculpter,Black Basalt,c. 10th century CE,"Pashchimpara, Munshiganj (Dhaka)",4,61 cm x 33 cm,Purchased,"Kŗṣṅa Yamārī ('the black slayer of Yama'), also identified as Halahala Lokeśvara, a wrathful Vajrayana Buddhist deity. This fierce deity subdues Yama, the god of death, representing triumph over mortality.",https://drive.google.com/file/d/19yGj1WqIZs1O6Lxcw0xZixueV55xyfyn/view?usp=sharing,http://vrmbd.ru.ac.bd/collection/kr%e1%b9%a3%e1%b9%85a-yamari-halahala-lokesvara/
Head of A Bodhisattva,Varendra Research Museum,Sculpter,Black Basalt,c. 12th century CE,"Manda, Naogaon",4,33 cm x 20.3 cm,Purchased,"A finely carved head of a Bodhisattva showing serene facial features characteristic of late Pāla sculptural style — elongated eyes, faint smile, and a high ushnisha (cranial protuberance). Possibly Avalokiteśvara.",https://drive.google.com/file/d/1eC1TalFMXeHuALPfeqPn4Niq6I7rE8vV/view?usp=sharing,http://vrmbd.ru.ac.bd/collection/head-of-a-bodhisattva/
Mārīcī,Varendra Research Museum,Sculpter,Black Basalt,c. 10th century CE,"Vikrampur, Munshiganj (Dhaka)",4,71.1 cm x 38.1 cm,Purchased,"An earlier (10th century) depiction of Mārīcī, the Buddhist deity of dawn, with multiple arms and faces. This Vikrampur example differs stylistically from the 11th century Rajshahi version (VRM No. 141), reflecting regional variations.",https://drive.google.com/file/d/1GQweI7hOl1KMw1JQpC9-mwmzBS3IbgMC/view?usp=sharing,http://vrmbd.ru.ac.bd/collection/marici-2/
Pārvatī/Umā,Varendra Research Museum,Sculpter,Black Basalt,c. 12th century CE,"Dhansa, Niyamatpur, Naogaon",4,76.2 cm x 35.6 cm,Purchased,"Pārvatī or Umā, the consort of Śiva, depicted as a graceful standing female figure in tribhaṅga posture. She holds a lotus and her other hand is in varada mudrā (gift-giving gesture). A fine example of late Pāla female imagery.",https://drive.google.com/file/d/1dmPw-BL9rIUBs1BGhEUAMqlaZ06Z8Oet/view?usp=sharing,http://vrmbd.ru.ac.bd/collection/parvati-uma/
Mother and Child,Varendra Research Museum,Sculpter,Black Basalt,c. 12th century CE,"Nimdighi, Niyamatpur, Naogaon",4,50.8 cm x 27.9 cm,Purchased,A tender sculptural depiction of a mother nursing or cradling a child — a secular theme rarely found in temple sculptures of the period. Reflects the humanistic strand of Pāla-period art alongside religious iconography.,https://drive.google.com/file/d/1KbHnCat_lzPZwVsd1uKWAjJsVd0ALAd5/view?usp=sharing,http://vrmbd.ru.ac.bd/collection/mother-and-child/
Sugatisandarśana Lokeśvara,Varendra Research Museum,Sculpter,Black Basalt,c. 12th century CE,"Chengkuri, Porsha, Naogaon",4,78.7 cm x 38.1 cm,Purchased,"Sugatisandarśana Lokeśvara ('the Lord who shows the path to blissful rebirth'), a form of Avalokiteśvara that guides sentient beings toward a fortunate rebirth. An important late Pāla Buddhist sculptural subject.",https://drive.google.com/file/d/1TRqDObEUyfXAES5QTaHljhcluiwGvLck/view?usp=sharing,http://vrmbd.ru.ac.bd/collection/sugatisandarsana-lokesvara/
Mahattarī Tārā,Varendra Research Museum,Sculpter,Black Basalt,c. 10th century CE,"Deopara, Godagari, Rajshahi",4,83.8 cm x 43.2 cm,Purchased,"Mahattarī Tārā ('the great elder Tārā'), a senior or 'great' form of the goddess Tārā, an important female deity in Vajrayana Buddhism. Depicted seated with multiple arms holding various ritual implements.",https://drive.google.com/file/d/18cp6nT1svuui2RpLInXUthnl60l3bR29/view?usp=sharing,http://vrmbd.ru.ac.bd/collection/mahattari-tara/
"The Triad (Brahma, Viṣṇu and Śiva)",Varendra Research Museum,Sculpter,Black Basalt,c. 10th century CE,"Ghatnagar, Porsha, Naogaon",3,83.8 cm x 55.9 cm,Purchased,"The Hindu Trinity (Trimūrti): Brahmā the creator, Viṣṇu the preserver, and Śiva the destroyer, depicted together in a single sculptural panel. This iconographic form represents the three fundamental cosmic functions in Hindu theology.",https://drive.google.com/file/d/1VXxutuA0Io7VGItqYSMNm1uK5-K4I0fu/view?usp=sharing,http://vrmbd.ru.ac.bd/collection/the-triad-brahma-vi%e1%b9%a3%e1%b9%87u-and-siva/
Śiva:Aghora-Rudra,Varendra Research Museum,Sculpter,Black Basalt,c. 10th century CE,"Ghatnagar, Porsha, Naogaon",3,71.1 cm x 35.6 cm,Purchased,"The fearsome Aghora-Rudra face/manifestation of Śiva, representing his destructive and terrifying aspect. Aghora is one of the five faces of the Pañcamukha Śiva and is associated with the southern direction.",https://drive.google.com/file/d/1XSGePl2P9t8MTqHNTykT2kUGhSg_Q7Kb/view?usp=sharing,http://vrmbd.ru.ac.bd/collection/sivaaghora-rudra/
Cuṇḍā,Varendra Research Museum,Sculpter,Black Basalt,c. 10th century CE,"Niyamatpur, Naogaon",3,71.1 cm x 35.6 cm,Purchased,"Cuṇḍā, a Buddhist goddess associated with auspiciousness, long life, and protection. She is depicted with multiple arms holding various implements and is venerated in both Mahayana and Vajrayana Buddhist traditions.",https://drive.google.com/file/d/1gCIROHWo7luQRzwcu5JPD2PFXgBc_t1w/view?usp=sharing,http://vrmbd.ru.ac.bd/collection/cu%e1%b9%87%e1%b8%8da/
Brahmā,Varendra Research Museum,Sculpter,Black Basalt,c. 12th century CE,"Bhanpur, Godagari, Rajshahi",3,76.2 cm x 38.1 cm,Purchased,"Brahmā, the Hindu god of creation and first of the Trimūrti, depicted with his four faces (caturmukha) symbolising the four Vedas and four cardinal directions. He holds a water pot (kamaṇḍalu) and rosary (akṣamālā).",https://drive.google.com/file/d/12KTGj3dTD6j12psChdNb9KUPEl8L4NZf/view?usp=sharing,http://vrmbd.ru.ac.bd/collection/brahma/
Jambhala (Seated),Varendra Research Museum,Sculpter,Black Basalt,c. 11th century CE,"Bhanpur, Godagari, Rajshahi",3,55.9 cm x 33 cm,Purchased,"Jambhala (Kubera in Hindu tradition), the Buddhist god of wealth and abundance, depicted seated with a mongoose (nakula) in one hand and a citron fruit (bijapūra) in the other. The mongoose spits out jewels, symbolising generosity.",https://drive.google.com/file/d/1lQ8rFihqVZgKN41n4oUBrEIZQNus8eez/view?usp=sharing,http://vrmbd.ru.ac.bd/collection/jambhala-seated/
Vaiṣṇavī,Varendra Research Museum,Sculpter,Black Basalt,c. 9th century CE,"Nimgachi, Raiganj, Sirajganj",3,76.2 cm x 38.1 cm,Purchased,"Vaiṣṇavī, one of the Saptamātrkā (seven mother goddesses), the śakti (feminine power) of Viṣṇu. She is depicted with the same iconographic attributes as Viṣṇu, including the discus (cakra) and conch (śaṅkha).",https://drive.google.com/file/d/10hvrHQc0oWme9cYGMIlyjSo6WMlfEZq9/view?usp=sharing,http://vrmbd.ru.ac.bd/collection/vai%e1%b9%a3%e1%b9%87avi/
Umā-Maheśvara,Varendra Research Museum,Sculpter,Black Basalt,c. 12th century CE,"Thakurmanda, Manda, Naogaon",3,71.1 cm x 38.1 cm,Purchased,"Umā-Maheśvara — Śiva and his consort Pārvatī (Umā) depicted together in a domestic scene, seated on Mount Kailāsa. This iconographic theme celebrates the divine couple and the harmonious union of masculine and feminine cosmic principles.",https://drive.google.com/file/d/1HzCTKWeyz8NYPdZ2UMsB6giyx04PIYPj/view?usp=sharing,http://vrmbd.ru.ac.bd/collection/uma-mahesvara/
Siva Nataraja,Varendra Research Museum,Sculpter,Black Basalt,c. 12th century CE,"Maniari, Atrai, Naogaon",3,83.8 cm x 45.7 cm,Purchased,"Śiva as Naṭarāja ('Lord of Dance'), performing the Āṇanda Tāṇḍava cosmic dance. The image encapsulates the cyclical nature of creation, preservation, and destruction, with Śiva trampling the demon Apasmāra (ignorance).",https://drive.google.com/file/d/1gwNGgKhQJGHXPSYiJm7CHq_ISCQshZKy/view?usp=sharing,http://vrmbd.ru.ac.bd/collection/siva-nataraja/
Durga Simhavahini,Varendra Research Museum,Sculpter,Black Basalt,c. 11th century CE,"Vijaynagar, Godagari, Rajshahi",3,76.2 cm x 40.6 cm,Purchased,Durgā Siṃhavāhinī ('Durgā who rides the lion') — the goddess in her powerful multi-armed form mounted on her lion vehicle. An important Śākta iconographic subject representing the supreme power of the divine feminine.,https://drive.google.com/file/d/19LNFiB-UnJYqWUzZtq7GaERToU-vnGhB/view?usp=sharing,http://vrmbd.ru.ac.bd/collection/durga-simhavahini/
Viṣṇu,Varendra Research Museum,Sculpter,Black Basalt,c. 9th century CE,"Agradigun, Sapahar, Naogaon",2,88.9 cm x 43.2 cm,Purchased,"Viṣṇu, the preserver deity of the Hindu Trimūrti, depicted in a standing posture with four arms holding his characteristic attributes: conch (śaṅkha), discus (cakra), mace (gadā), and lotus (padma).",https://drive.google.com/file/d/1z99sM60CbnjLJSU4kXWeeqjoVdYmGpQZ/view?usp=sharing,http://vrmbd.ru.ac.bd/collection/visnu/
Viṣṇu Trivikrama,Varendra Research Museum,Sculpter,Black Basalt,c. 10th century CE,"Custom Office, Rajshahi",2,83.8 cm x 50.8 cm,"Confiscated (Custom Office, Rajshahi)","Viṣṇu as Trivikrama, the 'three-strides' dwarf avatāra (Vāmana), depicting his cosmic stride that covered earth, sky, and heaven in three steps. This image commemorates the defeat of the demon king Bali. Confiscated from customs.",https://drive.google.com/file/d/1YkmGMkfGcEfMSZbHMthAeVxmXj2iYhJx/view?usp=sharing,http://vrmbd.ru.ac.bd/collection/visnu-trivikram/
Rājbhitā Stone Inscription of Mahipāla the 1st,Varendra Research Museum,Inscription,Stone,1010 CE,"Pirganj, Thakurgaon",13,N/A,Excavated,"A stone inscription dated 1010 CE from the reign of Mahipāla I, one of the most powerful rulers of the Pāla dynasty. A key historical document providing information on Pāla administration, land grants, and religious patronage.",https://drive.google.com/file/d/1zNx18LRMa5vfOlzbEg0cHmPmGa5zl-5n/view?usp=sharing,http://vrmbd.ru.ac.bd/collection/rajbhita-stone-inscription-of-mahipala-the-1st/
Bāghbari Inscription of Lakṣmaṇa Sena,Varendra Research Museum,Inscription,Stone,1184–1185 CE,"Baghbari, Mahadanga, Chapai Nawabganj",13,N/A,Excavated,"A stone inscription from the reign of Lakṣmaṇa Sena (1178–1206 CE), the last major ruler of the Sena dynasty of Bengal, dated 1184–85 CE. An important primary source for the political and religious history of late Sena Bengal.",https://drive.google.com/file/d/1pwk_DjDE3r8SKgHRSB7kcWxyy0w4ljJj/view?usp=sharing,http://vrmbd.ru.ac.bd/collection/baghbari-inscription-of-lak%e1%b9%a3ma%e1%b9%87a-sena/
Durgā Siṃhavāhinī,Varendra Research Museum,Sculpter,Black Basalt,c. 12th–13th century CE,"Custom Office, Rajshahi",2,88.9 cm x 50.8 cm,"Confiscated (Custom Office, Rajshahi)",A later Durgā Siṃhavāhinī sculpture from the transitional period between Pāla rule and Sultanate rule (late 12th to early 13th century). Confiscated by customs authorities at Rajshahi and transferred to the museum.,https://drive.google.com/file/d/1souULMAfBugaaBHd4Io8KUSlu_HVcYV0/view?usp=sharing,http://vrmbd.ru.ac.bd/collection/durga-si%e1%b9%83havahini/
Viṣṇu Śrīdhara (inscribed),Varendra Research Museum,Sculpter,Black Basalt,c. 11th century CE,"Custom Office, Rajshahi",2,91.4 cm x 45.7 cm,"Confiscated (Custom Office, Rajshahi)","Viṣṇu in his Śrīdhara ('bearer of Śrī/Lakṣmī') form, holding a lotus in the lower right hand. This image bears an inscription providing valuable historical information about its origin or patron. Confiscated from customs.",https://drive.google.com/file/d/1hiMsT_Ski6VTQuiEXr_nEOactAfU9tEK/view?usp=sharing,http://vrmbd.ru.ac.bd/collection/vi%e1%b9%a3%e1%b9%87u-sridhara-inscribed/
Varāhī,Varendra Research Museum,Sculpter,Black Basalt,c. 12th century CE,"Custom Office, Rajshahi",2,76.2 cm x 38.1 cm,"Confiscated (Custom Office, Rajshahi)","Varāhī, one of the Saptamātrkā (seven mother goddesses), the śakti (feminine energy) of Varāha (Viṣṇu's boar avatāra). She is depicted with a boar's head and holds a plough and pestle. Confiscated from customs at Rajshahi.",https://drive.google.com/file/d/1hiMsT_Ski6VTQuiEXr_nEOactAfU9tEK/view?usp=sharing,http://vrmbd.ru.ac.bd/collection/vi%e1%b9%a3%e1%b9%87u-sridhara-inscribed/
Pārvatī,Varendra Research Museum,Sculpter,Black Basalt,c. 11th century CE,"Mauga, Chourakasba, Niyamatpur, Naogaon",2,78.7 cm x 35.6 cm,Purchased,"A graceful 11th century standing image of Pārvatī, the Hindu goddess and principal consort of Śiva. Shown in an elegant tribhaṅga posture with a lotus in hand. A fine Pāla-period stone sculpture from Naogaon district.",https://drive.google.com/file/d/1IsK6AGwVDmROdydRFX4wrFlgSRIH1Oi8/view?usp=sharing,http://vrmbd.ru.ac.bd/collection/parvati/
Sūrya,Varendra Research Museum,Sculpter,Black Basalt,c. 11th century CE,"Aghor, Niyamatpur, Naogaon",2,83.8 cm x 43.2 cm,Purchased,"An 11th century Pāla-period Sūrya (sun god) image from Naogaon, showing the deity flanked by his two attendant figures Daṇḍa and Pingala, and standing on a chariot drawn by seven horses symbolising the seven days of the week.",https://drive.google.com/file/d/1DftX_GgACj6cwOP9kpe07n0dbJpBVjA9/view?usp=sharing,http://vrmbd.ru.ac.bd/collection/surya-4/
Khadirāvanī Tārā,Varendra Research Museum,Sculpter,Black Basalt,c. 12th century CE,"Nimdighi, Niyamatpur, Naogaon",2,83.8 cm x 43.2 cm,Purchased,"A second 12th century Khadirāvanī Tārā in the collection, also from Nimdighi. This version is surrounded by smaller deity figures in the surrounding niches, showing greater compositional complexity than the earlier example (VRM No. 91).",https://drive.google.com/file/d/1KeQloJbO2_FCfoGSfRzgrtcLn4ZJAz3V/view?usp=sharing,http://vrmbd.ru.ac.bd/collection/khadiravani-tara-2/
Khadirāvanī Tārā,Varendra Research Museum,Sculpter,Black Basalt,c. 11th century CE,"Khidrapalli, Nandigram, Bogra",2,83.8 cm x 43.2 cm,Purchased,"An 11th century Khadirāvanī Tārā from Bogra — the third such sculpture in the VRM collection. Stylistic comparison of the three Khadirāvanī Tārā sculptures (VRM 91, 1575, 1430) illustrates the evolution of this iconographic form across two centuries.",https://drive.google.com/file/d/1w_t7HRhLxqS2HhAmGZw0DZO5sCnRS_Wr/view?usp=sharing,http://vrmbd.ru.ac.bd/collection/khadiravani-tara-3/
Preserved Hilsa (Tenualosa ilisha) — Chandpur River Specimen,Chandpur Fisheries Museum,Zoological Specimen / Preserved Fish,Fluid-preserved in display jar,21st century CE,"Meghna River, Chandpur",Hilsa Heritage Gallery,Specimen ~40 cm length,"Bangladesh Fisheries Research Institute, Chandpur Station","A preserved specimen of the Hilsa Shad (Tenualosa ilisha) caught in the Meghna River at Chandpur — the city most closely associated with Hilsa fishing in all of Bangladesh. Chandpur is known as the 'Ilish City' (Ilisher Shahar) because it sits at the confluence of the Meghna and Dakatia rivers, one of the prime Hilsa migration routes. The Meghna at Chandpur is the most productive Hilsa fishing ground in Bangladesh, and the fish landed here are considered the finest in the country. The specimen is displayed as the museum's signature exhibit, representing the cultural and economic heart of Chandpur's identity. Information panels explain Hilsa migration biology, spawning behavior, and the cultural significance of the fish in Bengali cuisine and festivals.",https://chandpur-fisheries-museum.gov.bd/gallery/hilsa.jpg,https://en.banglapedia.org/index.php/Bangladesh_Fisheries_Research_Institute
Traditional Fishing Net — Chandpur Meghna Style (Jhalkathi Jal),Chandpur Fisheries Museum,Fishing Equipment / Ethnographic Artifact,"Nylon monofilament net, bamboo floats, lead sinkers",Traditional (20th century),"Meghna River, Chandpur",Traditional Fishing Gallery,Net ~10 m length,Donated by local fishing community,"A drift gill net (jhalkathi jal) of the type used by Hilsa fishermen on the Meghna River at Chandpur. The net is set to drift with the current, capturing Hilsa and other pelagic fish as they migrate upriver. The design — long panels of fine-mesh monofilament net with cork or bamboo floats on the top line and lead sinkers on the bottom — has been refined over generations of river fishing on the Meghna. The net is displayed with the associated equipment: the bamboo boat pole, the anchor stone, and the fish-sorting basket. The museum's fishing equipment collection documents the traditional technology of Chandpur's fishing communities, which are under pressure from motorized commercial fishing and declining Hilsa stocks.",https://chandpur-fisheries-museum.gov.bd/gallery/jhalkathi_net.jpg,https://en.banglapedia.org/index.php/Bangladesh_Fisheries_Research_Institute
Preserved Boal Catfish (Wallago attu) Specimen,Chandpur Fisheries Museum,Zoological Specimen / Preserved Fish,Fluid-preserved in large display jar,21st century CE,Meghna and Padma rivers,River Fish Gallery,Specimen ~70 cm length,"Bangladesh Fisheries Research Institute, Riverine Station, Chandpur","A preserved specimen of the Boal Catfish (Wallago attu) — one of the largest predatory catfish of Bangladesh's rivers. The Boal is a long, slender, olive-silver catfish capable of reaching 2 meters in length and is a highly valued food fish in Bangladesh. It is a voracious predator that feeds on smaller fish, frogs, and even waterfowl. The Boal is caught in large quantities in the Meghna and Padma rivers near Chandpur and is sold at the Chandpur fish market — one of the largest in Bangladesh. The specimen is displayed with information on the Boal's biology, habitat, and conservation status, which is 'vulnerable' due to overfishing and habitat loss.",https://chandpur-fisheries-museum.gov.bd/gallery/boal.jpg,https://en.banglapedia.org/index.php/Bangladesh_Fisheries_Research_Institute
BFRI Riverine Research Station Display,Chandpur Fisheries Museum,Educational Exhibit / Institutional History,"Photographs, models, equipment specimens",1984 CE – present,"BFRI Riverine Station, Chandpur",Research Heritage Gallery,Wall-mounted display,Bangladesh Fisheries Research Institute,"An educational display documenting the history and research activities of the Bangladesh Fisheries Research Institute (BFRI) Riverine Station at Chandpur — established in 1984 and covering 17.2 hectares with 36 experimental ponds and a research vessel. The station has conducted decades of research on Hilsa population dynamics, migration patterns, breeding biology, and the impact of fishing pressure. The display includes photographs of research activities, specimens collected during riverine surveys, and information on BFRI's contribution to Hilsa conservation policy — including the seasonal fishing ban (Jatka protection) that has helped stabilize Hilsa populations. The BFRI Chandpur station is the primary scientific institution associated with the museum.",https://chandpur-fisheries-museum.gov.bd/gallery/bfri_station.jpg,https://en.banglapedia.org/index.php/Bangladesh_Fisheries_Research_Institute
Fish Landing and Market Documentation Display,Chandpur Fisheries Museum,Educational Display / Cultural History,"Photographs, maps, text panels",Contemporary (21st century),Chandpur Fish Market and Ghat,Cultural Heritage Gallery,Wall-mounted display,Museum research / Chandpur District administration,"A display documenting the Chandpur fish market and landing ghat — one of the most important wholesale fish markets in Bangladesh, handling hundreds of tonnes of Hilsa, catfish, and other river fish daily. The display includes historical and contemporary photographs of the market in action, a map showing the distribution network of fish from Chandpur to Dhaka and other cities, and statistical information on the volume and value of fish landed. The Chandpur fish market is a microcosm of Bangladesh's fishing economy and an important cultural institution for the city. The display celebrates the market's role while also noting the declining catch volumes that reflect wider environmental pressures on the river fishery.",https://chandpur-fisheries-museum.gov.bd/gallery/fish_market.jpg,https://en.banglapedia.org/index.php/Bangladesh_Fisheries_Research_Institute
Jatka (Juvenile Hilsa) Conservation Display,Chandpur Fisheries Museum,Educational / Conservation Exhibit,"Preserved juvenile specimens, information panels",Contemporary (21st century),"Meghna River, Chandpur region",Conservation Gallery,Wall-mounted and specimen display,Bangladesh Fisheries Research Institute / DoF,"A conservation display focused on jatka — juvenile Hilsa less than 25 cm in length — whose protection is central to Hilsa stock management in Bangladesh. The display includes preserved jatka specimens showing the different stages of Hilsa growth, information panels on the jatka fishing ban (October–November each year), and statistics on how jatka protection has increased adult Hilsa catch volumes. Bangladesh's Department of Fisheries has implemented a seasonal fishing ban targeting jatka since the 1990s, and scientific monitoring has shown positive results for adult Hilsa populations. The museum positions this conservation success story as one of Bangladesh's most important fisheries management achievements.",https://chandpur-fisheries-museum.gov.bd/gallery/jatka_display.jpg,https://en.banglapedia.org/index.php/Bangladesh_Fisheries_Research_Institute
Traditional Fishing Boat (Sampan) Model,Chandpur Fisheries Museum,Ethnographic Model / Maritime Heritage,"Wood, bamboo, cotton sail (scale model)",Traditional form; model 21st century,"Meghna River, Chandpur",Traditional Fishing Gallery,Model ~80 cm length,Constructed by museum craftspeople,"A detailed scale model of a traditional sampan — the small, flat-bottomed wooden boat used by Hilsa fishermen on the Meghna River at Chandpur. The sampan has a shallow draft suited to the river's varying water levels, a small covered shelter at the stern for the crew, and a single mast for a cotton sail. Chandpur's fishing communities have used variants of this boat design for generations on the Meghna. The model is displayed alongside information on the boat-building traditions of the riverine communities and the gradual replacement of sail-powered sampans by motorized fiberglass boats — a change that has increased fishing efficiency but also contributed to overfishing pressure on Hilsa and other stocks.",https://chandpur-fisheries-museum.gov.bd/gallery/sampan_model.jpg,https://en.banglapedia.org/index.php/Bangladesh_Fisheries_Research_Institute
Meghna River Ecology Display,Chandpur Fisheries Museum,Environmental / Educational Exhibit,"Photographs, specimens, maps, panels",Contemporary (21st century),"Meghna River confluence, Chandpur",Natural Environment Gallery,Wall-mounted display,BFRI / Department of Environment,"A display documenting the ecology of the Meghna River at Chandpur — the river's hydrology, seasonal flood cycle, fish species composition, and the ecological importance of the Meghna-Padma confluence as a fish spawning and nursery ground. The Meghna is the largest river in Bangladesh by discharge and one of the most productive freshwater fisheries in South Asia. The display includes a map of the river system, photographs of the river in different seasons (flood and dry), specimens of common fish species, and information panels on the environmental threats facing the river — pollution, sedimentation, and climate-change-driven changes in flow patterns. The display is designed to inspire visitors to appreciate and protect the Meghna ecosystem.",https://chandpur-fisheries-museum.gov.bd/gallery/meghna_ecology.jpg,https://en.banglapedia.org/index.php/Bangladesh_Fisheries_Research_Institute
Hilsa in Bengali Culture — Cuisine and Festival Display,Chandpur Fisheries Museum,Cultural / Educational Exhibit,"Replica food items, photographs, artifacts",Contemporary (21st century),Chandpur / Bangladesh generally,Cultural Heritage Gallery,Room-scale display,Museum curatorial team,"A cultural display celebrating the central place of Hilsa in Bengali food culture, festivals, and identity. Bangladesh declared Hilsa its national fish in 1998, and no fish is more deeply embedded in Bengali cultural life. The display includes replica dishes of traditional Hilsa preparations (Ilish bhapa — steamed Hilsa; Ilish shorshe — Hilsa in mustard sauce; Ilish macher jhol — Hilsa curry), photographs of the fish being served at Pahela Baishakh (Bengali New Year) celebrations, and information on the cultural protocols around Hilsa consumption (certain communities require Hilsa at weddings, births, and festivals). The display also notes the international dimension: Hilsa is an important export from Bangladesh to the Bengali diaspora worldwide.",https://chandpur-fisheries-museum.gov.bd/gallery/hilsa_culture.jpg,https://en.banglapedia.org/index.php/Bangladesh_Fisheries_Research_Institute
Preserved Rohu (Labeo rohita) and Catla (Catla catla) Specimens,Chandpur Fisheries Museum,Zoological Specimens / Preserved Fish,Fluid-preserved in display jars,21st century CE,"Meghna River and aquaculture ponds, Chandpur region",River Fish Gallery,Specimens 30–50 cm length,Bangladesh Fisheries Research Institute,"Preserved specimens of Rohu (Labeo rohita) and Catla (Catla catla) — two of the most commercially important freshwater fish in Bangladesh and South Asia. Both species belong to the carp family and are the backbone of Bangladesh's aquaculture industry, which makes the country one of the world's top fish producers. Rohu is a medium-sized, silver-pink fish with a distinctive arched back and red-tinged fins; Catla has a large upturned mouth suited to surface feeding. Together with Mrigal carp, these three species dominate the traditional pond aquaculture system (mixed carp culture) that provides affordable fish protein to millions of Bangladeshis. The specimens are displayed with information on the fish's biology, cultural uses, and aquaculture techniques.",https://chandpur-fisheries-museum.gov.bd/gallery/rohu_catla.jpg,https://en.banglapedia.org/index.php/Bangladesh_Fisheries_Research_Institute
Preserved Shark Specimen (Carcharhinus leucas — Bull Shark),Cox's Bazar Fisheries Museum,Zoological Specimen / Preserved Fish,Taxidermy / fluid-preserved,21st century CE,"Bay of Bengal, Cox's Bazar coast",Marine Giants Gallery,Specimen ~150 cm,"Bangladesh Fisheries Research Institute, MFTS Cox's Bazar","A preserved specimen of the Bull Shark (Carcharhinus leucas), one of the largest shark species found in the coastal waters and estuaries of Cox's Bazar. The Bull Shark is notable for its ability to survive in both salt and fresh water, venturing far up rivers. It is occasionally caught by fishermen in the Bay of Bengal, where it represents both a fishing resource and a conservation concern. The specimen is displayed as the centerpiece of the Marine Giants Gallery, alongside information on shark species found in Bangladeshi waters, shark fishing regulations, and the ecological role of sharks as apex predators in the marine ecosystem. Cox's Bazar is Bangladesh's primary marine fisheries port and the BFRI Marine Fisheries and Technology Station here is the primary research institution for marine fish.",https://coxs-bazar-fisheries-museum.gov.bd/gallery/bull_shark.jpg,https://en.banglapedia.org/index.php/Bangladesh_Fisheries_Research_Institute
Preserved Barramundi (Lates calcarifer) Specimen,Cox's Bazar Fisheries Museum,Zoological Specimen / Preserved Fish,Fluid-preserved in display jar,21st century CE,"Coastal rivers and estuaries, Cox's Bazar region",Estuarine Fish Gallery,Specimen ~60 cm,"Bangladesh Fisheries Research Institute, MFTS Cox's Bazar","A preserved specimen of the Barramundi or Asian Sea Bass (Lates calcarifer, locally known as Vetki) — one of the most prized food fish of the Cox's Bazar coastal region. The Barramundi is a large, silver-scaled fish that inhabits estuaries and coastal rivers, able to transition between salt and fresh water. It is highly valued both for its delicate white flesh and as a sport fish. In Cox's Bazar, Vetki is a premium seafood item served in coastal restaurants and sold at premium prices in city markets. The specimen illustrates the rich estuarine fish diversity of the Cox's Bazar region, where the rivers flowing from the Chittagong Hills meet the Bay of Bengal in a highly productive transitional ecosystem.",https://coxs-bazar-fisheries-museum.gov.bd/gallery/barramundi.jpg,https://en.banglapedia.org/index.php/Bangladesh_Fisheries_Research_Institute
Marine Fish Species Display — Bay of Bengal Collection,Cox's Bazar Fisheries Museum,Zoological Collection / Preserved Specimens,"Fluid-preserved specimens, dry specimens",21st century CE,"Bay of Bengal, Cox's Bazar coastal waters",Marine Species Gallery,Various jar and case sizes,"BFRI Marine Fisheries and Technology Station, Cox's Bazar","A systematic display of preserved marine fish specimens representing the major commercially important species caught in the Bay of Bengal off Cox's Bazar. The collection includes tuna (Thunnus spp.), mackerel (Rastrelliger spp.), pomfret (Pampus argenteus), croaker (Johnius spp.), lizardfish (Saurida spp.), ribbon fish (Trichiurus spp.), and various shark and ray species. The display is arranged taxonomically, allowing visitors to understand the diversity of the Bay of Bengal's fish fauna. Cox's Bazar is the center of Bangladesh's deep-sea and trawl fishery, and these species represent the catches landed at the Cox's Bazar fish harbor and the marine fish markets of the region.",https://coxs-bazar-fisheries-museum.gov.bd/gallery/marine_collection.jpg,https://en.banglapedia.org/index.php/Bangladesh_Fisheries_Research_Institute
Traditional Cox's Bazar Fishing Boat — Mechanized Trawler Model,Cox's Bazar Fisheries Museum,Ethnographic Model / Maritime Heritage,"Fiberglass, wood (scale model)",Contemporary; model 21st century,Cox's Bazar harbor,Marine Fishing Heritage Gallery,Model ~100 cm length,Constructed by museum craftspeople,"A detailed scale model of a motorized fishing trawler of the type used in the deep-sea and offshore fishery of the Bay of Bengal from the Cox's Bazar harbor. The trawler has a fiberglass hull, a diesel engine, a fish hold, and trawl net equipment on the stern. The mechanization of the Cox's Bazar fishing fleet from the 1970s onward dramatically increased fishing capacity but also led to significant overfishing of the Bay of Bengal. The model is displayed alongside a traditional wooden boat model to illustrate the transition from traditional to mechanized fishing and to spark discussion about sustainable fishing practices. Cox's Bazar is home to thousands of fishing boats ranging from small traditional craft to large industrial trawlers.",https://coxs-bazar-fisheries-museum.gov.bd/gallery/trawler_model.jpg,https://en.banglapedia.org/index.php/Bangladesh_Fisheries_Research_Institute
Sea Turtle (Chelonia mydas) Shell — Green Turtle,Cox's Bazar Fisheries Museum,Zoological Specimen / Conservation Exhibit,Carapace (shell) — natural specimen,Collected prior to full protection,Cox's Bazar coast / beach,Marine Conservation Gallery,Carapace ~80 cm length,BFRI / Department of Environment donation,"A sea turtle carapace (shell) of the Green Turtle (Chelonia mydas) — one of the marine turtle species that nests on the beaches of Cox's Bazar and the adjacent Saint Martin's Island. Cox's Bazar has one of the few remaining sea turtle nesting beaches in Bangladesh, and the Green Turtle is an endangered species under serious threat from egg poaching, fishery by-catch, coastal development, and plastic pollution. The shell is displayed as a conservation exhibit, with information on sea turtle species found in Bangladeshi waters, their nesting biology, the threats they face, and the conservation programs (turtle nest protection, community awareness) that aim to safeguard their future. The exhibit is designed to motivate visitors to protect sea turtles.",https://coxs-bazar-fisheries-museum.gov.bd/gallery/sea_turtle.jpg,https://en.banglapedia.org/index.php/Bangladesh_Fisheries_Research_Institute
BFRI Marine Fisheries and Technology Station Display,Cox's Bazar Fisheries Museum,Educational Exhibit / Institutional History,"Photographs, maps, equipment specimens",1991 CE – present,"BFRI MFTS, Cox's Bazar",Research Heritage Gallery,Wall-mounted display,Bangladesh Fisheries Research Institute,"A display documenting the history and research activities of the Bangladesh Fisheries Research Institute (BFRI) Marine Fisheries and Technology Station (MFTS) at Cox's Bazar, established in 1991 on a 4-hectare campus. The station is equipped with 5 specialized laboratories and indoor and outdoor cistern complexes for marine fish research. It has conducted research on marine fish stock assessment, aquaculture of marine species, seaweed cultivation, and shrimp post-larvae collection. The display includes photographs of laboratory activities, maps of research survey areas in the Bay of Bengal, and information on key research outputs that have informed government fisheries policy. The MFTS Cox's Bazar is the primary marine fisheries research institution in Bangladesh.",https://coxs-bazar-fisheries-museum.gov.bd/gallery/bfri_mfts.jpg,https://en.banglapedia.org/index.php/Bangladesh_Fisheries_Research_Institute
Shrimp and Prawn Species Display,Cox's Bazar Fisheries Museum,Zoological Collection / Preserved Specimens,Fluid-preserved specimens,21st century CE,"Bay of Bengal and coastal waters, Cox's Bazar",Marine Species Gallery,Specimen jars 10–30 cm,BFRI Marine Fisheries and Technology Station,"A display of preserved shrimp and prawn specimens representing the major commercially important crustacean species of the Cox's Bazar coastal region and the Bay of Bengal. Bangladesh is one of the world's largest shrimp exporters, and the coastal fisheries of Cox's Bazar contribute significantly to this industry. Species displayed include the Black Tiger Prawn (Penaeus monodon), Banana Shrimp (Penaeus merguiensis), White Shrimp (Litopenaeus vannamei), and several smaller wild-caught shrimp species. The display provides information on shrimp biology, the shrimp aquaculture industry of the Chittagong region, export economics, and the environmental concerns associated with shrimp farming — particularly the impact of shrimp ponds on mangrove and coastal wetland habitats.",https://coxs-bazar-fisheries-museum.gov.bd/gallery/shrimp_display.jpg,https://en.banglapedia.org/index.php/Bangladesh_Fisheries_Research_Institute
Coral and Reef Specimens — Saint Martin's Island,Cox's Bazar Fisheries Museum,Natural History Specimen / Conservation Exhibit,Coral skeleton specimens,Collected prior to strict protection,"Saint Martin's Island, Cox's Bazar",Marine Conservation Gallery,Various sizes,BFRI / Bangladesh Forest Department donation,"A display of coral specimens from Saint Martin's Island — Bangladesh's only coral island, located 9 km south of the Cox's Bazar mainland in the Bay of Bengal. Saint Martin's is the only place in Bangladesh where a coral reef ecosystem exists, supporting a unique diversity of tropical marine life. The coral specimens displayed include brain coral, table coral, and finger coral skeletons, shown alongside photographs of the living reef ecosystem. The display emphasizes the conservation significance of Saint Martin's coral reef, which is under severe threat from tourist pressure, boat anchoring, coral collection, and climate-change-induced bleaching. The museum positions coral conservation as one of the most urgent marine environmental issues in Bangladesh.",https://coxs-bazar-fisheries-museum.gov.bd/gallery/coral_specimens.jpg,https://en.banglapedia.org/index.php/Bangladesh_Fisheries_Research_Institute
Traditional Fishing Gear — Coastal and Marine Methods,Cox's Bazar Fisheries Museum,Ethnographic Artifact / Fishing Equipment,"Various (bamboo, nylon, iron)",Traditional (20th–21st century),Cox's Bazar coast,Traditional Fishing Gallery,Various sizes,Donated by fishing communities of Cox's Bazar,"A display of traditional fishing gear used by Cox's Bazar's coastal fishing communities, including a cast net (jhaki jal) for reef fishing, a long-line set for offshore bottom fishing, crab traps of bamboo and wire, and a traditional hand line for shore fishing. Cox's Bazar has a centuries-old tradition of sea fishing by communities of the Rakhaine (Arakanese) and Bengali Muslim fishermen. Their fishing methods are adapted to the specific conditions of the Bay of Bengal — the monsoon currents, the sea bed topography, and the seasonal movements of target species. The display documents this traditional ecological knowledge alongside information on how industrial fishing methods are displacing traditional practices.",https://coxs-bazar-fisheries-museum.gov.bd/gallery/coastal_gear.jpg,https://en.banglapedia.org/index.php/Bangladesh_Fisheries_Research_Institute
Dried Squid and Dry Fish Processing Display,Cox's Bazar Fisheries Museum,Educational / Cultural Exhibit,"Dried specimens, processing equipment, photographs",Traditional (20th–21st century),Cox's Bazar coastline (Rakhaine community),Cultural Heritage Gallery,Display cases and wall panels,Museum curatorial team,"A display documenting the traditional dried fish (shutki) processing industry of Cox's Bazar — one of the most important and distinctive economic activities of the region. Cox's Bazar is Bangladesh's largest producer of dried fish, which is produced by the Rakhaine (Arakanese Buddhist) community and Bengali fishermen by drying fresh fish and squid in the sun on beach racks. The display includes dried fish and squid specimens, photographs of the traditional drying racks on the beaches near Cox's Bazar, and information on the major species processed (small fish, Bombay duck, squid, dried shrimp). Dried fish is an important protein source for poor households across Bangladesh and a major export product. The display celebrates this traditional food preservation technology and the communities that practice it.",https://coxs-bazar-fisheries-museum.gov.bd/gallery/dried_fish.jpg,https://en.banglapedia.org/index.php/Bangladesh_Fisheries_Research_Institute
Brahma Sculpture — 4-Headed Black Stone (11th–12th century),Dinajpur Museum,Sculpture / Archaeological Artifact,Black basalt stone,11th–12th century CE (Pala-Sena period),Dinajpur District excavation,Sculpture Gallery,Height ~60 cm,Dinajpur Museum collection,"A magnificent four-headed Brahma image in black basalt — one of the finest examples of Pala-Sena period sculpture in northern Bangladesh. The deity is shown with four heads (three visible in front) and four arms, with beard and moustache, seated on a lotus pedestal, holding a water jar (kamandalu) and a rosary. The sculpture exemplifies the fully developed Brahma iconography described in the Puranas and represents the high-point of sculptural achievement in the Dinajpur region, which was one of the most artistically productive areas of medieval Bengal. The Dinajpur Museum holds one of Bangladesh's most important regional collections of Hindu and Buddhist sculpture.",https://dinajpur-museum.gov.bd/gallery/brahma.jpg,https://en.banglapedia.org/index.php/Dinajpur_Museum
Parshvanatha Jain Sculpture (c. 11th century),Dinajpur Museum,Sculpture / Archaeological Artifact,Black basalt stone,c. 11th century CE,Dinajpur District excavation,Sculpture Gallery,Height ~55 cm,Dinajpur Museum collection,"A beautiful standing image of Parshvanatha — the 23rd Tirthankara (ford-maker / spiritual teacher) of the Jain tradition — in black basalt. The deity stands in the kayotsarga (arms-at-sides, non-touching posture of deep meditation) on a lotus base, beneath a seven-hooded serpent canopy. Dikpalas (directional guardians) are shown riding animals around the figure, and the goddess Chakreshvari sits below on the pedestal. This image is significant evidence for the presence of Jainism in medieval northern Bengal — a religion less commonly associated with Bangladesh than Hinduism or Buddhism. The Dinajpur Museum holds two Jain sculptures in its collection, making them rare survivors of this tradition in the region.",https://dinajpur-museum.gov.bd/gallery/parshvanatha.jpg,https://en.banglapedia.org/index.php/Dinajpur_Museum
Punch-Marked Silver Coins — Ancient Period,Dinajpur Museum,Coin / Numismatic Artifact,Silver,4th–2nd century BCE,Dinajpur District (excavation / chance finds),Coin Gallery,Diameter ~12–16 mm,Dinajpur Museum collection,"Six punch-marked silver coins from the ancient period, among the oldest monetary artifacts in the Dinajpur museum's collection. These pre-Mauryan and Mauryan-period coins are blank silver pieces stamped with multiple symbols representing different minting authorities. They provide evidence that northern Bangladesh was integrated into the wider monetary economy of the Mauryan Empire and earlier. The Dinajpur region — ancient Pundravardhana / Varendra — was one of the most prosperous agricultural and trading zones of ancient Bengal, and coins are the primary evidence of its commercial activity. The museum's coin collection of over 800 items spans from these ancient punch-marked coins through colonial period currency.",https://dinajpur-museum.gov.bd/gallery/punchmarked.jpg,https://en.banglapedia.org/index.php/Dinajpur_Museum
Colonial Period Coins — 674 Items Display,Dinajpur Museum,Coin / Numismatic Artifact,"Silver, Copper, Bronze",18th–20th century CE (British colonial),Dinajpur District (various sources),Coin Gallery,Various sizes,Dinajpur Museum collection (largest single category),"The largest single category in the Dinajpur Museum's collection: 674 colonial-period coins spanning the East India Company (1757–1858) and British India (1858–1947) eras. The collection includes sicca rupees, company rupees, Victoria rupees, and the full range of colonial subsidiary coinage from the Anna down to the Pie. The Dinajpur region was intensively administered by the British colonial government as a major agricultural district of Bengal, and coins are abundant from this period. The collection documents the gradual standardization and decimalization of the monetary system in Bengal under colonial rule and the replacement of the traditional rupee-Anna-Pice system.",https://dinajpur-museum.gov.bd/gallery/colonial_coins.jpg,https://en.banglapedia.org/index.php/Dinajpur_Museum
Decorated Bricks — 102 Items from Medieval Structures,Dinajpur Museum,Architectural Fragment / Archaeological Artifact,Fired brick with molded/incised decoration,8th–16th century CE,Dinajpur District archaeological sites,Architectural Heritage Gallery,Various sizes (~28–35 cm length),Dinajpur Museum collection,"A collection of 102 decorated fired bricks from medieval archaeological sites in the Dinajpur district — the largest sub-category of the museum's small objects collection. The bricks bear a variety of surface treatments: incised geometric patterns, molded floral designs, stamped inscriptions, and relief-cut decorative bands. They derive from the remains of temples, mosques, and elite residential structures of the medieval period. The Dinajpur region is particularly rich in medieval brick architecture: the famous Kantanagar Temple (18th century) nearby is covered with thousands of terracotta plaques. The museum's brick collection provides evidence for the earlier medieval building traditions that preceded the Kantanagar tradition.",https://dinajpur-museum.gov.bd/gallery/decorated_bricks.jpg,https://en.banglapedia.org/index.php/Dinajpur_Museum
Stone Inscriptions — 14 Items,Dinajpur Museum,Inscription / Epigraphic Artifact,Stone (various types),9th–17th century CE,Dinajpur District (various sites),Epigraphy Gallery,Various sizes,Dinajpur Museum collection,"A collection of 14 stone inscriptions in various scripts and languages — Sanskrit in Siddhamatrika and Bengali scripts, Arabic, and Persian — representing the multilingual epigraphic heritage of the Dinajpur region across nearly a millennium. The Sanskrit inscriptions relate to Hindu religious endowments and the recording of land grants; the Arabic and Persian inscriptions are from mosque foundation slabs and tomb markers. Together they document the successive cultural and political regimes that shaped northern Bangladesh: Hindu-Buddhist Pala period, the independent Bengal Sultanate, and the Mughal administration. Several of the inscriptions were recovered from the rubble of destroyed structures and would otherwise have been lost.",https://dinajpur-museum.gov.bd/gallery/stone_inscriptions.jpg,https://en.banglapedia.org/index.php/Dinajpur_Museum
Sitakot Vihara Excavation Artifacts,Dinajpur Museum,Archaeological Artifact,"Terracotta, bronze, pottery",7th–9th century CE,"Sitakot Vihara, Nawabganj, Dinajpur",Buddhist Heritage Gallery,Various sizes,Sitakot excavation (1968 joint dig with Archaeology Dept.),"Artifacts recovered from the Dinajpur Museum's own excavation at Sitakot Vihara in Nawabganj, Dinajpur District — a Buddhist monastery site jointly excavated with the Directorate of Archaeology of East Pakistan in mid-July 1968. The excavation was one of the museum's most significant early activities and yielded terracotta plaques with Buddhist imagery, fragments of bronze figurines, pottery, and architectural brick. Sitakot Vihara was a Buddhist monastic establishment dating to the early medieval period. The excavation finds are among the few primary archaeological materials in the museum collected through systematic excavation rather than chance finds or donations, giving them particular scientific importance.",https://dinajpur-museum.gov.bd/gallery/sitakot.jpg,https://en.banglapedia.org/index.php/Dinajpur_Museum
Hindu Sculptures Collection — 99 Items Display,Dinajpur Museum,Sculpture / Archaeological Artifact,"Black basalt, grey stone",8th–13th century CE (Pala-Sena period),Dinajpur District and surrounding areas,Sculpture Gallery,Heights 20–120 cm,Dinajpur Museum collection,"The core of the Dinajpur Museum's archaeological collection: 99 Hindu sculptures in black basalt and grey stone from the Pala and Sena periods (8th–13th centuries CE). The collection includes images of Vishnu, Shiva, Durga, Lakshmi, Saraswati, Ganesh, Surya, and Brahma, as well as attendant figures and narrative relief panels. These sculptures were recovered from fields, river banks, and demolished structures throughout Dinajpur district. Northern Bangladesh (Varendra) was one of the most productive centers of stone sculpture in the entire Bengal region during the Pala period, and the Dinajpur collection — though damaged during the 1971 Liberation War when many pieces were broken and looted — remains one of the most significant regional sculpture collections in Bangladesh.",https://dinajpur-museum.gov.bd/gallery/hindu_sculptures.jpg,https://en.banglapedia.org/index.php/Dinajpur_Museum
Liberation War Artifacts — Post-1971 Recovery,Dinajpur Museum,Liberation War Artifact / Historical Document,Various,1971 CE and post-war recovery,Dinajpur District,Liberation War Gallery,Various sizes,Dinajpur Museum collection,"Artifacts and documents from the Liberation War of 1971 and the post-war recovery, including photographs of the war's impact on Dinajpur, documents relating to the liberation struggle in northern Bangladesh, and objects representing the district's contribution to independence. The Dinajpur Museum was nearly completely destroyed during the 1971 Liberation War: stone sculptures were broken, metallic articles looted, and the collections severely damaged. The post-war recovery of the museum — with international support (a NORAD donation funded a new building in 1983–85) — is itself part of the museum's history. These artifacts document both the destruction and the resilience that characterizes the museum's story.",https://dinajpur-museum.gov.bd/gallery/liberation_artifacts.jpg,https://en.banglapedia.org/index.php/Dinajpur_Museum
Pottery Collection — Medieval and Early Period,Dinajpur Museum,Ceramic / Archaeological Artifact,"Fired earthenware, some with slip",Various periods (ancient to medieval),Dinajpur District excavations,Archaeological Gallery,Various sizes,Dinajpur Museum collection,"A collection of pottery from the ancient to medieval periods recovered from archaeological sites in the Dinajpur District, including grey ware, red-slipped ware, black ware, and decorated earthenware. The pottery spans from the pre-Mauryan period through the Sultanate era and provides evidence for the continuous settlement of the Dinajpur region over two millennia. Different pottery traditions are associated with different cultural periods: the grey ware with the ancient period, the red-slipped ware with the Gupta era, and later wares with the Pala and Sultanate periods. The Dinajpur region's rich alluvial soil made it one of the most densely settled areas of ancient Bengal, and pottery is the most abundant and consistent evidence of that settlement.",https://dinajpur-museum.gov.bd/gallery/pottery.jpg,https://en.banglapedia.org/index.php/Dinajpur_Museum
Chakma Homestead Model (Full-Scale Reconstruction),Ethnological Museum of Chittagong,Architectural Model / Ethnographic Exhibit,"Bamboo, wood, thatch, cane",Contemporary reconstruction of traditional form,"Central hall, Ethnological Museum, Agrabad, Chittagong",Central Hall,Full-scale model,Department of Archaeology / museum construction,"A full-scale reconstructed model of a typical Chakma homestead, displayed beside the large wall map of ethnic group locations in the museum's central hall. The Chakma are the largest indigenous community of the Chittagong Hill Tracts, traditionally living in raised bamboo houses (machang) built on stilts above the ground for protection from flooding, wild animals, and dampness. The model shows the characteristic bamboo-platform construction, woven wall panels, and thatched roof of a traditional Chakma dwelling. This reconstruction is one of the most popular exhibits for visitors, providing an immersive, three-dimensional introduction to indigenous architecture that complements the museum's flat photographic and object displays.",https://ethnological-museum-ctg.gov.bd/gallery/chakma_homestead.jpg,https://en.banglapedia.org/index.php/Ethnological_Museum
Murong (Mro) Traditional Boat,Ethnological Museum of Chittagong,Ethnographic Artifact / Maritime Heritage,Carved wood (dugout construction),Traditional (20th century),Chittagong Hill Tracts (Mro/Murong community),Chittagong Hill Tracts Gallery,Length ~3–4 m,Donated by Mro community / Dept. of Archaeology field collection,"A traditional dugout boat of the type used by the Murong (Mro) people of the Chittagong Hill Tracts, carved from a single large log. The Mro are one of the indigenous groups of the hill tracts, traditionally inhabiting the more remote hill areas and maintaining distinctive cultural practices including their own script (Mro script, invented in the 1980s) and animist-influenced religious traditions. This boat exhibit is highlighted among the museum's notable artifacts as a striking example of indigenous craftsmanship and the riverine and stream-based transportation systems essential to hill tract communities living in a landscape of steep terrain and numerous waterways.",https://ethnological-museum-ctg.gov.bd/gallery/mro_boat.jpg,https://bangladeshmuseums.com/ethnological-museum-chittagong/
Marma-Murang Silver Ornaments,Ethnological Museum of Chittagong,Personal Ornament / Ethnographic Artifact,Silver,19th–20th century CE,Chittagong Hill Tracts (Marma and Mro communities),Chittagong Hill Tracts Gallery,Various sizes,Donated by community members / field collection,"A showcase of silver ornaments worn by Marma and Murang (Mro) women of the Chittagong Hill Tracts, including necklaces, bangles, and headpieces. The Marma are the second-largest indigenous community of the hill tracts, with strong cultural and religious connections to Buddhist Myanmar (Burma), reflected in their ornament styles and Buddhist ritual objects. Silver jewelry is an important marker of social status and ethnic identity among hill tract communities, often passed down through generations and worn during festivals such as the Marma Sangrai (water festival) celebrating the Buddhist new year. The collection is one of the museum's notable exhibits, illustrating the metalworking and decorative traditions of the region's indigenous peoples.",https://ethnological-museum-ctg.gov.bd/gallery/marma_silver.jpg,https://en.banglapedia.org/index.php/Ethnological_Museum
Tipra (Tripura) Weapons and Daily Use Articles,Ethnological Museum of Chittagong,Ethnographic Artifact / Tool Collection,"Iron, wood, bamboo",Traditional (20th century),Chittagong Hill Tracts (Tripura community),Chittagong Hill Tracts Gallery,Various sizes,Field collection / community donation,"A display of weapons, tools, and articles of daily use belonging to the Tipra (Tripura) people, alongside specimens of their traditional writing, axes, scissors, baskets, and bamboo pipes. The Tripura are an indigenous community found in both the Chittagong Hill Tracts of Bangladesh and the neighboring Indian state of Tripura, with a Tibeto-Burman linguistic heritage and distinctive traditions of jhum (shifting) cultivation. The display documents the full range of material objects used in everyday Tripura life — from agricultural and craft tools to weapons used historically for hunting and defense — providing visitors with a comprehensive view of the community's traditional self-sufficient way of life in the hill terrain.",https://ethnological-museum-ctg.gov.bd/gallery/tipra_tools.jpg,https://bangladeshmuseums.com/ethnological-museum-chittagong/
Manipuri Traditional Dress and Weaving Loom,Ethnological Museum of Chittagong,Textile / Ethnographic Artifact,"Cotton, silk; wooden loom",19th–20th century CE,Sylhet region (Manipuri community),Sylhet Region Gallery,Loom: various dimensions; dress: standard size,Donated by Manipuri community organizations,"A display of traditional Manipuri dresses alongside a working model of a Manipuri hand loom, representing the textile heritage of the Manipuri community concentrated in the Sylhet region of Bangladesh. The Manipuri people, who migrated to the Sylhet area from the historic kingdom of Manipur, are renowned for their weaving skills and distinctive dance traditions (Manipuri dance, particularly Ras Lila). The hand loom on display demonstrates the traditional weaving technology used to produce the intricately patterned Manipuri textiles, an important economic and cultural activity for the community. The exhibit reflects the museum's broader mission to represent ethnic groups from across Bangladesh, not only the Chittagong Hill Tracts.",https://ethnological-museum-ctg.gov.bd/gallery/manipuri_dress.jpg,https://en.banglapedia.org/index.php/Ethnological_Museum
"Garo, Hajong, Dalu and Mandai Material Culture Display",Ethnological Museum of Chittagong,Ethnographic Collection / Mixed Artifacts,"Bamboo, cotton, wood, metal",19th–20th century CE,"Mymensingh region (Garo, Hajong, Dalu, Mandai communities)",Mymensingh Region Gallery,Various sizes,Field collection / community donations,"A combined display representing the material culture of the Garo, Hajong, Dalu, and Mandai ethnic communities of the Mymensingh region of northern Bangladesh, including textiles, tools, and household items. The Garo are the largest of these communities and maintain a distinctive matrilineal social structure; the Hajong, Dalu, and Mandai are smaller groups with their own languages and cultural practices, often living in close proximity to the Garo in the hill and foothill zone bordering Meghalaya, India. This gallery section complements the larger collections devoted to the Chittagong Hill Tracts communities, ensuring the museum's stated goal of representing all 29 ethnic groups of Bangladesh, including those in regions far from Chittagong itself.",https://ethnological-museum-ctg.gov.bd/gallery/mymensingh_groups.jpg,https://en.banglapedia.org/index.php/Ethnological_Museum
"Santal, Oraon, Rajbangshi and Polia Artifacts — Rajshahi-Dinajpur Region",Ethnological Museum of Chittagong,Ethnographic Collection / Mixed Artifacts,"Wood, iron, cotton, clay",19th–20th century CE,"Rajshahi-Dinajpur region (Santal, Oraon, Rajbangshi, Polia communities)",Rajshahi-Dinajpur Region Gallery,Various sizes,Field collection / community donations,"Artifacts representing the Santal, Oraon, Rajbangshi, and Polia ethnic communities of the Rajshahi-Dinajpur region of northwestern Bangladesh. The Santal are one of the largest indigenous communities in South Asia, with a significant population in this border region; the Oraon are a Dravidian-speaking community originally from the Chota Nagpur plateau who migrated to work on tea estates and agricultural land in Bengal. The display includes agricultural tools, traditional dress items, and craft objects reflecting the agrarian lifestyle and distinct cultural traditions of these communities, who maintain identities separate from the majority Bengali population in this border region.",https://ethnological-museum-ctg.gov.bd/gallery/rajshahi_dinajpur_groups.jpg,https://www.chittagong.gov.bd
"International Tribal Collection — Swat, Sindh, Punjab, Kafiristan",Ethnological Museum of Chittagong,Ethnographic Collection / International Artifacts,"Silver, cotton, wool, wood",19th–20th century CE,"Pakistan (Swat, Sindh, Punjab regions) and Kafiristan (Afghanistan)",International Ethnic Gallery,Various sizes,Acquired through institutional exchange (pre-1971 period),"An international ethnographic collection acquired during the museum's early development, representing tribal communities of Swat, Sindh, and Punjab in present-day Pakistan, and the Kafiristan (Nuristan) region of Afghanistan. The collection includes silver ornaments of Swat, Sindh, and Punjab tribes, a model of a typical Punjabi woman, materials of daily use and photographs of Punjab and Kafiristan tribes, weapons of Swati tribes, and models depicting a Sindhi bride, mother, and child. This international dimension reflects the museum's origins in the pre-1971 period when Bangladesh (then East Pakistan) was part of a single Pakistani state, and the collection has been preserved as historically significant ethnographic material documenting cultures connected to the subcontinent's shared past.",https://ethnological-museum-ctg.gov.bd/gallery/international_collection.jpg,https://en.banglapedia.org/index.php/Ethnological_Museum
Folk Articles of Bengali-Speaking Communities (1996 Gallery),Ethnological Museum of Chittagong,Folk Craft / Ethnographic Artifact,"Bamboo, clay, cotton, metal",19th–20th century CE,Various Bengali-speaking regions of Bangladesh,Bengali Folk Gallery (added 1996),Various sizes,Museum collection (gallery added 1996),"Folk articles of the majority Bengali-speaking population of Bangladesh, displayed in a gallery added to the Ethnological Museum in 1996 to complement its primary focus on the country's smaller ethnic minority communities. The gallery includes everyday craft objects, textiles, and household items representative of mainstream Bengali rural folk culture. This addition reflects an evolution in the museum's mission: originally focused exclusively on tribal and minority ethnic groups, the institution expanded to provide a more complete ethnographic picture of Bangladesh's population by including the cultural practices of the Bengali-speaking majority alongside the indigenous and tribal communities that form the museum's core collection.",https://ethnological-museum-ctg.gov.bd/gallery/bengali_folk.jpg,https://en.banglapedia.org/index.php/Ethnological_Museum
Central Hall Ethnic Distribution Map,Ethnological Museum of Chittagong,Educational Display / Cartographic Exhibit,"Painted map, wall-mounted","Established with museum opening (1974), updated periodically","Central hall, Ethnological Museum, Agrabad, Chittagong",Central Hall,Large wall-mounted map,Department of Archaeology / museum production,"A large wall map of Bangladesh displayed in the central hall of the Ethnological Museum, showing the geographic distribution of all the country's ethnic groups across its various regions: the Chittagong Hill Tracts groups (Chakma, Marma, Tripura, Mrung, Bawm, Khyang, Khumi, Chak, Rakhine, Pankhoa), the Sylhet region groups (Khasia, Manipuri, Pangan, Patra), the Mymensingh region groups (Garo, Hajong, Dalu, Mandai, Cooch), the Rajshahi-Dinajpur region groups (Santal, Oraon, Rajbangshi, Polia), and the Jashore-Jhenaidah region groups (Buno, Bagdi). This orientation map is the conceptual centerpiece of the museum, helping visitors understand Bangladesh's ethnic diversity as a coherent geographic and cultural system before exploring the detailed regional galleries.",https://ethnological-museum-ctg.gov.bd/gallery/ethnic_map.jpg,https://www.chittagong.gov.bd
Ancient Coins — Faridpur Region,Faridpur Museum,Coin / Numismatic Artifact,"Silver, copper, bronze",Various periods (Sultanate to British),Faridpur District (excavation / chance finds),Coin Gallery,Various sizes,Faridpur Museum collection / local donations,"A collection of ancient and medieval coins from the Faridpur region, spanning the Bengal Sultanate through the Mughal and British colonial periods. Faridpur District is located on the fertile Padma river plain and has been inhabited and commercially active for many centuries. The coin collection documents the monetary history of the region through the successive political regimes that controlled it. Sultanate and Mughal coins reflect the area's integration into the Bengal provincial economy; British colonial coins document the transformations of the colonial era. The Faridpur region was also noted in the colonial period as the native area of several prominent Bengali political and cultural figures.",https://faridpur-museum.gov.bd/gallery/coins.jpg,https://www.50bestmuseums.com/directory/bangladesh/Q19741757
Archaeological Finds — Padma River Excavations,Faridpur Museum,Archaeological Artifact,"Terracotta, pottery, bronze",Various periods (ancient to medieval),"Padma River banks, Faridpur District",Archaeological Gallery,Various sizes,Department of Archaeology excavation,"Archaeological finds from excavations and chance discoveries along the Padma River banks in Faridpur District, including terracotta pottery, fragments of terracotta figurines, and bronze objects. The Faridpur region's fertile delta landscape has been settled for millennia, and river erosion frequently exposes buried archaeological layers. The finds document the region's ancient and medieval settlement history and its participation in the wider cultural traditions of the Bengal delta. The Padma (upper course of the Ganges in Bangladesh) was one of the most important riverine trade routes in pre-modern Bengal, and Faridpur's location on its banks made it a significant settlement site.",https://faridpur-museum.gov.bd/gallery/padma_finds.jpg,https://www.touristplaces.com.bd/faridpur/
Portrait and Documents — A.K. Fazlul Huq (Sher-e-Bangla),Faridpur Museum,Portrait / Historical Document,Oil on canvas / printed documents,Late 19th – 20th century CE,Faridpur / Dhaka,Notable Personalities Gallery,Portrait ~60 × 45 cm,Faridpur Museum collection / donated by family,"A portrait and documentation display of A.K. Fazlul Huq (1873–1962) — Sher-e-Bangla ('Tiger of Bengal'), the most celebrated political leader from the Faridpur region. Fazlul Huq was a barrister, politician, and statesman who served as Chief Minister of Bengal (1937–43) and Prime Minister of East Bengal / East Pakistan (1954). He introduced the Lahore Resolution (1940) that called for independent Muslim states in the Indian subcontinent, and as Chief Minister introduced the Debt Settlement Act that relieved indebted farmers — a transformative measure for the rural poor. The Faridpur Museum celebrates him as the region's greatest son and the broader Faridpur district's contribution to Bengal's political history.",https://faridpur-museum.gov.bd/gallery/fazlul_huq.jpg,https://en.wikipedia.org/wiki/A._K._Fazlul_Huq
Traditional Textile and Craft Objects,Faridpur Museum,Textile / Folk Craft,"Cotton, silk, bamboo",19th–20th century CE,Faridpur Division,Cultural Heritage Gallery,Various sizes,Donated by local families and craft organizations,"A collection of traditional textile and craft objects from the Faridpur region, including examples of hand-woven cotton fabrics, bamboo and cane basketry, and clay pottery. The Faridpur division has a rich craft heritage rooted in its agricultural economy — cotton weaving, bamboo work, and pottery have been the primary craft traditions of its villages for centuries. The objects document the material culture of rural life in the Padma River delta and the skills of the artisan communities (weavers, potters, basket-makers) who have sustained these traditions. The collection serves as a record of craft traditions that are being rapidly displaced by factory-made goods.",https://faridpur-museum.gov.bd/gallery/textiles_crafts.jpg,https://www.touristplaces.com.bd/faridpur/
Liberation War Artifacts — Faridpur Sector,Faridpur Museum,Liberation War Artifact / Historical Document,Various,1971 CE,Faridpur District,Liberation War Gallery,Various sizes,Donated by freedom fighters and families,"A collection of Liberation War artifacts from Faridpur district, including photographs of local freedom fighters (muktijoddha), documents relating to the liberation struggle in the Faridpur region, and personal effects of local martyrs. Faridpur was part of Sector 8 of the 1971 Liberation War and saw significant guerrilla activity and Pakistani Army operations. The museum's Liberation War collection documents the local dimension of the independence struggle — the specific battles, resistance activities, and sacrifices of Faridpur's freedom fighters — and integrates them into the national narrative of the war. Personal testimonies from surviving freedom fighters have been collected and displayed alongside the artifacts.",https://faridpur-museum.gov.bd/gallery/liberation_artifacts.jpg,https://www.touristplaces.com.bd/faridpur/
Folk Music Instruments — Faridpur Region,Faridpur Museum,Musical Instrument / Folk Artifact,"Bamboo, wood, animal skin, metal",19th–20th century CE,Faridpur Division,Cultural Heritage Gallery,Various sizes,Donated by folk musicians and cultural organizations,"Traditional musical instruments from the Faridpur region, including instruments associated with the region's rich folk music traditions. Faridpur is noted for its connection to Pallikabi (rural poet) Jasim Uddin (1903–1976) — one of the greatest folk poets of Bengal — and to the baul and devotional music traditions of the central Bengal delta. The collection includes a khamak (plucked drone instrument favored by baul singers), a dhol (double-headed drum), a harmonium, and a bamboo flute. A separate Pallikabi Jasim Uddin Museum (branch of Bangladesh National Museum) is also located in Faridpur and focuses specifically on the poet's legacy; the Faridpur Museum complements this with a broader regional cultural collection.",https://faridpur-museum.gov.bd/gallery/folk_instruments.jpg,https://www.touristplaces.com.bd/faridpur/
Agricultural Tools — Padma River Delta Farming,Faridpur Museum,Agricultural Tool / Ethnographic Artifact,"Iron, wood, bamboo",19th–20th century CE,Faridpur Division,Everyday Life Gallery,Various sizes,Donated by farming families,"Traditional agricultural tools from the Faridpur region's rice and jute farming tradition, including a wooden plough (hal), an iron sickle (kaste), a bamboo winnowing tray (kula), and a hand-woven paddy-carrying basket. The Faridpur delta plain is one of Bangladesh's most productive agricultural areas, and the region's farmers have developed specialized tools adapted to its alluvial soil, seasonal flooding, and crop varieties. These tools represent centuries of agricultural knowledge and adaptation. The collection is displayed alongside photographs of the farming cycle — land preparation, planting, harvesting, and threshing — and information panels on the cropping patterns of the Faridpur region.",https://faridpur-museum.gov.bd/gallery/agricultural_tools.jpg,https://www.touristplaces.com.bd/faridpur/
Historical Photographs — Faridpur Town and District,Faridpur Museum,Photograph / Historical Document,Silver gelatin and modern prints,Late 19th – 20th century CE,Faridpur Town and district,Heritage Documentation Gallery,Various sizes (wall-mounted),Faridpur District administration archives / donations,"Historical photographs of Faridpur town and district from the late 19th century to the post-independence period, documenting the town's development, its notable buildings and institutions, and the changes in the landscape over more than a century. The photographs include images of the colonial-era Faridpur Collectorate, the historic riverfront, early educational institutions (Government Rajendra College was established in 1918), and scenes of rural life in the district. The photographic collection provides a visual history of Faridpur that complements the museum's artifact-based displays and serves as an irreplaceable documentary record of the district's built and natural heritage.",https://faridpur-museum.gov.bd/gallery/historical_photos.jpg,https://www.touristplaces.com.bd/faridpur/
Gazi Pata (Gazi Scroll Painting),Folk Heritage Museum (Bangla Academy),Painting / Folk Art,Natural pigments on cloth,19th–20th century CE,Bengal (tradition widespread in southern districts),Folk Art Gallery,Scroll ~3 m length,Bangla Academy folk art collection,"A Gazi pata — a traditional painted narrative scroll depicting the deeds of Gazi Pir, the Islamic folk saint worshipped by both Hindu and Muslim communities in Bengal. The scroll is painted in the folk style on a long strip of cloth, with sequential panels showing scenes from the Gazi legend: the saint's battles with crocodiles, his miraculous feats, and his veneration by devotees. The Gazi tradition blends Islamic sainthood (the pir concept) with indigenous Bengali nature worship and the crocodile cult of the Sundarbans region. The scroll is displayed as one of the most remarkable examples of Bengal's syncretic folk religion expressed through visual art. It is one of approximately 500 items in the Folk Heritage Museum's collection.",https://banglaacademy-folk-museum.gov.bd/gallery/gazi_pata.jpg,https://en.wikipedia.org/wiki/Barwan_house
Nakshi Kantha — Embroidered Quilt,Folk Heritage Museum (Bangla Academy),Textile / Folk Art,"Cotton cloth, colored thread",Late 19th–early 20th century CE,Mymensingh / Rajshahi region,Folk Art Gallery,~150 × 120 cm,Bangla Academy folk art collection,"A nakshi kantha — a traditional embroidered quilt made from layers of old sari cloth stitched together with colored thread — from the Bangla Academy's folk art collection. The surface of this kantha is covered with a central lotus motif surrounded by concentric bands of stylized flora, birds, peacocks, and folk narrative scenes. Nakshi kantha-making is one of the most celebrated of Bengali folk arts, traditionally practiced by women in rural homes as a form of artistic expression and domestic craft. The Bangla Academy's Folk Heritage Museum has preserved outstanding examples of this tradition as part of its collection of approximately 500 folk art items.",https://banglaacademy-folk-museum.gov.bd/gallery/nakshi_kantha.jpg,https://en.wikipedia.org/wiki/Barwan_house
Shataranji (Hand-woven Floor Mat),Folk Heritage Museum (Bangla Academy),Textile / Folk Craft,"Cotton, natural dyes",20th century CE,Rangpur region (traditional shataranji center),Folk Art Gallery,~200 × 100 cm,Bangla Academy folk craft collection,"A shataranji — a traditional hand-woven flat-weave cotton floor mat with bold geometric patterns in red, black, green, and white — from the Rangpur region, the center of Bangladesh's shataranji-weaving tradition. Shataranji is woven on a traditional floor loom using a discontinuous supplementary weft technique that creates the geometric surface patterns. The Rangpur shataranji industry dates back centuries and produces floor coverings, prayer mats, and decorative textiles. It is one of the crafts highlighted in the Folk Heritage Museum as a living tradition under pressure from cheaper machine-made alternatives. The museum displays both historic and contemporary examples to show the continuity and evolution of the craft.",https://banglaacademy-folk-museum.gov.bd/gallery/shataranji.jpg,https://en.wikipedia.org/wiki/Barwan_house
Rickshaw Painting Panel,Folk Heritage Museum (Bangla Academy),Decorative Art / Urban Folk Art,Enamel paint on metal sheet,20th century CE (post-1950),Dhaka,Folk Art Gallery,~60 × 45 cm,Bangla Academy folk art collection,"A hand-painted rickshaw panel in the distinctive Dhaka style — the brightly colored, folk-painted back panel that is the most iconic form of urban folk art in Bangladesh. This example depicts a Bengali rural landscape: a river with sailing boats, coconut palms, birds in flight, and a village at dusk. The panel is painted in vivid enamel colors — red, green, blue, yellow — with confident, rapid brushwork. Rickshaw painting emerged as a distinct art form in Dhaka from the 1940s and developed its own visual vocabulary of nature scenes, film imagery, and Bengali cultural symbols. The Folk Heritage Museum's collection of rickshaw panels documents this unique intersection of folk tradition and modern urban culture.",https://banglaacademy-folk-museum.gov.bd/gallery/rickshaw_panel.jpg,https://en.wikipedia.org/wiki/Barwan_house
Folk Musical Instruments Collection,Folk Heritage Museum (Bangla Academy),Musical Instrument / Folk Artifact,"Various (bamboo, wood, metal, skin)",19th–20th century CE,Various regions of Bangladesh,Folk Music Gallery,Various sizes,Bangla Academy folk music collection,"A collection of traditional folk musical instruments from different regions of Bangladesh, including a dotara (two-string lute from the north), an ektara (single-string drone lute of the baul tradition), a dhol (barrel drum), a sarinda (bowed lute), a khamak (plucked drum), and a bamboo bashi (flute). Each instrument is associated with specific folk music traditions and communities: the ektara with baul singers, the dhol with festival percussion, the sarinda with the Bede (boat-dwelling) community. The collection represents the extraordinary diversity of folk musical traditions in Bangladesh — from the mystic songs of the bauls to the devotional music of the kirtan tradition and the boatmen's bhatiyali songs.",https://banglaacademy-folk-museum.gov.bd/gallery/folk_instruments.jpg,https://en.wikipedia.org/wiki/Barwan_house
Folk Ornaments — Traditional Bengali Jewelry,Folk Heritage Museum (Bangla Academy),Personal Ornament / Folk Craft,"Silver, gold-plated silver, glass, lacquer",19th–20th century CE,Various regions of Bangladesh,Folk Art Gallery,Various sizes,Bangla Academy folk craft collection,"A collection of traditional Bengali folk ornaments including necklaces (hansuli — crescent collar necklace), bangles (shakha-pola — conch shell and red lacquer bangle set), anklets (nupur), nose rings (nath), and ear ornaments from different regions of Bangladesh. Traditional Bengali jewelry reflects regional variations in style and material — the distinctive nath and hansuli of the Rajshahi region, the glass bangles of Dhaka, and the silver work of the Chittagong Hill Tracts. The collection documents the material culture of adornment across social classes and communities in Bengali society, from everyday glass bangles worn by rural women to the elaborate silver jewelry of wealthier households.",https://banglaacademy-folk-museum.gov.bd/gallery/folk_ornaments.jpg,https://en.wikipedia.org/wiki/Barwan_house
Language Movement Museum Materials,Folk Heritage Museum (Bangla Academy),Historical Document / Literary Artifact,"Paper, photographs, printed materials",1952 CE and commemorative,"Dhaka (Burdwan House, Bangla Academy)",Language Movement Museum Gallery,Various sizes,Bangla Academy institutional archive,"Materials from the Language Movement Museum established within the Bangla Academy's Burdwan House — inaugurated by Prime Minister Sheikh Hasina on 1 February 2010. The collection includes book covers, photographs, and documents relating to the history and events of the 1952 Language Movement: the movement to establish Bengali as an official language of Pakistan. Exhibits include the cover of the booklet Pakistaner Rashtra Bhasha, photographs of the protests of 21 February 1952, and materials relating to the language martyrs who died when police fired on demonstrators. The Bangla Academy's location at Burdwan House — where literary and language movement activities were centered from the 1940s — makes it an appropriate home for this collection.",https://banglaacademy-folk-museum.gov.bd/gallery/language_movement.jpg,https://en.wikipedia.org/wiki/Barwan_house
National Literature and Writers' Museum Display,Folk Heritage Museum (Bangla Academy),Historical Document / Literary Artifact,"Portraits, books, personal effects, photographs",19th–21st century CE,"Dhaka (Burdwan House, Bangla Academy)",Writers' Museum Gallery,Various sizes (room display),Bangla Academy institutional archive,"Exhibits from the National Literature and Writers' Museum established within Bangla Academy's Burdwan House, dedicated to the history of Bengali literature and its major figures. The display includes panels on the Muslim Sahitya-Samaj — a progressive literary group established in Dhaka in the 1920s — featuring portraits of its founders: Kazi Abdul Wadud, Abul Hussain, Qazi Motahar Hossain, Abul Fazal, and Abdul Quadir. The museum is open every day except government holidays from 11:00 am to 4:00 pm. It celebrates the institutional role of Bangla Academy in the development of Bengali language and literature and provides context for understanding Bangladesh's literary heritage.",https://banglaacademy-folk-museum.gov.bd/gallery/writers_museum.jpg,https://en.wikipedia.org/wiki/Barwan_house
Folk Pottery Collection,Folk Heritage Museum (Bangla Academy),Ceramic / Folk Craft,"Fired earthenware, natural and commercial pigments",19th–20th century CE,"Various regions of Bangladesh (Rajshahi, Comilla, Khulna)",Folk Art Gallery,Various sizes,Bangla Academy folk craft collection,"A collection of traditional folk pottery from different regions of Bangladesh, including the black clay pots (kalo mati shilpa) of Rajshahi, the decorative red-painted pots of Comilla, and the simple utilitarian pots of the Khulna region. Bengali folk pottery has a continuous tradition stretching back to the Neolithic period, and modern folk potters (kumors) maintain forms and techniques with ancient roots. The collection includes storage pots, water vessels, oil lamps, piggy banks (children's hundi), and molded animal figures. The Bangla Academy's folk pottery collection represents the diversity of Bangladesh's regional pottery traditions before the introduction of factory-made plastic and aluminium vessels displaced much of the traditional market.",https://banglaacademy-folk-museum.gov.bd/gallery/folk_pottery.jpg,https://en.wikipedia.org/wiki/Barwan_house
Jamdani Fabric Sample — UNESCO Intangible Heritage,Folk Heritage Museum (Bangla Academy),Textile / Heritage Craft,Hand-woven cotton (discontinuous supplementary weft),20th century CE,"Narayanganj (Rupganj/Sonargaon), Dhaka",Folk Art Gallery,~2 × 1 m fabric sample framed,Bangla Academy heritage craft collection,"A sample of authentic Dhakai Jamdani fabric — the hand-woven muslin textile decorated with discontinuous supplementary weft floral motifs, inscribed on UNESCO's Representative List of Intangible Cultural Heritage of Humanity in 2013. The sample shows the characteristic gossamer-fine cotton ground with a white-on-white pattern of stylized flowers (buta motifs) distributed across the field. Jamdani weaving is centered in the Rupganj and Sonargaon areas of Narayanganj District near Dhaka and is one of the finest textile traditions in the world. The Bangla Academy's collection of Jamdani samples documents the tradition's evolution across the 20th century and celebrates it as a central element of Bangladesh's intangible cultural heritage.",https://banglaacademy-folk-museum.gov.bd/gallery/jamdani.jpg,https://en.wikipedia.org/wiki/Barwan_house
Zamindari Estate Document — Land Deed (Thakurgaon),Jamalpur Estate Museum,Document / Administrative Record,"Paper, ink",Late 19th – early 20th century CE,"Thakurgaon District, northern Bangladesh",Estate Records Gallery,"Folded document, various sizes",Original estate archive / donated,"Land deeds and estate records from the Jamalpur zamindari estate in Thakurgaon District — documents recording land tenure, tenant registers, and revenue records from the colonial-era zamindari system. The Jamalpur Estate was one of the zamindari estates of northern Bangladesh under the Permanent Settlement system (from 1793), collecting land revenues from cultivating tenants (raiyats). These documents are primary sources for the agrarian history of Thakurgaon District and for understanding the zamindari system that shaped rural Bengal's social structure until its abolition under the East Bengal State Acquisition and Tenancy Act of 1950.",https://jamalpur-museum.gov.bd/gallery/land_deed.jpg,https://en.wikipedia.org/wiki/List_of_museums_in_Bangladesh
Zamindari Furniture — Teak Dining Table,Jamalpur Estate Museum,Furniture,"Teak wood, iron fittings",Late 19th century CE,"Jamalpur Estate, Thakurgaon",Estate Life Gallery,"~160 × 80 cm, Height 75 cm",Original estate inventory,"A teak wood dining table from the Jamalpur zamindari estate house — a solid, utilitarian piece with a plain top and turned legs, representing the domestic furniture of a provincial northern Bengal zamindari household. Unlike the marble-top tables of the grander Dhaka zamindars, this table is of simpler construction, reflecting the more modest means of a district-level estate. The table would have been used by the zamindar family for their daily meals and for official dinners with district administrators and notable guests. The furniture collection of the Jamalpur Estate Museum documents the domestic material culture of a provincial zamindari household in northern Bangladesh during the colonial period.",https://jamalpur-museum.gov.bd/gallery/dining_table.jpg,https://en.wikipedia.org/wiki/List_of_museums_in_Bangladesh
Iron Safe / Cash Box — Zamindari Estate,Jamalpur Estate Museum,Furniture / Security Artifact,"Cast iron, steel lock",Late 19th – early 20th century CE,"Jamalpur Estate, Thakurgaon",Estate Life Gallery,~50 × 40 × 35 cm,Original estate inventory,"A cast iron safe (tijori) from the Jamalpur zamindari estate, used to store cash, revenue receipts, and important documents. The safe has a hinged lid secured by a heavy steel lock mechanism with a key. Such iron safes were standard equipment in zamindari estate offices across Bengal, where the nayeb (estate manager) kept the daily revenue collections secure. The Jamalpur estate collected revenue from cultivating tenants across Thakurgaon District. This safe is a tangible artifact of that revenue collection system and of the physical security infrastructure that zamindari administration required.",https://jamalpur-museum.gov.bd/gallery/iron_safe.jpg,https://en.wikipedia.org/wiki/List_of_museums_in_Bangladesh
Terracotta and Pottery — Thakurgaon Archaeological Finds,Jamalpur Estate Museum,Archaeological Artifact,"Fired terracotta, earthenware pottery",Ancient to medieval period,"Thakurgaon District, northern Bangladesh",Archaeological Gallery,Various sizes,Department of Archaeology / local finds,"Terracotta and pottery artifacts from the Thakurgaon region, recovered from agricultural fields and local excavations. The northern Bangladesh region of Thakurgaon (ancient Varendra area) has been settled since ancient times and archaeological finds including terracotta figurines, decorated bricks, and pottery fragments are regularly discovered during agricultural activities. The museum collects and displays these chance finds alongside systematic excavation materials, providing evidence for the ancient settlement history of the Thakurgaon area. The terracotta tradition of northern Bangladesh, centered in the Rajshahi-Dinajpur-Thakurgaon belt, is one of the oldest and most significant in the subcontinent.",https://jamalpur-museum.gov.bd/gallery/terracotta.jpg,https://en.wikipedia.org/wiki/List_of_museums_in_Bangladesh
Photographs — Thakurgaon Heritage and History,Jamalpur Estate Museum,Photograph / Historical Document,Silver gelatin and modern prints,Late 19th – 20th century CE,Thakurgaon District,Heritage Documentation Gallery,Various sizes (wall-mounted),Thakurgaon District administration / donations,"Historical photographs documenting the heritage sites, notable buildings, and historical events of Thakurgaon District, including images of colonial-era buildings, estate houses, and local cultural events. Thakurgaon is the northernmost district of Bangladesh, bordering India on three sides, and has a distinctive heritage shaped by its geographic position and its history as a colonial-era district in the Bengal Presidency. The photographs document both the physical landscape of the district — its tea gardens, agricultural fields, and rivers — and its human heritage of communities and institutions.",https://jamalpur-museum.gov.bd/gallery/heritage_photos.jpg,https://en.wikipedia.org/wiki/List_of_museums_in_Bangladesh
Folk Artifacts — Northern Bangladesh Crafts,Jamalpur Estate Museum,Folk Craft / Ethnographic Artifact,"Bamboo, cane, cotton, clay",19th–20th century CE,Thakurgaon / northern Bangladesh region,Cultural Heritage Gallery,Various sizes,Donated by local artisans and families,"Traditional folk craft objects from the northern Bangladesh region, including bamboo and cane basketry, hand-woven cotton textiles, and clay pottery. Northern Bangladesh has a distinctive craft tradition shaped by its proximity to the Bengal-Assam hill zones and its contact with tribal communities such as the Santal, Oraon, and other groups who inhabit the Barind region. The craft collection documents both the mainstream Bengali craft traditions and the influence of these neighboring communities on the material culture of the Thakurgaon area. The objects include everyday utilitarian items — baskets, cooking pots, storage containers — and more decorative pieces produced for festivals and ceremonies.",https://jamalpur-museum.gov.bd/gallery/folk_crafts.jpg,https://en.wikipedia.org/wiki/List_of_museums_in_Bangladesh
Liberation War Artifacts — Northern Bangladesh Sector,Jamalpur Estate Museum,Liberation War Artifact / Historical Document,Various,1971 CE,Thakurgaon District,Liberation War Gallery,Various sizes,Donated by freedom fighters and families,"Liberation War artifacts and documentation from the northern Bangladesh sector of the 1971 war, including photographs of local freedom fighters, weapons and equipment used during guerrilla operations, and documents relating to the liberation of Thakurgaon District. The northernmost districts of Bangladesh — Thakurgaon, Panchagarh, Dinajpur — were part of Sector 7 of the Liberation War and were liberated in December 1971 during the final military offensive. The museum documents the local experience of the war and the specific contributions of Thakurgaon's freedom fighters to national independence.",https://jamalpur-museum.gov.bd/gallery/liberation_artifacts.jpg,https://en.wikipedia.org/wiki/List_of_museums_in_Bangladesh
Estate House Architecture Display,Jamalpur Estate Museum,Architectural Documentation / Educational Exhibit,"Photographs, measured drawings, scale model",Contemporary (21st century),"Jamalpur Estate House, Thakurgaon",Architecture Gallery,Wall-mounted display and model,Museum curatorial team / Thakurgaon District administration,"A display documenting the architecture of the Jamalpur estate house — the physical building that houses (or is associated with) the museum. The display includes measured drawings of the estate house's floor plan and elevation, historical photographs showing the building's condition at different periods, and architectural analysis of its style and construction. Estate houses (zamindar baris) of northern Bangladesh have a distinctive architectural character, combining colonial Neoclassical elements (columned verandas, arched windows) with traditional Bengali domestic spatial organization (courtyard plan, separate men's and women's sections). The Jamalpur Estate house is documented as a heritage building representing the zamindari architectural tradition of the Thakurgaon region.",https://jamalpur-museum.gov.bd/gallery/estate_architecture.jpg,https://en.wikipedia.org/wiki/List_of_museums_in_Bangladesh
Portrait of Kangal Harinath Majumdar,Kangal Harinath Memorial Museum,Portrait / Historical Document,Oil on canvas / photographic print,19th century CE (subject); portrait commissioned 2013,"Kumarkhali, Kushtia District",Main Memorial Gallery,~60 × 45 cm framed,Bangladesh National Museum / Kushtia cultural institutions,"A formal portrait of Kangal Harinath Majumdar (1833–1896) — poet, journalist, social reformer, and the founder of Gram Barta Prokashika (Rural News), the first Bengali-language newspaper published from rural Bengal (from 1863, Kumarkhali). Harinath was known as 'Kangal' (the destitute) reflecting his identification with the rural poor. He was a close associate and spiritual disciple of Lalon Shah (the great mystic poet) and also a mentor of the literary figures Akshay Kumar Maitreya and Jagadish Chandra Bose (the scientist). The portrait is the central exhibit of the memorial museum, which is a branch museum under Bangladesh National Museum established in 2013 in Harinath's home town.",https://kangal-museum.gov.bd/gallery/portrait.jpg,https://en.wikipedia.org/wiki/Kangal_Harinath_Memorial_Museum
Original Issues of Gram Barta Prokashika (Rural News),Kangal Harinath Memorial Museum,Newspaper / Literary Artifact,Printed paper,1863–1884 CE,"Kumarkhali, Kushtia District",Editorial Heritage Gallery,Standard newspaper format (various sizes),Bangladesh National Museum / press archives,"Reproductions and surviving original issues of Gram Barta Prokashika — the pioneering Bengali rural newspaper founded and edited by Kangal Harinath Majumdar, published from Kumarkhali from 1863. The newspaper was remarkable for its time: it was the first major newspaper published outside Calcutta in Bengali, and it focused on the grievances of rural farmers against the indigo planter system and the colonial administration. Harinath's courageous journalism exposed the exploitation of peasants by British indigo planters, a campaign that continued even when he faced personal threats. The newspaper is a landmark in the history of Bengali journalism and rural social reform.",https://kangal-museum.gov.bd/gallery/gram_barta.jpg,https://en.wikipedia.org/wiki/Kangal_Harinath
Printing Press — Mathuranath Press (Historic),Kangal Harinath Memorial Museum,Machine / Historical Artifact,"Cast iron, steel type (replica or period press)",19th century CE,"Kumarkhali, Kushtia District",Editorial Heritage Gallery,~100 × 80 × 90 cm,Museum collection / Kumarkhali press heritage,A hand-operated printing press of the type used at the Mathuranath Press — the printing establishment in Kumarkhali through which Harinath Majumdar published Gram Barta Prokashika and other works. The press represents the material infrastructure of 19th-century Bengali journalism in rural Bengal — the physical technology that enabled Harinath to disseminate his reformist message to rural readers. The Mathuranath Press was one of the earliest printing establishments outside Calcutta to publish a regular Bengali newspaper and played a significant role in the development of Bengali print culture beyond the urban center. The press display is accompanied by information on the history of Bengali printing and journalism.,https://kangal-museum.gov.bd/gallery/printing_press.jpg,https://en.wikipedia.org/wiki/Kangal_Harinath
Kangal Harinath's Published Works — First Editions,Kangal Harinath Memorial Museum,Book / Literary Artifact,"Printed paper, cloth binding",Late 19th century CE,Kumarkhali / Calcutta publishers,Literary Heritage Gallery,Various sizes,Bangladesh National Museum / literary archives,"First or early editions of the literary works of Kangal Harinath Majumdar, including his collections of baul-influenced devotional poems, his essays on social reform, and the publications of Gram Barta Prokashika. Harinath was not only a journalist but a poet in the baul tradition — he wrote devotional songs influenced by his spiritual relationship with Lalon Shah. His works represent the intersection of journalism, social reform, folk spirituality, and Bengali literary culture in 19th-century Kushtia. The book collection documents his output as a writer and thinker and contextualizes his journalism within a broader vision of social and spiritual transformation.",https://kangal-museum.gov.bd/gallery/published_works.jpg,https://en.wikipedia.org/wiki/Kangal_Harinath
Connection to Lalon Shah — Display and Documents,Kangal Harinath Memorial Museum,Educational Display / Historical Document,"Photographs, text panels, documents",19th century CE (subject),Kushtia District (Lalon's akhra at Chheuriya),Kushtia Heritage Gallery,Wall-mounted display,Museum curatorial team,"A display documenting the relationship between Kangal Harinath Majumdar and Lalon Shah (1774–1890) — the great mystic poet and baul philosopher who is one of the most celebrated figures in Bengali culture. Harinath was both a disciple of Lalon and his contemporary in the Kushtia region; he documented Lalon's life and songs at a time when Lalon's work was little known outside the immediate community. The Kushtia region — home to both Lalon Shah and Kangal Harinath — is one of the most culturally significant areas of Bangladesh, and this display explores the spiritual and intellectual relationships that made Kushtia a center of Bengali folk philosophy and reformist thought in the 19th century.",https://kangal-museum.gov.bd/gallery/lalon_connection.jpg,https://en.wikipedia.org/wiki/Kangal_Harinath
Connection to Jagadish Chandra Bose — Documents,Kangal Harinath Memorial Museum,Historical Document / Educational Display,"Photographs, letters, text panels",Late 19th century CE,"Kumarkhali, Kushtia",Notable Connections Gallery,Wall-mounted display,Bangladesh National Museum / archival sources,"A display documenting Kangal Harinath's mentorship of Jagadish Chandra Bose (1858–1937) — the pioneering scientist who made fundamental contributions to physics and plant biology and is considered the father of Bengali science. Bose spent part of his childhood in Kumarkhali and was influenced by Harinath's intellectual example. The display includes photographs of Bose, facsimiles of correspondence, and text panels tracing the relationship between the village journalist and the future world-class scientist. This connection makes the Kangal Harinath Memorial Museum relevant not only to Bengali journalism and literature but to the history of science in South Asia.",https://kangal-museum.gov.bd/gallery/jc_bose.jpg,https://en.wikipedia.org/wiki/Kangal_Harinath
Indigo Resistance Movement Documents,Kangal Harinath Memorial Museum,Historical Document / Social Reform Archive,"Printed / handwritten documents, photographs",1860s–1880s CE,Kushtia / Nadia region (indigo planting areas),Social Reform Gallery,Various sizes (framed documents),Museum research / Bangladesh National Museum archives,"Documents and displays relating to Kangal Harinath Majumdar's journalistic campaign against the indigo planter system — the forced cultivation of indigo (neel) by Bengali peasants under British planters, which was one of the most brutal forms of economic exploitation in colonial Bengal. Harinath's Gram Barta Prokashika was one of the few newspapers to consistently champion the cause of the peasants against the planters and the colonial administration. The display includes facsimiles of newspaper articles exposing planter abuses, documents relating to the Indigo Revolt of 1859–60 (which occurred shortly before the newspaper's founding), and information on the social context of rural exploitation in the Kushtia-Nadia region.",https://kangal-museum.gov.bd/gallery/indigo_resistance.jpg,https://en.wikipedia.org/wiki/Kangal_Harinath
Personal Effects of Kangal Harinath,Kangal Harinath Memorial Museum,Personal Artifact / Memorial Object,Various household and writing materials,19th century CE,"Kumarkhali, Kushtia District",Main Memorial Gallery,Various sizes,Donated by Majumdar family descendants / Bangladesh National Museum,"Personal effects and household objects associated with Kangal Harinath Majumdar's life in Kumarkhali, donated by family descendants and the Bangladesh National Museum. The objects include writing implements, a personal seal, and household items from the period. These simple personal objects complement the intellectual and journalistic legacy displayed elsewhere in the museum, providing a human dimension to the reformist journalist's life. They are displayed alongside family photographs and biographical text panels in the main memorial gallery, which is designed as a personal memorial to Harinath rather than a purely historical display.",https://kangal-museum.gov.bd/gallery/personal_effects.jpg,https://en.wikipedia.org/wiki/Kangal_Harinath_Memorial_Museum
Princely Bust — Bharat Bhayana Excavation (5th–6th century CE),Khulna Divisional Museum,Sculpture / Archaeological Artifact,Stone (grey sandstone),c. 5th–6th century CE (Gupta period),"Bharat Rajar Deul (Bharat Bhayana), Jessore District",Sculpture Gallery,Height ~35 cm (bust),"Archaeological excavation, Dept. of Archaeology","A sandstone bust of a princely male figure recovered from the excavations at Bharat Rajar Deul (Bharat Bhayana) in Jessore District — one of the most significant archaeological sites in the Khulna Division. The site, associated with the legendary kingdom of King Bharat, yielded the substantial ruins of a brick-built structure and several stone sculptures including Hindu deity figures and busts of princely male figures, dated to approximately the 5th–6th century CE on stylistic grounds (Gupta period). The bust shows a young male with elaborate headdress and jewelry in the Gupta sculptural tradition. This Bharat Bhayana material forms one of the core collections of the Khulna Divisional Museum.",https://khulna-museum.gov.bd/gallery/bharat_bust.jpg,https://en.wikipedia.org/wiki/Khulna_Divisional_Museum
Hindu Deity Figures — Black Basalt Gallery,Khulna Divisional Museum,Sculpture / Archaeological Artifact,Black basalt stone,8th–13th century CE (Pala-Sena period),Jhenaidah District and surrounding areas,Sculpture Gallery,Heights 30–90 cm,Archaeological excavation and local donations,"A collection of black basalt Hindu deity sculptures from the Khulna Division, primarily recovered from the Jhenaidah District area (Barobazar site) and other excavations in the division. The deities represented include Shiva (lingam and anthropomorphic forms), Vishnu, Durga, and attendant figures in the Pala-Sena artistic tradition. The Khulna Division, though geographically distant from the primary Pala sculpture centers of northern Bangladesh, received the influence of this tradition through trade and religious patronage networks. The museum's sculpture gallery is one of its most visited sections, displaying what a local student described as 'hundreds of years old Shiva statues and mythological characters of Hinduism made by black basalt.'",https://khulna-museum.gov.bd/gallery/black_basalt.jpg,https://en.wikipedia.org/wiki/Khulna_Divisional_Museum
Barobazar (Jhenaidah) Mosque Artifacts,Khulna Divisional Museum,Architectural Fragment / Islamic Heritage,"Terracotta, fired brick, carved stone",15th–16th century CE (Bengal Sultanate),"Barobazar, Jhenaidah District",Sultanate Heritage Gallery,Various sizes,"Archaeological excavation, Dept. of Archaeology","Artifacts from the Barobazar archaeological site in Jhenaidah District — one of the most important Sultanate-period mosque complexes in southern Bangladesh. Barobazar contains the ruins of over a dozen mosques from the Bengal Sultanate period (15th–16th centuries), making it the largest concentration of Sultanate mosque ruins in southern Bengal. Artifacts include terracotta decorative panels, carved stone inscriptions, decorated bricks, and architectural fragments from the mosque walls and mihrabs. These materials are among the most significant Sultanate-period archaeological finds in the Khulna Division and form a major part of the museum's historical collection.",https://khulna-museum.gov.bd/gallery/barobazar_artifacts.jpg,https://royalbengaltours.com/destinations/museums-of-bangladesh/
Gold and Silver Coins — Mughal Emperor Jahangir Period,Khulna Divisional Museum,Coin / Numismatic Artifact,"Gold, Silver",17th century CE (Jahangir's reign 1605–1627),Khulna Division (excavation / chance find),Coin Gallery,Gold mohur ~22 mm; Silver rupee ~20 mm,Khulna Divisional Museum collection,"Gold and silver coins from the reign of Mughal Emperor Jahangir (1605–1627) — among the most prized numismatic items in the Khulna Divisional Museum. Jahangir's coins are famous for their fine portraiture and calligraphy; his gold mohurs sometimes bore unusual features including his own portrait (in violation of Islamic artistic conventions, reflecting his eclectic personality) or zodiac sign imagery. The coins recovered from the Khulna region document the area's integration into the Mughal monetary economy during the 17th century, when Dhaka was the Mughal provincial capital and the Bengal economy was at its most prosperous.",https://khulna-museum.gov.bd/gallery/jahangir_coins.jpg,https://www.bangladeshscenictours.com/places-to-visit-in-khulna/
Sundarbans Gallery — Mangrove Ecosystem Display,Khulna Divisional Museum,Educational Exhibit / Natural History,"Photographs, specimens, maps, dioramas",Contemporary (21st century),"Sundarbans, Khulna Division",Sundarbans Gallery (dedicated gallery),Room-scale installation,Khulna Divisional Museum curatorial team,"A dedicated gallery documenting the ecology and heritage of the Sundarbans — the world's largest mangrove forest, shared between Bangladesh (Khulna Division) and India (West Bengal), inscribed as a UNESCO World Heritage Site in 1997. The display includes photographs of the Sundarbans ecosystem, specimens of mangrove plant species, maps of the forest, information on the Bengal Tiger (the Sundarbans Royal Bengal Tiger population is one of the world's largest), and displays on the traditional fishing and honey-collecting communities (bawalis and mawalis) who have lived in the Sundarbans for centuries. The Sundarbans Gallery is one of the museum's most distinctive features, celebrating the ecological heritage that defines the Khulna Division's global significance.",https://khulna-museum.gov.bd/gallery/sundarbans.jpg,https://en.wikipedia.org/wiki/Khulna_Divisional_Museum
Household Utensils — Ancient Landlord Artifacts,Khulna Divisional Museum,Domestic Artifact / Archaeological Object,"Iron, copper, brass, clay",Various periods (Gupta to colonial),Khulna Division excavations,Everyday Life Gallery,Various sizes,Khulna Divisional Museum collection / donations,"A collection of ancient and historical household utensils recovered from excavations and chance finds across the Khulna Division, as described by local visitors: old-time household materials including utensils, ornaments, and tools used by ancient landlords and ordinary communities. The collection spans from the early medieval period (iron tools, clay pots) through the Mughal era (brass and copper vessels) to the colonial period (enamel-ware and early industrial goods). These everyday objects complement the spectacular sculptural and numismatic collections and provide evidence for ordinary domestic life across the division's long history. Several items show the influence of trade with the Sundarbans communities — fishing weights, boat fittings, and forest-harvesting tools.",https://khulna-museum.gov.bd/gallery/utensils.jpg,https://www.touristplaces.com.bd/khulna/khulna-museum/
Liberation War Photographs — South Bengal 1971,Khulna Divisional Museum,Photograph / Historical Document,Photographic prints,1971 CE,Khulna Division,Liberation War Gallery,Various sizes (wall-mounted),Bangladesh Liberation War archives / donated by freedom fighters,"A gallery of Liberation War photographs displayed at the entrance stairwell of the museum, showing historically important liberation sites and events from Khulna Division and broader Bangladesh. Khulna was a major theater of the 1971 Liberation War: the Khulna-Bagerhat-Satkhira region saw significant guerrilla operations and Pakistani Army actions. The photographs include images of liberation sites, freedom fighter groups, the liberation of Khulna, and the post-war reconstruction. The museum positions these photographs at the main entrance to ensure every visitor encounters the liberation narrative as the foundational context for understanding Bangladesh's present.",https://khulna-museum.gov.bd/gallery/liberation_photos.jpg,https://www.touristplaces.com.bd/khulna/khulna-museum/
Terracotta Objects — Gupta and Medieval Period,Khulna Divisional Museum,Terracotta / Archaeological Artifact,Fired terracotta,5th–12th century CE,Khulna Division archaeological sites,Archaeological Gallery,Various sizes,"Archaeological excavation, Dept. of Archaeology","Terracotta objects from Gupta and medieval period excavations in the Khulna Division, including decorated plaques, figurine fragments, and architectural terracotta pieces. The Khulna Division's terracotta heritage is concentrated in the Jhenaidah and Jessore districts, where pre-Sultanate Hindu and Buddhist communities produced terracotta objects in the Bengal tradition. The Bharat Bhayana site in particular yielded significant terracotta material alongside the stone sculptures. These objects document the artistic traditions of southern Bengal in the pre-Islamic period and provide the cultural context for the later Sultanate mosque-building that transformed the region's religious landscape.",https://khulna-museum.gov.bd/gallery/terracotta.jpg,https://www.academia.edu/39743274
"Copper, Iron and Glass Objects — Historical Collection",Khulna Divisional Museum,Artifact Collection / Archaeological Objects,"Copper, iron, brass, clay, glass",Various periods (Gupta to British),"Khulna Division (Bharat Bhayana, Barobazar, other sites)",Archaeological Gallery,Various sizes,Khulna Divisional Museum collection,"A mixed collection of copper, iron, brass, clay, and glass objects from archaeological excavations and finds across the Khulna Division, spanning from the Gupta period to the British colonial era. The collection includes copper plates, iron tools and weapons, brass vessels, clay figurines and pots, and glass bangles and beads. As a divisional museum, Khulna displays material from the full geographic range of the division — from the Sundarbans coastal zone to the inland agricultural districts of Jhenaidah, Narail, and Bagerhat. The diversity of the collection reflects the varied ecological and historical contexts of these different areas within the single administrative division.",https://khulna-museum.gov.bd/gallery/mixed_objects.jpg,https://www.bangladeshscenictours.com/places-to-visit-in-khulna/
Khan Jahan Ali Heritage Display — Bagerhat Connection,Khulna Divisional Museum,Historical Display / Archaeological Artifact,"Photographs, architectural fragments, artifacts",15th century CE,Bagerhat District (Khalifatabad / Mosque City),Islamic Heritage Gallery,Wall-mounted display and artifacts,Khulna Divisional Museum collection,"A display documenting the heritage of Khan Jahan Ali and the historic Mosque City of Bagerhat — a UNESCO World Heritage Site in Khulna Division. Khan Jahan Ali (d. 1459) was the Muslim saint-administrator who established the city of Khalifatabad (modern Bagerhat) in the 15th century and built the famous Sixty-Domed Mosque (Shat Gambuj Masjid) — the largest mosque in Bangladesh. Artifacts from excavations at Bagerhat are displayed alongside photographs and architectural documentation. The display connects the Khulna museum to the broader Islamic heritage of the division, from the Sultanate period mosque-building at Barobazar to the magnificent monument complex of Bagerhat.",https://khulna-museum.gov.bd/gallery/khan_jahan.jpg,https://royalbengaltours.com/destinations/museums-of-bangladesh/
Archaeological Finds — Kishoreganj Haor Region,Kishoreganj Museum,Archaeological Artifact,"Terracotta, pottery, bronze",Various periods (ancient to medieval),Kishoreganj District (haor basin excavations),Archaeological Gallery,Various sizes,Department of Archaeology / local donations,"Archaeological finds recovered from the Kishoreganj district, a region characterized by its extensive haor (seasonal wetland) basins in the Mymensingh-Sylhet borderland. The finds include terracotta pottery fragments, ancient coins, and bronze object fragments, recovered from elevated settlement mounds that rise above the flood-prone haor landscape. Kishoreganj's distinctive geography — vast wetlands that flood for half the year and become agricultural land in the dry season — has shaped a unique pattern of ancient and medieval settlement on raised ground, and the artifacts document the continuous habitation of these settlement islands across many centuries.",https://kishoreganj-museum.gov.bd/gallery/haor_finds.jpg,https://en.wikipedia.org/wiki/List_of_museums_in_Bangladesh
Portrait and Memorabilia — Begum Sufia Kamal Connection,Kishoreganj Museum,Portrait / Historical Document,"Photographic prints, personal effects",20th century CE,Kishoreganj District,Notable Personalities Gallery,Various sizes,Donated by cultural organizations,"A display honoring the connections between Kishoreganj district and notable Bengali literary and cultural figures associated with the region, including documentation of literary and educational contributions from the district. Kishoreganj has produced several important figures in Bengali cultural and political life, and the museum's Notable Personalities Gallery situates the district's contribution to the broader currents of Bengali intellectual and political history within the specific context of its haor-region geography and agrarian society.",https://kishoreganj-museum.gov.bd/gallery/notable_personalities.jpg,https://en.wikipedia.org/wiki/List_of_museums_in_Bangladesh
Traditional Boat Models — Haor Region Watercraft,Kishoreganj Museum,Ethnographic Model / Maritime Heritage,"Wood, bamboo (scale models)",Traditional form; models 20th–21st century,Kishoreganj haor basins,Haor Heritage Gallery,Various sizes (models),Constructed by museum craftspeople / local boatbuilders,"A collection of scale models of traditional boats used in the Kishoreganj haor region, including the distinctive narrow, swift boats used for racing during the monsoon season and the broader cargo boats used to transport goods and people across the flooded wetlands. Kishoreganj's haor basins — including the renowned Nikli, Mithamoin, and Itna haors — transform the district into a vast inland sea for several months each year, making boats the essential and often only means of transportation for entire communities. The museum's boat collection documents this distinctive water-based way of life that defines much of Kishoreganj's regional identity.",https://kishoreganj-museum.gov.bd/gallery/haor_boats.jpg,https://en.wikipedia.org/wiki/List_of_museums_in_Bangladesh
Liberation War Artifacts — Kishoreganj Sector,Kishoreganj Museum,Liberation War Artifact / Historical Document,Various,1971 CE,Kishoreganj District,Liberation War Gallery,Various sizes,Donated by freedom fighters and families,"Liberation War artifacts and documentation from Kishoreganj district, including photographs of local freedom fighters, documents relating to resistance activities, and personal effects of local martyrs of the 1971 war. Kishoreganj, part of the greater Mymensingh region during the war, saw significant guerrilla resistance activity, with the haor landscape providing both challenges and strategic advantages for resistance fighters operating in difficult-to-access wetland terrain. The museum's Liberation War collection documents the specific local contribution of Kishoreganj's freedom fighters to the national independence struggle.",https://kishoreganj-museum.gov.bd/gallery/liberation_artifacts.jpg,https://en.wikipedia.org/wiki/List_of_museums_in_Bangladesh
Folk Musical Instruments — Haor Region Traditions,Kishoreganj Museum,Musical Instrument / Folk Artifact,"Bamboo, wood, animal skin",19th–20th century CE,Kishoreganj District,Cultural Heritage Gallery,Various sizes,Donated by folk musicians and cultural organizations,"Traditional musical instruments associated with the folk culture of the Kishoreganj haor region, including instruments used in bhatiyali (boatmen's songs) and other water-based musical traditions specific to communities whose lives are organized around the seasonal flooding cycle. The haor region's musical culture reflects its unique relationship to water: songs traditionally sung by fishermen, boatmen, and farmers navigating the transition between dry-season agriculture and wet-season boat travel. The collection includes a dotara, a dhol, and bamboo flutes used by haor-region folk performers.",https://kishoreganj-museum.gov.bd/gallery/folk_instruments.jpg,https://en.wikipedia.org/wiki/List_of_museums_in_Bangladesh
Agricultural Tools — Haor Farming Adaptation,Kishoreganj Museum,Agricultural Tool / Ethnographic Artifact,"Iron, wood, bamboo",19th–20th century CE,Kishoreganj District,Haor Heritage Gallery,Various sizes,Donated by farming families,"Agricultural tools specifically adapted to the haor farming cycle of Kishoreganj district, including a single-crop rice cultivation toolkit suited to the brief dry-season window when haor land is exposed for farming before the monsoon floods return. The tools include a specialized plough, harvesting implements designed for rapid use before flooding, and storage equipment for protecting the harvest from water damage. Haor agriculture is one of the most distinctive farming systems in Bangladesh, requiring precise timing and specialized knowledge to successfully grow a single annual boro rice crop in the brief window between flood seasons.",https://kishoreganj-museum.gov.bd/gallery/haor_farming_tools.jpg,https://en.wikipedia.org/wiki/List_of_museums_in_Bangladesh
Historical Photographs — Kishoreganj Town and Haor Landscape,Kishoreganj Museum,Photograph / Historical Document,Silver gelatin and modern prints,Late 19th – 20th century CE,Kishoreganj District,Heritage Documentation Gallery,Various sizes (wall-mounted),Kishoreganj District administration archives / donations,"Historical photographs documenting Kishoreganj town and the surrounding haor landscape across different seasons, showing the dramatic transformation of the district from a dry agricultural plain to a vast inland sea each monsoon. The photographs include images of the famous Nikli, Mithamoin, and Itna haor areas, traditional haor village architecture (homes built on elevated earthen platforms to survive flooding), and scenes of community life adapted to this unique hydrological cycle. The photographic collection documents one of Bangladesh's most visually striking and ecologically distinctive regional landscapes.",https://kishoreganj-museum.gov.bd/gallery/landscape_photos.jpg,https://en.wikipedia.org/wiki/List_of_museums_in_Bangladesh
Traditional Fishing Equipment — Haor Communities,Kishoreganj Museum,Fishing Equipment / Ethnographic Artifact,"Bamboo, cane, nylon net, jute",Traditional (20th century),Kishoreganj haor basins,Haor Heritage Gallery,Various sizes,Donated by fishing communities,"Traditional fishing equipment used by Kishoreganj's haor-region fishing communities, including large seine nets for communal fishing during the flood season, bamboo fish traps, and specialized equipment for the rich seasonal fish harvest that the haors produce when they flood. Fishing in the haor region is both a subsistence activity for local communities and a significant commercial industry, with the flooded wetlands supporting large populations of native fish species. The collection documents the traditional ecological knowledge developed by generations of haor-region fishing communities to harvest this seasonal aquatic resource sustainably.",https://kishoreganj-museum.gov.bd/gallery/haor_fishing.jpg,https://en.wikipedia.org/wiki/List_of_museums_in_Bangladesh
Baul Instruments Collection — Lalon Tradition,Kushtia Municipal Museum,Musical Instrument / Folk Artifact,"Gourd, bamboo, metal string, animal skin",Traditional (19th–20th century),Kushtia District (Chheuriya / Kumarkhali),Baul Heritage Gallery,Ektara ~60 cm; Dotara ~70 cm,Donated by baul community and Lalon Academy,"A collection of traditional baul musical instruments from the Kushtia region — the heartland of the baul tradition associated with the mystic poet Lalon Shah (1774–1890). The collection includes an ektara (one-string gourd lute), a dotara (two-string melody lute), a khamak (plucked drum), and a dugdugi (small hourglass drum). Kushtia is the center of Bangladesh's baul tradition, and its instruments are UNESCO-recognized Intangible Cultural Heritage. Lalon Shah's shrine at Chheuriya, Kumarkhali draws thousands of devotees annually. The museum's baul instrument collection celebrates Kushtia's identity as the spiritual capital of baul music and philosophy.",https://kushtia-museum.gov.bd/gallery/baul_instruments.jpg,https://en.wikipedia.org/wiki/List_of_museums_in_Bangladesh
Portrait and Memorabilia — Lalon Shah,Kushtia Municipal Museum,Portrait / Historical Document,Photographic print / painted portrait; personal effects,19th century CE (subject),"Chheuriya, Kumarkhali, Kushtia",Lalon Heritage Gallery,Portrait ~60 × 45 cm; effects various sizes,Donated by Lalon Akademy and Kushtia cultural institutions,"A portrait and display of memorabilia associated with Lalon Shah (1774–1890) — Bangladesh's most celebrated mystic poet and baul philosopher, born and buried in Chheuriya, Kumarkhali, Kushtia District. Lalon's songs (Lalon geeti) are among the most profound expressions of Bengali spiritual philosophy, drawing on Hindu, Islamic, and Buddhist traditions while transcending all sectarian boundaries. He wrote over 2,000 songs exploring the relationship between the individual soul and the divine, challenging caste, religious prejudice, and social hierarchy. The museum's Lalon display complements the larger Lalon Academy (Lalon Akademy) in Chheuriya and serves as an introduction to the philosopher-poet for visitors to Kushtia town.",https://kushtia-museum.gov.bd/gallery/lalon_portrait.jpg,https://en.wikipedia.org/wiki/Lalon
Rabindranath Tagore Connection — Shilaidaha Documents,Kushtia Municipal Museum,Historical Document / Literary Artifact,"Photographs, letters, reproductions",Late 19th – early 20th century CE,"Shilaidaha, Kushtia District",Literary Heritage Gallery,Various sizes (framed),Donated by Kushtia cultural institutions / Tagore family archives,"Documents and photographs relating to Rabindranath Tagore's long association with Kushtia District — where his family owned the Shilaidaha Kuthibari estate (now a protected museum). Tagore spent extended periods at Shilaidaha between 1891 and 1901, managing his family's zamindari estate on the Padma River, and wrote some of his greatest poetry here, including most of Gitanjali (the collection that won him the 1913 Nobel Prize for Literature). The Kushtia Museum's Tagore collection complements the Shilaidaha Kuthibari Museum and situates Tagore's Kushtia years within the broader cultural history of the district. Photographs show the Shilaidaha house, the Padma River, and scenes of village life that inspired Tagore's work.",https://kushtia-museum.gov.bd/gallery/tagore_shilaidaha.jpg,https://en.wikipedia.org/wiki/Shilaidaha_Kuthibari
Archaeological Finds — Kushtia Region,Kushtia Municipal Museum,Archaeological Artifact,"Terracotta, pottery, bronze, stone",Various periods (ancient to medieval),Kushtia District excavations,Archaeological Gallery,Various sizes,Department of Archaeology / local donations,"Archaeological finds from the Kushtia region, including terracotta pottery, figurine fragments, ancient coins, and stone artifacts recovered from fields and river banks. The Kushtia District encompasses part of the ancient Gangetic Bengal delta where settlement has been continuous for millennia. The Mathabanga and Gorai rivers that flow through Kushtia were important ancient trade routes, and archaeological finds from their banks document the area's participation in the broader cultural traditions of Bengal from the ancient period through the Mughal era.",https://kushtia-museum.gov.bd/gallery/archaeological_finds.jpg,https://en.wikipedia.org/wiki/List_of_museums_in_Bangladesh
Textile Heritage — Kushtia Weaving Tradition,Kushtia Municipal Museum,Textile / Folk Craft,"Cotton, silk",19th–20th century CE,Kushtia District,Cultural Heritage Gallery,Fabric samples ~1–3 m each,Donated by weaving community and cultural organizations,"Examples of traditional woven textiles from the Kushtia region, representing the district's craft heritage. The Kushtia-Rajshahi zone has a significant tradition of silk weaving, and the Jamdani tradition of fine cotton weaving has practitioners in the region. The textile samples displayed include both everyday cotton fabrics and more elaborate woven pieces, showing the range of the district's weaving tradition. The collection is displayed alongside information on the social organization of weaving communities and the impact of industrial textile production on traditional handloom weavers.",https://kushtia-museum.gov.bd/gallery/textile_heritage.jpg,https://en.wikipedia.org/wiki/List_of_museums_in_Bangladesh
Liberation War Documents — Kushtia Sector,Kushtia Municipal Museum,Liberation War Artifact / Historical Document,Various,1971 CE,Kushtia District,Liberation War Gallery,Various sizes,Donated by freedom fighters and families,"A collection of Liberation War artifacts and documents from Kushtia District. Kushtia has a notable place in the history of the Liberation War: it was one of the first places where Bangladesh Radio broadcast the independence declaration (from Kalurghat, though also relayed from Kushtia area), and the freedom fighters of the Kushtia-Jhenaidah area fought significant early actions against the Pakistani Army. The collection includes photographs of local freedom fighters, documents relating to liberation activities in the district, and personal effects of martyrs. The display is presented as a tribute to the freedom fighters of Kushtia and contextualizes the district's contribution to national independence.",https://kushtia-museum.gov.bd/gallery/liberation_docs.jpg,https://en.wikipedia.org/wiki/List_of_museums_in_Bangladesh
Traditional Household Objects — Kushtia Rural Life,Kushtia Municipal Museum,Domestic Artifact / Ethnographic Object,"Various (brass, clay, bamboo, wood)",19th–20th century CE,Kushtia District villages,Everyday Life Gallery,Various sizes,Donated by local families,"Traditional household objects from the rural villages of Kushtia District, including brass cooking vessels (handi, karahi), clay water pots (kalshi), bamboo grain storage containers (dhamer bhar), and wooden kitchen implements. These everyday objects represent the material culture of Bengali village life in the Kushtia region — the tools and vessels used for cooking, water storage, and food preparation in a typical rural household. The collection serves as a material history of domestic life in Kushtia, complementing the more famous cultural legacy of Lalon Shah and Kangal Harinath with a record of ordinary everyday life in the district.",https://kushtia-museum.gov.bd/gallery/household_objects.jpg,https://en.wikipedia.org/wiki/List_of_museums_in_Bangladesh
Mughal Miniature Paintings — Lalbagh Collection,Lalbagh Fort,Painting / Mughal Art,Opaque watercolor on paper (miniature format),17th–18th century CE (Mughal period),Mughal Bengal (acquired for Lalbagh Fort),Diwan-i-Aam Museum Gallery,~15 × 10 cm each (typical miniature size),"Department of Archaeology, Bangladesh","A collection of Mughal miniature paintings displayed in the Lalbagh Fort — the museum housed in the Hammam (bathhouse / bathing palace) attached to the Diwan-i-Aam of the fort. The paintings include court scenes, hunting scenes, and portrait studies in the Mughal painting tradition. Mughal miniature painting reached Bengal during the reign of Aurangzeb and his governors in Dhaka; the paintings displayed at Lalbagh represent the artistic culture of the court that built and occupied the fort. The Lalbagh Fort is described as housing Mughal-era artifacts including miniature paintings alongside coins, carpets, calligraphy, swords, and firearms.",https://lalbagh-museum.gov.bd/gallery/miniature_paintings.jpg,https://inside-bangladesh.com/lalbagh-fort/
Mughal Calligraphy Panels,Lalbagh Fort,Calligraphy / Decorative Art,"Ink on paper / cloth, gold highlights",17th–18th century CE (Mughal period),Mughal Bengal,Diwan-i-Aam Museum Gallery,Various sizes (framed panels),"Department of Archaeology, Bangladesh","Calligraphy panels in the Mughal tradition displayed in the Lalbagh Fort. The panels feature Arabic and Persian text in various calligraphic styles — naskh, nasta'liq, and thuluth — including Quranic verses, religious phrases, and possibly poetic verses. Calligraphy was the highest art form in the Islamic tradition, and Mughal governors and nobles patronized master calligraphers whose work decorated court buildings and movable artworks alike. The calligraphy panels at Lalbagh provide evidence of the artistic and literary culture of the 17th-century Mughal court in Bengal and complement the architectural calligraphy found on the Pari Bibi tomb within the fort complex.",https://lalbagh-museum.gov.bd/gallery/calligraphy.jpg,https://inside-bangladesh.com/lalbagh-fort/
Mughal Swords and Firearms — Arms Collection,Lalbagh Fort,Weapon / Military Artifact,"Steel, iron, wood, brass",17th–18th century CE (Mughal period),Mughal Bengal military heritage,Diwan-i-Aam Museum Gallery,Swords ~80–100 cm; Firearms various,"Department of Archaeology, Bangladesh","A collection of Mughal-period swords and firearms displayed in the Lalbagh Fort. The swords include straight double-edged swords and curved single-edged swords (shamshir) of the Mughal cavalry type, with steel blades and hilts of iron or brass. The firearms include a flintlock musket and a matchlock pistol of the type carried by Mughal infantry and cavalry in the 17th–18th centuries. These weapons represent the military power of the Mughal governors of Bengal who built and occupied Lalbagh Fort. The fort was constructed by Prince Muhammad Azam (later Emperor) from 1678 during his governorship of Bengal, as a royal residence and administrative complex; military equipment was an essential element of such a compound.",https://lalbagh-museum.gov.bd/gallery/arms.jpg,https://inside-bangladesh.com/lalbagh-fort/
Mughal Coins — Bengal Mint Series,Lalbagh Fort,Coin / Numismatic Artifact,"Silver (rupee), Gold (mohur), Copper (falus)","17th century CE (Mughal period, Aurangzeb era)",Dhaka (Jahangirnagar) Mughal mint,Diwan-i-Aam Museum Gallery,Silver rupee ~20 mm; Gold mohur ~22 mm,Department of Archaeology / excavation finds,"Mughal coins from the Dhaka (Jahangirnagar) mint, displayed as numismatic evidence of Dhaka's importance as the Mughal provincial capital of Bengal. The coins bear the mint name 'Dar-ul-zarb Jahangirnagar' — confirming Dhaka's role as a major coin-producing center. Silver rupees, gold mohurs, and copper falus from the Aurangzeb period (1658–1707 CE) are the most relevant to the fort's construction period. These coins were the currency of the city that surrounded Lalbagh Fort and of the fort's own garrison and administration. The numismatic collection provides a direct material link to the economic life of 17th-century Dhaka.",https://lalbagh-museum.gov.bd/gallery/mughal_coins.jpg,https://nijhoom.com/lalbagh-fort/
Pari Bibi Tomb Documentation — Architectural Survey,Lalbagh Fort,Architectural Documentation / Educational Exhibit,"Photographs, measured drawings, material samples",17th century CE (tomb); documentation 20th century,"Lalbagh Fort compound, Old Dhaka",Architecture Heritage Gallery,Wall-mounted display,"Department of Archaeology, Bangladesh","Documentation and material samples relating to the Tomb of Pari Bibi (Bibi Pari) — the most architecturally significant structure within the Lalbagh Fort complex and one of the finest examples of Mughal architecture in Bangladesh. Pari Bibi was the daughter of Shaista Khan (the Mughal Subahdar of Bengal after Prince Azam's departure) and the fiancée of Prince Azam; she died during construction of the fort, and her death caused Shaista Khan to consider the fort inauspicious and abandon its completion. The tomb is a square structure with white marble cladding, black basalt detailing, and glazed tile mosaic floors. Material samples from the tomb — including marble and tile fragments — are displayed alongside photographs and architectural drawings.",https://lalbagh-museum.gov.bd/gallery/pari_bibi_tomb.jpg,https://curiousexpeditions.org/what-can-visitors-see-and-do-at-lalbagh-fort/
Mughal-Era Pottery and Ceramics,Lalbagh Fort,Ceramic / Archaeological Artifact,"Glazed earthenware, Chinese-type celadon",17th century CE,"Lalbagh Fort excavations, Old Dhaka",Diwan-i-Aam Museum Gallery,"Various sizes (bowls, plates, jars)",Archaeological excavation within fort compound,"Pottery and ceramic artifacts recovered from excavations within the Lalbagh Fort compound, including glazed earthenware bowls and Chinese-import celadon-type pieces that reflect the cosmopolitan material culture of the Mughal court in 17th-century Dhaka. The fort's occupation period (from 1678 onward) is well-documented by pottery, which provides evidence for the use of the different spaces within the fort complex. Chinese porcelain was imported to the Mughal court of Bengal in large quantities; fragments of these prestigious wares found in fort excavations confirm the elevated social status of the compound's inhabitants. The pottery collection complements the architectural and artifact displays in the museum.",https://lalbagh-museum.gov.bd/gallery/mughal_pottery.jpg,https://curiousexpeditions.org/what-can-visitors-see-and-do-at-lalbagh-fort/
Mughal Textile Fragments — Carpet and Fabric,Lalbagh Fort,Textile / Mughal Decorative Art,"Wool (carpet), silk (fabric)",17th–18th century CE,Mughal Bengal,Diwan-i-Aam Museum Gallery,Carpet fragment ~60 × 40 cm; fabric ~30 × 30 cm,"Department of Archaeology, Bangladesh","Textile fragments including a carpet fragment and silk fabric samples from the Mughal period, displayed as evidence of the luxurious material culture of the Mughal court in Bengal. Mughal carpets — woven in Persia, Central Asia, and later in imperial Indian workshops — were essential furnishings of Mughal royal and administrative buildings. The Diwan-i-Aam (Hall of Public Audience) at Lalbagh Fort, where the governor held public court, would have been furnished with carpets and fine textiles. The fragments displayed provide evidence of the textile culture of the 17th-century Mughal court in Dhaka and complement the miniature paintings and calligraphy in presenting a picture of the court's artistic life.",https://lalbagh-museum.gov.bd/gallery/mughal_textiles.jpg,https://inside-bangladesh.com/lalbagh-fort/
Hammam (Bathhouse) Architecture Documentation,Lalbagh Fort,Architectural Documentation / Educational Exhibit,"Photographs, architectural plans, material samples",17th century CE (original); documentation 20th century,"Hammam, Lalbagh Fort, Old Dhaka",Architecture Heritage Gallery,Wall-mounted display and physical samples,"Department of Archaeology, Bangladesh","Documentation of the Hammam (Turkish-style bathhouse) that houses the Lalbagh Fort — described as 'the only structure within Lalbagh Fort that is fully accessible to visitors.' The Hammam is a single-storied structure attached to the west of the Diwan-i-Aam, built in the Mughal period as a private bathing facility for the governor and court. It features the characteristic Mughal hammam layout with heated floors (through a hypocaust system), a dressing room, and bathing chambers. Documentation includes measured drawings of the floor plan, photographs of the interior before and after conservation, and samples of the original tile and plaster finishes. The Hammam is a rare surviving example of Mughal domestic architecture in Bangladesh.",https://lalbagh-museum.gov.bd/gallery/hammam.jpg,https://nijhoom.com/lalbagh-fort/
Fort Construction History Display — Prince Muhammad Azam,Lalbagh Fort,Historical / Educational Exhibit,"Maps, photographs, plans, text panels",17th century CE (construction started 1678),"Lalbagh Fort, Old Dhaka",Fort History Gallery,Wall-mounted display,"Department of Archaeology, Bangladesh","An educational display documenting the construction history of Lalbagh Fort — begun in 1678 CE by Prince Muhammad Azam, son of Mughal Emperor Aurangzeb, during his governorship of Bengal. The fort (also known as Fort Aurangabad) was intended to be a royal residence and administrative complex but was left unfinished when Azam was recalled to the Deccan by his father. His successor Shaista Khan abandoned the project after the death of his daughter Pari Bibi, considering the fort inauspicious. The display includes maps of the fort's layout, architectural plans, photographs of all major structures (Diwan-i-Aam, Pari Bibi's Tomb, the Three-Domed Mosque), and a timeline of the fort's construction and subsequent history as a protected monument.",https://lalbagh-museum.gov.bd/gallery/fort_history.jpg,https://curiousexpeditions.org/what-can-visitors-see-and-do-at-lalbagh-fort/
Shaista Khan Administration Documents (Replica),Lalbagh Fort,Historical Document,"Reproduced documents, calligraphic text",17th century CE (Shaista Khan's governorship 1664–1688),Mughal Bengal administration,Fort History Gallery,Framed document replicas,Department of Archaeology / historical archives,"Replica documents from the governorship of Shaista Khan (1664–1688) — the most celebrated of the Mughal Subahdars of Bengal and the administrator who continued work at Lalbagh Fort after Prince Azam's departure. Shaista Khan's governorship is remembered as a golden age for Dhaka: he reportedly reduced the price of rice to such a low level that it became a proverb ('Shaista Khaner amol' — the age of Shaista Khan — means a time of prosperity). He also built the Choto Katra caravanserai, the Sat Gambuj Mosque, and extended Dhaka's defenses. The documents include facsimiles of imperial farmans (orders), revenue records, and correspondence that illuminate the administration of Mughal Bengal from Dhaka.",https://lalbagh-museum.gov.bd/gallery/shaista_khan_docs.jpg,https://inside-bangladesh.com/lalbagh-fort/
Eternal Flame (Shikha Chirantan) — Entrance Monument,Liberation War Museum,Monument / Memorial Installation,"Metal, gas flame mechanism, stone inscription",Established 1996 CE (original site); relocated to new building,"Liberation War Museum entrance, Agargaon, Dhaka",Museum Entrance,Monument scale installation,Liberation War Museum Trust,"The Eternal Flame (Shikha Chirantan) burns continuously at the entrance of the Liberation War Museum, accompanied by a stone inscription bearing the museum's founding vow: 'In the name of the moon and sun on the sky, in the name of the blood-stained soil of Bengal, we vow not to forget any of our martyrs, any event of our history.' The flame is the symbolic threshold of the museum, marking the transition from ordinary city life into the solemn commemorative space dedicated to the approximately three million people who died and the untold numbers who suffered during the nine-month Liberation War of 1971. It has burned continuously since the museum's original 1996 inauguration at Segunbagicha.",https://liberationwarmuseumbd.org/gallery/eternal_flame.jpg,https://en.wikipedia.org/wiki/Liberation_War_Museum
Gallery of Heroes — Martyred Intellectuals Exhibit,Liberation War Museum,Historical Document / Memorial Exhibit,"Photographs, personal belongings, documents",1971 CE (events); ongoing exhibit,"Various locations, Dhaka and across Bangladesh",Gallery of Heroes,Room-scale exhibit,Donated by families of martyred intellectuals,"An exhibit dedicated to the Martyred Intellectuals of 1971 — the systematic killing of Bengali doctors, professors, writers, journalists, and other intellectuals carried out by the Pakistani Army and local collaborators (Al-Badr militia) in the final days of the war, most notoriously on 14 December 1971, just two days before the surrender. The exhibit displays photographs, personal belongings, and biographical documents of murdered intellectuals, presenting this targeted intellectual genocide as a calculated attempt to cripple the new nation's leadership capacity. The 'Gallery of Heroes' is among the most emotionally powerful and frequently cited sections of the museum by visitors.",https://liberationwarmuseumbd.org/gallery/martyred_intellectuals.jpg,https://humbo.com/bd/liberation-war-museum
Original Declaration of Independence Documents,Liberation War Museum,Historical Document / Founding Document,Printed and handwritten paper,26 March 1971 CE,Chittagong (Kalurghat radio station) and Dhaka,Gallery 3 — Resistance and Declaration,Various sizes (framed),Liberation War Museum Trust / government archives,"Documents and materials relating to the Declaration of Independence of Bangladesh, proclaimed on 26 March 1971 following the Pakistani Army's crackdown (Operation Searchlight) launched the previous night. The collection includes materials relating to Sheikh Mujibur Rahman's declaration and Major Ziaur Rahman's radio broadcast of the declaration from the Kalurghat radio transmission center near Chittagong. These documents mark the formal beginning of Bangladesh's nine-month armed struggle for independence and are among the most historically significant items in the museum's collection of over 21,000 artifacts.",https://liberationwarmuseumbd.org/gallery/declaration_documents.jpg,https://en.banglapedia.org/index.php/Liberation_War_Museum
Genocide Documentation — 25 March 1971 (Operation Searchlight),Liberation War Museum,Photograph / Historical Document,"Photographic prints, newspaper clippings, eyewitness accounts",25–26 March 1971 CE,"Dhaka (University of Dhaka, Old Dhaka, Rajarbagh)",Gallery 3 — Genocide and Resistance,Various sizes,Liberation War Museum Trust / journalist and survivor donations,"Photographic and documentary evidence of the genocide launched by the Pakistani Army on the night of 25 March 1971 under the codename Operation Searchlight, which targeted the University of Dhaka (killing students and faculty including at Jagannath Hall and Iqbal Hall), the Rajarbagh Police Line, and predominantly Hindu neighborhoods of Old Dhaka. The exhibit presents photographs taken by journalists who managed to document the attacks, newspaper reports from the period, and survivor testimonies. This material forms the evidentiary foundation for understanding the scale and systematic nature of the violence that triggered the full Liberation War.",https://liberationwarmuseumbd.org/gallery/genocide_documentation.jpg,https://en.banglapedia.org/index.php/Liberation_War_Museum
Refugee Crisis Photographs — 1971 Exodus to India,Liberation War Museum,Photograph / Historical Document,Photographic prints,April–December 1971 CE,"Border regions, India-Bangladesh frontier and refugee camps",Gallery 3 — Refugee Crisis,Various sizes,International press archives / donated photographs,"Photographs documenting the massive refugee crisis of 1971, in which an estimated 10 million Bengalis fled across the border into India to escape the violence of the war, creating one of the largest refugee movements in modern history. The images show refugee columns on roads, makeshift camps in West Bengal, Tripura, and Assam, and the humanitarian response from international organizations and the Indian government. This refugee crisis became a major factor in galvanizing international attention and eventually Indian military intervention in December 1971, contributing directly to Bangladesh's liberation.",https://liberationwarmuseumbd.org/gallery/refugee_crisis.jpg,https://www.bangladesh.com/attractions/museums/liberation-war-museum/
Weapons of the Liberation War — Mukti Bahini Arms,Liberation War Museum,Weapon / Military Artifact,"Steel, wood (various firearms and equipment)",1971 CE,Various battle sites across Bangladesh,Resistance and Combat Gallery,Various sizes,Donated by veteran freedom fighters and their families,"A collection of weapons used by the Mukti Bahini (the Bangladeshi guerrilla and regular forces) during the Liberation War, including rifles, grenades, and improvised weapons used by the resistance forces who fought a combination of guerrilla and conventional warfare against the Pakistani Army across the nine sectors of the war. The weapons are displayed alongside maps of the sector organization of the resistance and information on the formation and command structure of the Mukti Bahini, which grew from scattered initial resistance by EPR and Bengal Regiment defectors into an organized force that, with Indian military support, achieved victory in December 1971.",https://liberationwarmuseumbd.org/gallery/mukti_bahini_weapons.jpg,https://www.historyhit.com/locations/the-liberation-war-museum/
Personal Belongings of Freedom Fighters and Victims,Liberation War Museum,Personal Artifact / Memorial Object,"Various (clothing, identification documents, personal items)",1971 CE,Various locations across Bangladesh,Galleries 4–6 — Personal Histories,Various sizes,Donated by families of freedom fighters and war victims,"Personal belongings of freedom fighters and victims of the 1971 war, including clothing, identification cards, letters, and personal effects, collected through the museum's crowd-funded, citizen-led collection effort since its founding. As 'the outcome of a citizens' effort,' the museum has relied on the general public coming forward with artifacts, including personal belongings and even human remains, to build its collection of more than 21,000 items. These deeply personal objects humanize the statistical scale of the war's casualties (estimated at up to three million deaths) by connecting visitors to specific individuals and families affected by the conflict.",https://liberationwarmuseumbd.org/gallery/personal_belongings.jpg,https://en.wikipedia.org/wiki/Liberation_War_Museum
Surrender Document Facsimile — 16 December 1971,Liberation War Museum,Historical Document / Founding Document,Facsimile of original instrument of surrender,16 December 1971 CE,"Race Course Ground (now Suhrawardy Udyan), Dhaka",Gallery 6 — Victory,Document framed,Liberation War Museum Trust / government archives,"A facsimile of the Instrument of Surrender signed on 16 December 1971 at the Race Course Ground in Dhaka, by which Lieutenant General A. A. K. Niazi of the Pakistani Eastern Command surrendered to the Joint Command of Bangladesh and Indian forces under Lieutenant General Jagjit Singh Aurora. This document marks the formal end of the nine-month Liberation War and the birth of independent Bangladesh. The surrender is commemorated annually as Victory Day (Bijoy Dibosh) on 16 December, and its documentation forms the climactic conclusion to the museum's chronological gallery sequence, which begins with Bengali heritage and colonial-era resistance and ends with this moment of national triumph.",https://liberationwarmuseumbd.org/gallery/surrender_document.jpg,https://tourtoday.com.bd/liberation-war-museum-dhaka/
Pre-1971 Heritage Gallery — Bengali Resistance to British Rule,Liberation War Museum,Historical Document / Educational Display,"Photographs, documents, artifacts",18th–20th century CE (pre-independence period),Bengal (under British colonial rule),Gallery 1 — Heritage and Colonial Resistance,Various sizes,Liberation War Museum Trust collection,"Materials from the museum's first gallery, which exhibits the heritage of the Bengali people and their historical struggle against British colonial rule, providing essential historical context for the 1971 war. This gallery situates the Liberation War within a longer narrative of Bengali political resistance, beginning with opposition to British rule and continuing through the partition of 1947 and the subsequent grievances under Pakistani rule (1947–1971) documented in Gallery 2. By beginning the museum's narrative arc more than two centuries before 1971, the curators position the Liberation War as the culmination of a long historical process of Bengali political self-assertion.",https://liberationwarmuseumbd.org/gallery/colonial_heritage.jpg,https://tourtoday.com.bd/liberation-war-museum-dhaka/
Library and Study Center Archive — War Documentation,Liberation War Museum,Document / Research Archive,"Books, periodicals, microfilm, digital archives",1971 CE – present,"Liberation War Museum, Agargaon, Dhaka",Library and Study Center,Various formats,Liberation War Museum Trust research program,"The Liberation War Museum's library and study center, containing books, magazines, periodicals, and other research materials about the Bangladesh Liberation War and the broader history of Bangladesh. The library supports the museum's educational mission and serves researchers, students, and the general public seeking deeper engagement with the war's history beyond the exhibition galleries. The museum also operates a mobile mini-museum that travels to schools across different regions of Bangladesh, extending its educational reach to communities and young people who may not be able to visit the Dhaka facility, fulfilling the institution's mission to ensure that the memory of the Liberation War is transmitted to future generations.",https://liberationwarmuseumbd.org/gallery/library_archive.jpg,https://royalbengaltours.com/destinations/museums-of-bangladesh/
Nakshi Kantha — Embroidered Quilt (Lokayon Collection),Lokayon Museum,Textile / Folk Art,"Cotton, colored thread embroidery",Late 19th – early 20th century CE,Mymensingh / Faridpur region,Folk Textile Gallery,~150 × 120 cm,Lokayon Museum collection / donations,"A nakshi kantha from the Lokayon Museum collection — one of the museum's examples of Bangladesh's most celebrated folk textile art. The word 'lokayon' itself means 'folk world' or 'folk culture' in Bengali, and the museum's mission is the systematic collection and preservation of objects from the material culture of ordinary Bengali life. This kantha exemplifies that mission: a quilt made from old sari cloth by a rural woman, transformed through embroidery into a work of art. The patterns include a central sun motif surrounded by floral and animal borders. Lokayon Museum collects folk objects that would otherwise be discarded or lost, preserving the creative heritage of ordinary people alongside the monumental heritage of elite culture.",https://lokayon-museum.gov.bd/gallery/nakshi_kantha.jpg,https://en.wikipedia.org/wiki/List_of_museums_in_Bangladesh
Folk Pottery — Kumor Community Collection,Lokayon Museum,Ceramic / Folk Craft,"Fired earthenware, natural pigments",19th–20th century CE,Various regions of Bangladesh,Folk Craft Gallery,Various sizes,Donated by kumor (potter) communities / museum field collection,"A collection of folk pottery from the kumor (potter) communities of Bangladesh, including ritual objects (mangal ghat — auspicious water pots, Lakshmi and Shiva figurines), household vessels (kalshi, handi, patil), and decorative pieces (painted clay horses and elephants). The kumor caste has been producing pottery in Bengal for thousands of years, maintaining techniques and forms with ancient continuity while adapting to changing markets and tastes. Lokayon Museum's pottery collection represents multiple regional traditions: the red-washed pottery of Comilla, the black pottery of Rajshahi, and the white-painted pieces of Sylhet. The collection documents a craft tradition under severe economic pressure from factory-made alternatives.",https://lokayon-museum.gov.bd/gallery/folk_pottery.jpg,https://en.wikipedia.org/wiki/List_of_museums_in_Bangladesh
Rickshaw and Transport Art Collection,Lokayon Museum,Decorative Art / Urban Folk Art,Enamel paint on metal; wood carvings,20th century CE,Dhaka and other cities of Bangladesh,Urban Folk Art Gallery,Various sizes,Museum field collection / donations,"A collection of decorated transport objects representing Bangladesh's unique tradition of painted and decorated public vehicles, including rickshaw back panels, hand-pulled cart decorations, and cycle van adornments. Rickshaw art is Bangladesh's most distinctive urban folk art form, transforming functional vehicles into mobile artworks through bright enamel painting, tinsel decorations, and narrative imagery. The collection includes panels depicting landscapes, animals, film stars, historical events, and religious imagery. Lokayon Museum collects rickshaw art as a legitimate and important folk art tradition that captures the intersection of urban culture, folk imagery, and popular aesthetics in Bangladesh's cities.",https://lokayon-museum.gov.bd/gallery/rickshaw_art.jpg,https://en.wikipedia.org/wiki/List_of_museums_in_Bangladesh
Agricultural and Domestic Tools — Rural Life Collection,Lokayon Museum,Agricultural / Domestic Tool,"Iron, wood, bamboo, cane",19th–20th century CE,Various regions of Bangladesh,Rural Life Gallery,Various sizes,Museum field collection from rural Bangladesh,"A comprehensive collection of agricultural and domestic tools representing the material culture of rural life in Bangladesh, including wooden ploughs (hal), iron sickles (kaste), bamboo winnowing trays (kula), paddy-husking mortars (dheki), spinning wheels (chakra), and weaving implements. These are the tools of everyday life and labor in the Bengali village — the instruments with which rice was grown and processed, cloth was woven, and households were maintained. The Lokayon Museum collects these 'ordinary' objects with the same care as more prestigious art objects, recognizing that the history of ordinary people is as important as the history of kings and aristocrats.",https://lokayon-museum.gov.bd/gallery/rural_tools.jpg,https://en.wikipedia.org/wiki/List_of_museums_in_Bangladesh
Traditional Games and Toys — Children's Folk Culture,Lokayon Museum,Toy / Game / Folk Artifact,"Clay, wood, bamboo, fabric",19th–20th century CE,Various regions of Bangladesh,Folk Culture Gallery,Various sizes,Museum field collection / donations,"A collection of traditional children's games and toys from rural and urban Bangladesh, including clay dolls (mati putul), wooden spinning tops (lattu), bamboo kites (ghuri), marbles (golok), a bamboo hobby horse, and cloth rag dolls. Traditional Bengali children's toys are a significant but often overlooked category of folk craft, made by parents and toy-makers using locally available materials. The collection documents the play culture of Bengali children before the dominance of plastic factory toys and preserves evidence of the skills and imagination involved in handmade toy production. Several of the toys are associated with specific festivals — kites with Sakrain, marbles with the monsoon season.",https://lokayon-museum.gov.bd/gallery/folk_toys.jpg,https://en.wikipedia.org/wiki/List_of_museums_in_Bangladesh
Fishing Equipment — Inland Water Folk Culture,Lokayon Museum,Fishing Equipment / Ethnographic Artifact,"Bamboo, cane, nylon, jute",Traditional (20th century),Rivers and wetlands of Bangladesh,Rural Life Gallery,Various sizes,Donated by fishing communities / museum field collection,"Traditional fishing equipment from the inland water fishing communities of Bangladesh, including a polo (conical bamboo trap), a chaluni (cylindrical wicker trap), a bana (bamboo basket trap), a jhaki jal (cast net), and a traditional baited line. Bangladesh's extensive network of rivers, haors, beels, and floodplains supports a vast inland fishing tradition, and the tools used are adapted to the specific conditions of each water body. The Lokayon Museum collects fishing equipment as evidence of the traditional ecological knowledge of Bangladesh's fishing communities — knowledge that is increasingly under threat from overfishing and habitat loss.",https://lokayon-museum.gov.bd/gallery/fishing_equipment.jpg,https://en.wikipedia.org/wiki/List_of_museums_in_Bangladesh
Folk Music and Performance Artifacts,Lokayon Museum,Musical Instrument / Performance Artifact,"Various (wood, animal skin, bamboo, metal)",19th–20th century CE,Various regions of Bangladesh,Folk Performance Gallery,Various sizes,Donated by folk artists / museum field collection,"Traditional folk musical instruments and performance artifacts from Bangladesh's diverse folk music traditions, including instruments associated with jatra (folk theater), kirtan (devotional music), baul (mystic song), and bhatiyali (boatmen's songs). The collection includes a khol (barrel drum for kirtan), a jhanjh (finger cymbals), a sarod-type bowed lute (sarangi), and a bamboo pungi (snake-charmer's instrument). Folk performance is central to the cultural life of rural Bangladesh, marking festivals, life events, and seasonal celebrations. The Lokayon Museum documents these performance traditions as living heritage and collects their material artifacts to preserve evidence of their practice.",https://lokayon-museum.gov.bd/gallery/folk_performance.jpg,https://en.wikipedia.org/wiki/List_of_museums_in_Bangladesh
Traditional Ornaments and Body Decoration,Lokayon Museum,Personal Ornament / Folk Craft,"Silver, glass, lacquer, bone, shell",19th–20th century CE,Various regions of Bangladesh,Folk Craft Gallery,Various sizes,Donated by communities / museum field collection,"A collection of traditional ornaments and body decoration items from different communities across Bangladesh, including the distinctive conch-shell bangles (shakha) and red lacquer bangles (pola) of Bengali Hindu married women, the glass bangle sets of Muslim women, silver anklets, nose rings of different regional styles, and the shell and bead ornaments of tribal communities. The collection represents the diversity of body adornment traditions across Bangladesh's social and religious communities and documents the craft skills of the specialist artisans — shankhari (conch-shell craftsmen), mali (garland makers), and silver-smiths — who produce these objects. The shakha-pola bangle set is among the most culturally loaded objects in Bengali folk culture, inseparable from the identity of a married Hindu woman.",https://lokayon-museum.gov.bd/gallery/folk_ornaments.jpg,https://en.wikipedia.org/wiki/List_of_museums_in_Bangladesh
Photograph Album — Mohammad Ali with World Leaders,Mohammad Ali Palace Museum,Photograph / Historical Document,"Silver gelatin photographic prints, bound album",1953–1957 CE,Bogra / international diplomatic venues,Main Memorial Gallery,Album ~40 × 30 cm,Nawab family donation,"A bound photograph album documenting Mohammad Ali of Bogra (Mohammad Ali Bogra, 1909–1963) — Prime Minister of Pakistan from 1953 to 1955 — in meetings with world leaders including Queen Elizabeth II, U.S. President John F. Kennedy, and Indian Prime Minister Jawaharlal Nehru. Mohammad Ali Bogra was the grandson of Nawab Altaf Ali and a member of the prominent Nawab family of Bogra. His premiership came during a critical early period of Pakistani statehood, and his international diplomatic engagements placed Bogra's Nawab family at the center of South Asian and global politics in the 1950s. The album is one of the centerpiece exhibits of the museum, illustrating the family's national and international significance.",https://mohammad-ali-palace-museum.gov.bd/gallery/world_leaders.jpg,https://www.thedailystar.net/news-detail-49539
East India Company Period Coins,Mohammad Ali Palace Museum,Coin / Numismatic Artifact,"Silver, Copper",18th–19th century CE (East India Company period),Bogra Nawab family estate,Numismatic Gallery,Various sizes,Nawab family collection,"A collection of coins dating to the East India Company period (1757–1858), preserved as part of the Nawab family's historical collection at the Palace Museum. The coins include Company-issued sicca rupees and subsidiary copper coinage that circulated in Bengal during the era when the Bogra Nawab family's predecessors were establishing their position as a prominent zamindari and administrative family in northern Bengal. The coin collection reflects the family's nearly two-century continuous presence in Bogra and their participation in the colonial-era economy as substantial landholders and, later, government officials.",https://mohammad-ali-palace-museum.gov.bd/gallery/eic_coins.jpg,https://www.thedailystar.net/news-detail-49539
Antique Firearms — Nawab Family Collection,Mohammad Ali Palace Museum,Weapon / Historical Artifact,"Steel, wood, brass",19th century CE,"Nawab Palace, Bogra",Heritage Arms Gallery,Various sizes,Nawab family donation,"A collection of antique guns from the Nawab family's historical armory, including flintlock and percussion-cap firearms typical of 19th-century Bengal zamindari households. As a prominent landowning family with administrative responsibilities, the Bogra Nawabs maintained arms for personal security, hunting, and ceremonial display. The firearms collection is displayed in the historic Nawab Palace alongside other artifacts of the family's elite domestic life, illustrating the material culture of a northern Bengal nawabi household across multiple generations leading up to Mohammad Ali Bogra's 20th-century political prominence.",https://mohammad-ali-palace-museum.gov.bd/gallery/antique_firearms.jpg,https://www.thedailystar.net/news-detail-49539
Rare Book Collection — 100 Years Old,Mohammad Ali Palace Museum,Book / Literary Artifact,"Printed paper, leather and cloth binding",Late 19th – early 20th century CE,"Nawab Palace library, Bogra",Library Heritage Gallery,Various sizes,Nawab family donation,"A collection of rare books, approximately 100 years old, preserved from the personal library of the Bogra Nawab family. The collection includes works of Bengali and English literature, religious texts, and reference works that reflect the educated, cosmopolitan character of the Nawab household. The family's commitment to education and literary culture is reflected in this collection, which provided the intellectual environment in which Mohammad Ali Bogra and other family members were raised before later generations pursued careers in national and international politics, administration, and diplomacy.",https://mohammad-ali-palace-museum.gov.bd/gallery/rare_books.jpg,https://www.thedailystar.net/news-detail-49539
Nawab Family Costumes and Clothing,Mohammad Ali Palace Museum,Textile / Personal Artifact,"Silk, cotton, embroidered fabric",Late 19th – mid 20th century CE,"Nawab Palace, Bogra",Heritage Costume Gallery,Various sizes,Nawab family donation,"A collection of traditional and formal costumes and clothing belonging to members of the Bogra Nawab family, spanning from the late 19th century through Mohammad Ali Bogra's diplomatic career in the mid-20th century. The costumes include formal sherwanis, ceremonial robes, and items of Western-style formal dress worn for state occasions and diplomatic functions. The clothing collection documents the sartorial evolution of an elite Bengali Muslim family across the transition from colonial-era zamindari status to post-independence national political leadership, reflecting both Islamic cultural traditions and the cosmopolitan, internationally engaged identity of the later generations.",https://mohammad-ali-palace-museum.gov.bd/gallery/family_costumes.jpg,https://www.thedailystar.net/news-detail-49539
Terracotta Decorative Panels — Palace Architecture,Mohammad Ali Palace Museum,Architectural Fragment / Decorative Art,Fired terracotta,19th century CE,"Nawab Palace, Karatoya riverbank, Bogra",Architectural Heritage Gallery,Various sizes,Original palace architectural elements,"Well-decorated terracotta panels from the architectural fabric of the Nawab Palace, the historic two-storied building constructed on the western bank of the Karatoya River that now houses the Mohammad Ali Palace Museum. The palace building, over 180 years old, has eight rooms and nine doors on its upper floor and sixteen rooms and thirteen doors on the ground floor. The terracotta decoration reflects the architectural ambitions of the Nawab family in establishing their residence as a landmark of Bogra city. The palace was officially declared a Preserved Antiquity by the Department of Archaeology in May 2016, recognizing its historical and architectural significance.",https://mohammad-ali-palace-museum.gov.bd/gallery/terracotta_panels.jpg,https://en.wikipedia.org/wiki/Mohammed_Ali_Palace_Museum
Sculptures by Aminul Karim Dulal,Mohammad Ali Palace Museum,Sculpture / Contemporary Art,Various sculptural media,20th century CE,"Commissioned for Palace Museum, Bogra",Art and Sculpture Gallery,Various sizes,Commissioned for museum display,"Sculptures created by the prominent Bangladeshi artist Aminul Karim Dulal, who designed several statues and structures now on display at the Palace Museum, including paper-made eye-catching statues described as among the museum's notable attractions. One room of the museum has been specially decorated with paintings of Nawab family members alongside Dulal's sculptural works. This combination of family portraiture and contemporary sculptural art reflects the museum's dual mission: preserving the specific history of the Nawab family of Bogra while also serving as a venue for Bangladeshi artistic expression and a cultural attraction for the wider public, especially young visitors learning about regional history.",https://mohammad-ali-palace-museum.gov.bd/gallery/dulal_sculptures.jpg,https://www.thedailystar.net/news-detail-49539
Family Portrait Paintings — Nawab Lineage,Mohammad Ali Palace Museum,Painting / Portrait,Oil on canvas,20th century CE,"Nawab Palace, Bogra",Art and Sculpture Gallery,Various sizes (framed),Nawab family commission / donation,"A series of portrait paintings depicting members of the Nawab family of Bogra across multiple generations, displayed in a dedicated room of the Palace Museum. The portraits trace the family lineage from Nawab Altaf Ali through to Mohammad Ali Bogra, documenting the family's evolution from regional zamindari aristocracy to national political leadership. The 180-year-old Nawab Palace itself is dedicated to the memory of both Mohammad Ali and the broader Nawab family, who are remembered for contributions to improving local living conditions in the Bogra region. The portrait gallery provides visual continuity to the family's multi-generational story alongside the documentary photographs and personal artifacts displayed elsewhere in the museum.",https://mohammad-ali-palace-museum.gov.bd/gallery/family_portraits.jpg,https://www.thedailystar.net/news-detail-49539
Furniture Collection — Nawab Palace Interiors,Mohammad Ali Palace Museum,Furniture,"Teak wood, cane, upholstery",Late 19th – early 20th century CE,"Nawab Palace, Bogra",Heritage Interiors Gallery,Various sizes,Original palace inventory,"Furniture preserved from the original interiors of the Nawab Palace, including pieces from the family's reception rooms and private quarters. The furniture reflects the domestic material culture of a wealthy northern Bengal Muslim aristocratic household across the late colonial and early independence periods. As the largest family museum in northern Bangladesh, the Palace Museum places particular emphasis on these domestic artifacts to give visitors — especially the young students who form a large part of the museum's visitorship — a tangible sense of how the Nawab family lived, distinct from the more abstract political history represented by the photographs and documents elsewhere in the collection.",https://mohammad-ali-palace-museum.gov.bd/gallery/palace_furniture.jpg,https://www.thedailystar.net/news-detail-49539
Nawab Family Graves and Memorial Site Documentation,Mohammad Ali Palace Museum,Historical Documentation / Memorial Site,"Photographs, inscriptions, site plans",19th–20th century CE,"Nawab Palace grounds, Bogra",Memorial Grounds,"Site documentation, various formats",Department of Archaeology / Bogra District administration,"Documentation of the graves of Nawab family members located within the Palace Museum grounds, which include the palace, an amusement park, a market, and the family burial site. Photographs and site plans document the location and inscriptions of the family graves, providing genealogical and historical information that complements the indoor exhibits. The park surrounding the palace, with its seventy-one trees and three ornamental gateways (including one with a clock and searchlight), forms an integrated heritage landscape with the museum buildings, all situated on the eastern bank of the Karatoya River near Satmatha — the historic commercial center of Bogra city.",https://mohammad-ali-palace-museum.gov.bd/gallery/family_graves.jpg,https://en.wikipedia.org/wiki/Mohammed_Ali_Palace_Museum
Portrait of Munshi Abdur Rouf (Birshreshtha),Birshreshtha Munshi Abdur Rouf Library and Museum,Portrait / Historical Document,Oil on canvas / photographic print,1971 CE (subject); portrait commissioned 2008 CE,"Roufnagar (Salamatpur), Modhukhali, Faridpur",Main Memorial Gallery,~60 × 45 cm framed,Bangladesh National Museum / Liberation War archives,"A formal portrait of Lance Nayek Munshi Abdur Rouf (8 May 1943 – 20 April 1971), recipient of Bangladesh's highest military honor, Bir Sreshtho, for his extraordinary bravery during the Liberation War of 1971. Abdur Rouf served in the 11th Wing of the East Pakistan Rifles and died on 20 April 1971 at Burighat in the Chittagong Hill Tracts, holding back Pakistani Army forces with his machine gun until he was killed, enabling his comrades to retreat to safety. Born in Salamatpur (now Roufnagar) in Faridpur, he is one of only seven freedom fighters awarded the Bir Sreshtho — the nation's highest gallantry award. The portrait is the central exhibit of the museum, placed at the entrance where all visitors pass.",https://rouf-museum.gov.bd/gallery/portrait.jpg,https://en.wikipedia.org/wiki/Munshi_Abdur_Rouf
Military Uniform and Insignia (Replica),Birshreshtha Munshi Abdur Rouf Library and Museum,Military Artifact / Memorial Object,"Khaki fabric, metal insignia (replica)",1971 CE (original period); replica commissioned 2008,"East Pakistan Rifles uniform standard, 1971",Military Heritage Gallery,Standard EPR uniform size,Bangladesh Border Guard / Liberation War archives,"A replica of the East Pakistan Rifles (EPR) uniform and insignia of the type worn by Lance Nayek Munshi Abdur Rouf during the 1971 Liberation War. The uniform consists of the standard khaki EPR field dress with the rank insignia of Lance Nayek (one stripe) on the sleeve. The EPR (now the Border Guard Bangladesh / BGB) was the paramilitary force in which Rouf served. On 25–26 March 1971, when the Pakistani Army launched Operation Searchlight, EPR soldiers like Rouf joined the resistance immediately, forming the backbone of the early guerrilla forces of Sector 1. The uniform is displayed alongside a map showing the Chittagong Hill Tracts theater of operations where Rouf fought and died.",https://rouf-museum.gov.bd/gallery/uniform.jpg,https://en.wikipedia.org/wiki/Munshi_Abdur_Rouf
Machine Gun (LMG) — Type Used by Abdur Rouf (Replica),Birshreshtha Munshi Abdur Rouf Library and Museum,Military Artifact / Weapon (Replica),Steel (deactivated replica),1971 CE (original period); replica 2008,"Liberation War theater, Chittagong Hill Tracts",Military Heritage Gallery,~120 cm length,Bangladesh Army / Liberation War Museum archives,"A deactivated replica of the Light Machine Gun (LMG) of the type used by Lance Nayek Munshi Abdur Rouf in his final battle at Burighat on 20 April 1971. According to Liberation War records, Rouf single-handedly manned his LMG post against a Pakistani Army assault, continuing to fire even after he was wounded, enabling his sector to hold and his comrades to reach safety. He died at his post. The LMG display is accompanied by a detailed narrative of the Burighat battle and the tactical context of Sector 1 operations in the Chittagong Hill Tracts during April 1971. This exhibit is the most emotionally charged in the museum.",https://rouf-museum.gov.bd/gallery/lmg.jpg,https://en.wikipedia.org/wiki/Munshi_Abdur_Rouf
Bir Sreshtho Award Citation and Medal (Replica),Birshreshtha Munshi Abdur Rouf Library and Museum,Award / Historical Document,Printed parchment; metal medal (replica),1971 CE (award); replica commissioned 2008,Government of Bangladesh archives,Main Memorial Gallery,Citation: A3 framed; Medal: diameter ~5 cm,Bangladesh National Museum,"A replica of the Bir Sreshtho citation and gallantry medal — Bangladesh's highest military honor — awarded posthumously to Munshi Abdur Rouf by the Government of Bangladesh. The Bir Sreshtho (Supreme Hero) is the highest of Bangladesh's six valour awards, given for the most conspicuous bravery. Only seven freedom fighters received it during the 1971 Liberation War; all seven are now celebrated as national heroes. The citation documents Rouf's specific act of bravery at Burighat. The original medal and citation are held by the family; the museum displays a high-quality replica alongside the official gazette notification of the award. A panel explains the Bir Sreshtho award system and profiles all seven recipients.",https://rouf-museum.gov.bd/gallery/medal.jpg,https://en.wikipedia.org/wiki/Munshi_Abdur_Rouf
Photographs — Liberation War Sector 1 Operations,Birshreshtha Munshi Abdur Rouf Library and Museum,Photograph / Historical Document,Black and white photographic prints,1971 CE,"Chittagong Hill Tracts, Sector 1",Liberation War Gallery,Various sizes (wall-mounted),Liberation War archives / donated by sector veterans,"A collection of photographs documenting the operations of Sector 1 of the 1971 Bangladesh Liberation War — the sector in which Munshi Abdur Rouf served and died. The photographs include images of EPR guerrilla fighters, the landscape of the Chittagong Hill Tracts theater, and Liberation War memorial sites. Sector 1 covered the Chittagong and Hill Tracts region and was commanded by Major Ziaur Rahman (later President of Bangladesh) in the early weeks of the war. The photographs are displayed with detailed captions tracing the military history of the sector and contextualizing Rouf's sacrifice within the broader liberation struggle.",https://rouf-museum.gov.bd/gallery/sector1_photos.jpg,https://en.wikipedia.org/wiki/Munshi_Abdur_Rouf
Mother's Testimony — Mokidunnesa (Recorded Document),Birshreshtha Munshi Abdur Rouf Library and Museum,Personal Testimony / Historical Document,Printed text; audio recording (digitized),2008 CE (recorded at museum inauguration),"Roufnagar, Modhukhali, Faridpur",Main Memorial Gallery,Document framed; audio available,Museum oral history project,"A printed record and digitized audio recording of the testimony of Mokidunnesa — the mother of Munshi Abdur Rouf — given at the museum's inauguration ceremony on 28 May 2008. Mokidunnesa attended the inauguration as a special guest and spoke about her son's childhood, his service in the EPR, and the news of his death. Her account is one of the most direct personal testimonies relating to any of the seven Bir Sreshtho recipients and provides a human dimension to the heroic narrative. The document is displayed alongside a photograph of the inauguration ceremony showing Mokidunnesa with government officials. Her presence at the opening was one of the most moving moments in the museum's history.",https://rouf-museum.gov.bd/gallery/mothers_testimony.jpg,https://www.thedailystar.net/news-detail-38365
Village History Display — Roufnagar (Salamatpur),Birshreshtha Munshi Abdur Rouf Library and Museum,Educational Display / Local History,"Photographs, maps, text panels",Contemporary (21st century),"Roufnagar, Modhukhali, Faridpur",Local Heritage Gallery,Wall-mounted display,Faridpur District administration / museum research team,"An educational display documenting the history of Roufnagar village (formerly Salamatpur) — the birthplace of Munshi Abdur Rouf — including historical photographs, a map of the area, and text panels on the village's geography, demography, and economy. The display traces the village's history from its colonial-era name Salamatpur through its renaming as Roufnagar in honor of the Bir Sreshtho hero. The village is located in Modhukhali Upazila of Faridpur District on the banks of the Padma River, and the display includes information on the river's influence on the local economy and culture. The museum is positioned very close to the river bank, and river erosion has been a documented threat to the museum building.",https://rouf-museum.gov.bd/gallery/village_history.jpg,https://www.newagebd.net/print/article/4748
Liberation War Book Collection — Library,Birshreshtha Munshi Abdur Rouf Library and Museum,Book / Library Collection,"Printed books, various publishers",1972 CE – present,"Roufnagar, Modhukhali, Faridpur",Library Section,Various sizes,Government of Bangladesh; donated by public,"The museum's integrated library collection, comprising books on the Bangladesh Liberation War, the seven Bir Sreshtho heroes, military history, the history of Faridpur district, and Bengali literature. The library was established alongside the museum in 2008 as part of the government's initiative to open ten memorial museums in honor of the Bir Sreshtho recipients and language martyrs. The collection includes published memoirs of Liberation War sector commanders, official government publications on the war, biographies of Munshi Abdur Rouf, and a selection of Bengali literature. The library is open to local students and researchers and serves an educational function complementary to the museum's memorial role.",https://rouf-museum.gov.bd/gallery/library.jpg,https://en.wikipedia.org/wiki/Birshreshtha_Munshi_Abdur_Rouf_Library_and_Museum
Map of Bangladesh Liberation War (1971) — All Sectors,Birshreshtha Munshi Abdur Rouf Library and Museum,Educational Display / Cartographic Document,"Printed / painted map, laminated",Contemporary (21st century),"Roufnagar, Modhukhali, Faridpur",Liberation War Gallery,~120 × 90 cm (wall-mounted),Bangladesh National Museum / museum production,"A large wall map of Bangladesh showing the eleven sectors of the 1971 Liberation War, with Sector 1 (Munshi Abdur Rouf's sector, covering Chittagong and Hill Tracts) highlighted. The map shows the major battle sites, guerrilla bases, Pakistani Army positions, and refugee routes. It provides essential geographical context for visitors to understand the strategic situation of the liberation struggle and the specific location of the Burighat battle where Rouf died. The map is accompanied by a timeline of the key events of the war from 25 March to 16 December 1971 and photographs of major liberation war sites across all eleven sectors.",https://rouf-museum.gov.bd/gallery/war_map.jpg,https://en.wikipedia.org/wiki/Munshi_Abdur_Rouf
Personal Effects — Childhood Artifacts from Roufnagar,Birshreshtha Munshi Abdur Rouf Library and Museum,Personal Artifact / Memorial Object,"Various (household items, personal effects)",Mid-20th century (1943–1963),"Roufnagar, Modhukhali, Faridpur",Main Memorial Gallery,Various sizes,Donated by Munshi Abdur Rouf family,"A small collection of personal effects and childhood artifacts associated with Munshi Abdur Rouf's early life in Roufnagar, donated by his family for the museum collection. The items include a childhood photograph, a school exercise book, and simple household objects from the family home. These personal items humanize the heroic narrative of the museum, showing Abdur Rouf not only as a military hero but as a son, student, and village boy who grew up in ordinary rural circumstances in Faridpur. The display is accompanied by a brief biography tracing Rouf's life from his birth on 8 May 1943 through his enlistment in the EPR on 8 May 1963 (his 20th birthday) to his death at age 27 in 1971.",https://rouf-museum.gov.bd/gallery/personal_effects.jpg,https://en.wikipedia.org/wiki/Munshi_Abdur_Rouf
